0 verbose cli /home/jermeine/.nvm/versions/node/v24.18.0/bin/node /home/jermeine/.nvm/versions/node/v24.18.0/bin/npm
1 info using npm@11.16.0
2 info using node@v24.18.0
3 silly config load:file:/home/jermeine/.nvm/versions/node/v24.18.0/lib/node_modules/npm/npmrc
4 silly config load:file:/home/jermeine/Documentos/UI/sorteo-app/.npmrc
5 silly config load:file:/home/jermeine/Documentos/UI/sorteo-app/.npm-home/.npmrc
6 silly config load:file:/home/jermeine/.nvm/versions/node/v24.18.0/etc/npmrc
7 verbose title npm install
8 verbose argv "install" "--include" "dev" "--no-audit" "--no-fund"
9 verbose logfile logs-max:10 dir:/home/jermeine/Documentos/UI/sorteo-app/.npm-cache/_logs/2026-08-13T04_41_09_985Z-
10 verbose logfile /home/jermeine/Documentos/UI/sorteo-app/.npm-cache/_logs/2026-08-13T04_41_09_985Z-debug-0.log
11 silly logfile done cleaning log files
12 silly packumentCache heap:2348810240 maxSize:587202560 maxEntrySize:293601280
13 silly idealTree buildDeps
14 silly fetch manifest @expo/ui@~57.0.10
15 silly packumentCache full:https://registry.npmjs.org/@expo%2fui cache-miss
16 http fetch GET 200 https://registry.npmjs.org/npm 721ms
17 http fetch GET 200 https://registry.npmjs.org/@expo%2fui 702ms (cache miss)
18 silly packumentCache full:https://registry.npmjs.org/@expo%2fui set size:undefined disposed:false
19 silly fetch manifest @babel/core@*
20 silly packumentCache full:https://registry.npmjs.org/@babel%2fcore cache-miss
21 http fetch GET 200 https://registry.npmjs.org/@babel%2fcore 163ms (cache miss)
22 silly packumentCache full:https://registry.npmjs.org/@babel%2fcore set size:undefined disposed:false
23 silly fetch manifest expo@~57.0.12
24 silly packumentCache full:https://registry.npmjs.org/expo cache-miss
25 http fetch GET 200 https://registry.npmjs.org/expo 440ms (cache miss)
26 silly packumentCache full:https://registry.npmjs.org/expo set size:undefined disposed:false
27 silly fetch manifest @expo/metro-runtime@*
28 silly packumentCache full:https://registry.npmjs.org/@expo%2fmetro-runtime cache-miss
29 http fetch GET 200 https://registry.npmjs.org/@expo%2fmetro-runtime 150ms (cache miss)
30 silly packumentCache full:https://registry.npmjs.org/@expo%2fmetro-runtime set size:undefined disposed:false
31 silly fetch manifest react@19.2.3
32 silly packumentCache full:https://registry.npmjs.org/react cache-miss
33 http fetch GET 200 https://registry.npmjs.org/react 589ms (cache miss)
34 silly packumentCache full:https://registry.npmjs.org/react set size:undefined disposed:false
35 silly fetch manifest react-dom@19.2.3
36 silly packumentCache full:https://registry.npmjs.org/react-dom cache-miss
37 http fetch GET 200 https://registry.npmjs.org/react-dom 643ms (cache miss)
38 silly packumentCache full:https://registry.npmjs.org/react-dom set size:undefined disposed:false
39 silly fetch manifest react-native@0.86.2
40 silly packumentCache full:https://registry.npmjs.org/react-native cache-miss
41 http fetch GET 200 https://registry.npmjs.org/react-native 1081ms (cache miss)
42 silly packumentCache full:https://registry.npmjs.org/react-native set size:undefined disposed:false
43 silly fetch manifest @react-native/jest-preset@0.86.2
44 silly packumentCache full:https://registry.npmjs.org/@react-native%2fjest-preset cache-miss
45 http fetch GET 200 https://registry.npmjs.org/@react-native%2fjest-preset 146ms (cache miss)
46 silly packumentCache full:https://registry.npmjs.org/@react-native%2fjest-preset set size:undefined disposed:false
47 silly fetch manifest @types/react@~19.2.2
48 silly packumentCache full:https://registry.npmjs.org/@types%2freact cache-miss
49 http fetch GET 200 https://registry.npmjs.org/@types%2freact 354ms (cache miss)
50 silly packumentCache full:https://registry.npmjs.org/@types%2freact set size:undefined disposed:false
51 silly fetch manifest react-native-web@~0.21.0
52 silly packumentCache full:https://registry.npmjs.org/react-native-web cache-miss
53 http fetch GET 200 https://registry.npmjs.org/react-native-web 196ms (cache miss)
54 silly packumentCache full:https://registry.npmjs.org/react-native-web set size:undefined disposed:false
55 silly fetch manifest react-native-webview@*
56 silly packumentCache full:https://registry.npmjs.org/react-native-webview cache-miss
57 http fetch GET 200 https://registry.npmjs.org/react-native-webview 214ms (cache miss)
58 silly packumentCache full:https://registry.npmjs.org/react-native-webview set size:undefined disposed:false
59 silly fetch manifest react-native-worklets@0.10.1
60 silly packumentCache full:https://registry.npmjs.org/react-native-worklets cache-miss
61 http fetch GET 200 https://registry.npmjs.org/react-native-worklets 262ms (cache miss)
62 silly packumentCache full:https://registry.npmjs.org/react-native-worklets set size:undefined disposed:false
63 silly fetch manifest @react-native/metro-config@*
64 silly packumentCache full:https://registry.npmjs.org/@react-native%2fmetro-config cache-miss
65 http fetch GET 200 https://registry.npmjs.org/@react-native%2fmetro-config 290ms (cache miss)
66 silly packumentCache full:https://registry.npmjs.org/@react-native%2fmetro-config set size:undefined disposed:false
67 silly fetch manifest @hookform/resolvers@^5.7.1
68 silly packumentCache full:https://registry.npmjs.org/@hookform%2fresolvers cache-miss
69 http fetch GET 200 https://registry.npmjs.org/@hookform%2fresolvers 225ms (cache miss)
70 silly packumentCache full:https://registry.npmjs.org/@hookform%2fresolvers set size:undefined disposed:false
71 silly fetch manifest @sinclair/typebox@>=0.25.24
72 silly packumentCache full:https://registry.npmjs.org/@sinclair%2ftypebox cache-miss
73 http fetch GET 200 https://registry.npmjs.org/@sinclair%2ftypebox 220ms (cache miss)
74 silly packumentCache full:https://registry.npmjs.org/@sinclair%2ftypebox set size:undefined disposed:false
75 silly fetch manifest @standard-schema/spec@^1.0.0
76 silly packumentCache full:https://registry.npmjs.org/@standard-schema%2fspec cache-miss
77 http fetch GET 200 https://registry.npmjs.org/@standard-schema%2fspec 90ms (cache miss)
78 silly packumentCache full:https://registry.npmjs.org/@standard-schema%2fspec set size:undefined disposed:false
79 silly fetch manifest @typeschema/main@>=0.13.7
80 silly packumentCache full:https://registry.npmjs.org/@typeschema%2fmain cache-miss
81 http fetch GET 200 https://registry.npmjs.org/@typeschema%2fmain 127ms (cache miss)
82 silly packumentCache full:https://registry.npmjs.org/@typeschema%2fmain set size:undefined disposed:false
83 silly fetch manifest @typeschema/arktype@0.14.0
84 silly packumentCache full:https://registry.npmjs.org/@typeschema%2farktype cache-miss
85 http fetch GET 200 https://registry.npmjs.org/@typeschema%2farktype 202ms (cache miss)
86 silly packumentCache full:https://registry.npmjs.org/@typeschema%2farktype set size:undefined disposed:false
87 silly fetch manifest arktype@^2.0.0-rc.0
88 silly packumentCache full:https://registry.npmjs.org/arktype cache-miss
89 http fetch GET 200 https://registry.npmjs.org/arktype 195ms (cache miss)
90 silly packumentCache full:https://registry.npmjs.org/arktype set size:undefined disposed:false
91 silly fetch manifest @typeschema/class-validator@0.3.0
92 silly packumentCache full:https://registry.npmjs.org/@typeschema%2fclass-validator cache-miss
93 http fetch GET 200 https://registry.npmjs.org/@typeschema%2fclass-validator 510ms (cache miss)
94 silly packumentCache full:https://registry.npmjs.org/@typeschema%2fclass-validator set size:undefined disposed:false
95 silly fetch manifest class-validator@^0.14.1
96 silly packumentCache full:https://registry.npmjs.org/class-validator cache-miss
97 http fetch GET 200 https://registry.npmjs.org/class-validator 93ms (cache miss)
98 silly packumentCache full:https://registry.npmjs.org/class-validator set size:undefined disposed:false
99 silly fetch manifest @typeschema/deepkit@0.14.0
100 silly packumentCache full:https://registry.npmjs.org/@typeschema%2fdeepkit cache-miss
101 http fetch GET 200 https://registry.npmjs.org/@typeschema%2fdeepkit 189ms (cache miss)
102 silly packumentCache full:https://registry.npmjs.org/@typeschema%2fdeepkit set size:undefined disposed:false
103 silly fetch manifest @deepkit/type@^1.0.1-alpha.145
104 silly packumentCache full:https://registry.npmjs.org/@deepkit%2ftype cache-miss
105 http fetch GET 200 https://registry.npmjs.org/@deepkit%2ftype 222ms (cache miss)
106 silly packumentCache full:https://registry.npmjs.org/@deepkit%2ftype set size:undefined disposed:false
107 silly fetch manifest @deepkit/core@^1.0.1
108 silly packumentCache full:https://registry.npmjs.org/@deepkit%2fcore cache-miss
109 http fetch GET 200 https://registry.npmjs.org/@deepkit%2fcore 264ms (cache miss)
110 silly packumentCache full:https://registry.npmjs.org/@deepkit%2fcore set size:undefined disposed:false
111 silly fetch manifest @typeschema/effect@0.14.0
112 silly packumentCache full:https://registry.npmjs.org/@typeschema%2feffect cache-miss
113 http fetch GET 200 https://registry.npmjs.org/@typeschema%2feffect 209ms (cache miss)
114 silly packumentCache full:https://registry.npmjs.org/@typeschema%2feffect set size:undefined disposed:false
115 silly fetch manifest @effect/schema@^0.71.1
116 silly packumentCache full:https://registry.npmjs.org/@effect%2fschema cache-miss
117 http fetch GET 200 https://registry.npmjs.org/@effect%2fschema 191ms (cache miss)
118 silly packumentCache full:https://registry.npmjs.org/@effect%2fschema set size:undefined disposed:false
119 silly fetch manifest effect@^3.6.8
120 silly packumentCache full:https://registry.npmjs.org/effect cache-miss
121 http fetch GET 200 https://registry.npmjs.org/effect 965ms (cache miss)
122 silly packumentCache full:https://registry.npmjs.org/effect set size:undefined disposed:false
123 silly fetch manifest @typeschema/fastest-validator@0.2.0
124 silly packumentCache full:https://registry.npmjs.org/@typeschema%2ffastest-validator cache-miss
125 http fetch GET 200 https://registry.npmjs.org/@typeschema%2ffastest-validator 235ms (cache miss)
126 silly packumentCache full:https://registry.npmjs.org/@typeschema%2ffastest-validator set size:undefined disposed:false
127 silly fetch manifest fastest-validator@^1.19.0
128 silly packumentCache full:https://registry.npmjs.org/fastest-validator cache-miss
129 http fetch GET 200 https://registry.npmjs.org/fastest-validator 182ms (cache miss)
130 silly packumentCache full:https://registry.npmjs.org/fastest-validator set size:undefined disposed:false
131 silly fetch manifest @typeschema/function@0.14.0
132 silly packumentCache full:https://registry.npmjs.org/@typeschema%2ffunction cache-miss
133 http fetch GET 200 https://registry.npmjs.org/@typeschema%2ffunction 238ms (cache miss)
134 silly packumentCache full:https://registry.npmjs.org/@typeschema%2ffunction set size:undefined disposed:false
135 silly fetch manifest @typeschema/io-ts@0.14.0
136 silly packumentCache full:https://registry.npmjs.org/@typeschema%2fio-ts cache-miss
137 http fetch GET 200 https://registry.npmjs.org/@typeschema%2fio-ts 312ms (cache miss)
138 silly packumentCache full:https://registry.npmjs.org/@typeschema%2fio-ts set size:undefined disposed:false
139 silly fetch manifest fp-ts@^2.16.9
140 silly packumentCache full:https://registry.npmjs.org/fp-ts cache-miss
141 http fetch GET 200 https://registry.npmjs.org/fp-ts 563ms (cache miss)
142 silly packumentCache full:https://registry.npmjs.org/fp-ts set size:undefined disposed:false
143 silly fetch manifest io-ts@^2.2.21
144 silly packumentCache full:https://registry.npmjs.org/io-ts cache-miss
145 http fetch GET 200 https://registry.npmjs.org/io-ts 321ms (cache miss)
146 silly packumentCache full:https://registry.npmjs.org/io-ts set size:undefined disposed:false
147 silly fetch manifest @typeschema/joi@0.14.0
148 silly packumentCache full:https://registry.npmjs.org/@typeschema%2fjoi cache-miss
149 http fetch GET 200 https://registry.npmjs.org/@typeschema%2fjoi 292ms (cache miss)
150 silly packumentCache full:https://registry.npmjs.org/@typeschema%2fjoi set size:undefined disposed:false
151 silly fetch manifest joi@^17.13.3
152 silly packumentCache full:https://registry.npmjs.org/joi cache-miss
153 http fetch GET 200 https://registry.npmjs.org/joi 100ms (cache miss)
154 silly packumentCache full:https://registry.npmjs.org/joi set size:undefined disposed:false
155 silly fetch manifest joi-to-json@^4.3.0
156 silly packumentCache full:https://registry.npmjs.org/joi-to-json cache-miss
157 http fetch GET 200 https://registry.npmjs.org/joi-to-json 93ms (cache miss)
158 silly packumentCache full:https://registry.npmjs.org/joi-to-json set size:undefined disposed:false
159 silly fetch manifest @typeschema/json@0.14.0
160 silly packumentCache full:https://registry.npmjs.org/@typeschema%2fjson cache-miss
161 http fetch GET 200 https://registry.npmjs.org/@typeschema%2fjson 195ms (cache miss)
162 silly packumentCache full:https://registry.npmjs.org/@typeschema%2fjson set size:undefined disposed:false
163 silly fetch manifest ajv@^8.17.1
164 silly packumentCache full:https://registry.npmjs.org/ajv cache-miss
165 http fetch GET 200 https://registry.npmjs.org/ajv 147ms (cache miss)
166 silly packumentCache full:https://registry.npmjs.org/ajv set size:undefined disposed:false
167 silly fetch manifest json-schema-to-ts@^3.1.0
168 silly packumentCache full:https://registry.npmjs.org/json-schema-to-ts cache-miss
169 http fetch GET 200 https://registry.npmjs.org/json-schema-to-ts 103ms (cache miss)
170 silly packumentCache full:https://registry.npmjs.org/json-schema-to-ts set size:undefined disposed:false
171 silly fetch manifest @typeschema/ow@0.14.0
172 silly packumentCache full:https://registry.npmjs.org/@typeschema%2fow cache-miss
173 http fetch GET 200 https://registry.npmjs.org/@typeschema%2fow 117ms (cache miss)
174 silly packumentCache full:https://registry.npmjs.org/@typeschema%2fow set size:undefined disposed:false
175 silly fetch manifest ow@^0.28.2
176 silly packumentCache full:https://registry.npmjs.org/ow cache-miss
177 http fetch GET 200 https://registry.npmjs.org/ow 89ms (cache miss)
178 silly packumentCache full:https://registry.npmjs.org/ow set size:undefined disposed:false
179 silly fetch manifest @typeschema/runtypes@0.14.0
180 silly packumentCache full:https://registry.npmjs.org/@typeschema%2fruntypes cache-miss
181 http fetch GET 200 https://registry.npmjs.org/@typeschema%2fruntypes 334ms (cache miss)
182 silly packumentCache full:https://registry.npmjs.org/@typeschema%2fruntypes set size:undefined disposed:false
183 silly fetch manifest runtypes@^6.7.0
184 silly packumentCache full:https://registry.npmjs.org/runtypes cache-miss
185 http fetch GET 200 https://registry.npmjs.org/runtypes 174ms (cache miss)
186 silly packumentCache full:https://registry.npmjs.org/runtypes set size:undefined disposed:false
187 silly fetch manifest @typeschema/superstruct@0.14.0
188 silly packumentCache full:https://registry.npmjs.org/@typeschema%2fsuperstruct cache-miss
189 http fetch GET 200 https://registry.npmjs.org/@typeschema%2fsuperstruct 614ms (cache miss)
190 silly packumentCache full:https://registry.npmjs.org/@typeschema%2fsuperstruct set size:undefined disposed:false
191 silly fetch manifest superstruct@^2.0.2
192 silly packumentCache full:https://registry.npmjs.org/superstruct cache-miss
193 http fetch GET 200 https://registry.npmjs.org/superstruct 94ms (cache miss)
194 silly packumentCache full:https://registry.npmjs.org/superstruct set size:undefined disposed:false
195 silly fetch manifest @typeschema/suretype@0.2.0
196 silly packumentCache full:https://registry.npmjs.org/@typeschema%2fsuretype cache-miss
197 http fetch GET 200 https://registry.npmjs.org/@typeschema%2fsuretype 538ms (cache miss)
198 silly packumentCache full:https://registry.npmjs.org/@typeschema%2fsuretype set size:undefined disposed:false
199 silly fetch manifest suretype@^3.3.1
200 silly packumentCache full:https://registry.npmjs.org/suretype cache-miss
201 http fetch GET 200 https://registry.npmjs.org/suretype 155ms (cache miss)
202 silly packumentCache full:https://registry.npmjs.org/suretype set size:undefined disposed:false
203 silly fetch manifest @typeschema/typebox@0.14.0
204 silly packumentCache full:https://registry.npmjs.org/@typeschema%2ftypebox cache-miss
205 http fetch GET 200 https://registry.npmjs.org/@typeschema%2ftypebox 121ms (cache miss)
206 silly packumentCache full:https://registry.npmjs.org/@typeschema%2ftypebox set size:undefined disposed:false
207 silly fetch manifest @sinclair/typebox@^0.33.7
208 silly packumentCache full:https://registry.npmjs.org/@sinclair%2ftypebox cache-miss
209 http cache https://registry.npmjs.org/@sinclair%2ftypebox 46ms (cache hit)
210 silly packumentCache full:https://registry.npmjs.org/@sinclair%2ftypebox set size:1212785 disposed:false
211 silly fetch manifest @typeschema/valibot@0.14.0
212 silly packumentCache full:https://registry.npmjs.org/@typeschema%2fvalibot cache-miss
213 http fetch GET 200 https://registry.npmjs.org/@typeschema%2fvalibot 261ms (cache miss)
214 silly packumentCache full:https://registry.npmjs.org/@typeschema%2fvalibot set size:undefined disposed:false
215 silly fetch manifest @gcornut/valibot-json-schema@^0.37.0
216 silly packumentCache full:https://registry.npmjs.org/@gcornut%2fvalibot-json-schema cache-miss
217 http fetch GET 200 https://registry.npmjs.org/@gcornut%2fvalibot-json-schema 224ms (cache miss)
218 silly packumentCache full:https://registry.npmjs.org/@gcornut%2fvalibot-json-schema set size:undefined disposed:false
219 silly fetch manifest valibot@^0.39.0
220 silly packumentCache full:https://registry.npmjs.org/valibot cache-miss
221 http fetch GET 200 https://registry.npmjs.org/valibot 156ms (cache miss)
222 silly packumentCache full:https://registry.npmjs.org/valibot set size:undefined disposed:false
223 silly fetch manifest typescript@~6.0.3
224 silly packumentCache full:https://registry.npmjs.org/typescript cache-miss
225 http fetch GET 200 https://registry.npmjs.org/typescript 828ms (cache miss)
226 silly packumentCache full:https://registry.npmjs.org/typescript set size:undefined disposed:false
227 silly fetch manifest @typeschema/valita@0.2.0
228 silly packumentCache full:https://registry.npmjs.org/@typeschema%2fvalita cache-miss
229 http fetch GET 200 https://registry.npmjs.org/@typeschema%2fvalita 418ms (cache miss)
230 silly packumentCache full:https://registry.npmjs.org/@typeschema%2fvalita set size:undefined disposed:false
231 silly fetch manifest @badrap/valita@^0.3.9
232 silly packumentCache full:https://registry.npmjs.org/@badrap%2fvalita cache-miss
233 http fetch GET 200 https://registry.npmjs.org/@badrap%2fvalita 305ms (cache miss)
234 silly packumentCache full:https://registry.npmjs.org/@badrap%2fvalita set size:undefined disposed:false
235 silly fetch manifest @typeschema/vine@0.2.0
236 silly packumentCache full:https://registry.npmjs.org/@typeschema%2fvine cache-miss
237 http fetch GET 200 https://registry.npmjs.org/@typeschema%2fvine 459ms (cache miss)
238 silly packumentCache full:https://registry.npmjs.org/@typeschema%2fvine set size:undefined disposed:false
239 silly fetch manifest @vinejs/vine@^2.1.0
240 silly packumentCache full:https://registry.npmjs.org/@vinejs%2fvine cache-miss
241 http fetch GET 200 https://registry.npmjs.org/@vinejs%2fvine 327ms (cache miss)
242 silly packumentCache full:https://registry.npmjs.org/@vinejs%2fvine set size:undefined disposed:false
243 silly fetch manifest @typeschema/yup@0.14.0
244 silly packumentCache full:https://registry.npmjs.org/@typeschema%2fyup cache-miss
245 http fetch GET 200 https://registry.npmjs.org/@typeschema%2fyup 312ms (cache miss)
246 silly packumentCache full:https://registry.npmjs.org/@typeschema%2fyup set size:undefined disposed:false
247 silly fetch manifest @sodaru/yup-to-json-schema@^2.0.1
248 silly packumentCache full:https://registry.npmjs.org/@sodaru%2fyup-to-json-schema cache-miss
249 http fetch GET 200 https://registry.npmjs.org/@sodaru%2fyup-to-json-schema 321ms (cache miss)
250 silly packumentCache full:https://registry.npmjs.org/@sodaru%2fyup-to-json-schema set size:undefined disposed:false
251 silly fetch manifest yup@^1.4.0
252 silly packumentCache full:https://registry.npmjs.org/yup cache-miss
253 http fetch GET 200 https://registry.npmjs.org/yup 111ms (cache miss)
254 silly packumentCache full:https://registry.npmjs.org/yup set size:undefined disposed:false
255 silly fetch manifest @typeschema/zod@0.14.0
256 silly packumentCache full:https://registry.npmjs.org/@typeschema%2fzod cache-miss
257 http fetch GET 200 https://registry.npmjs.org/@typeschema%2fzod 672ms (cache miss)
258 silly packumentCache full:https://registry.npmjs.org/@typeschema%2fzod set size:undefined disposed:false
259 silly fetch manifest zod@^4.4.3
260 silly packumentCache full:https://registry.npmjs.org/zod cache-miss
261 http fetch GET 200 https://registry.npmjs.org/zod 245ms (cache miss)
262 silly packumentCache full:https://registry.npmjs.org/zod set size:undefined disposed:false
263 silly fetch manifest zod@^3.23.8
264 silly packumentCache full:https://registry.npmjs.org/zod cache-miss
265 http cache https://registry.npmjs.org/zod 64ms (cache hit)
266 silly packumentCache full:https://registry.npmjs.org/zod set size:3596894 disposed:false
267 silly fetch manifest zod-to-json-schema@^3.23.2
268 silly packumentCache full:https://registry.npmjs.org/zod-to-json-schema cache-miss
269 http fetch GET 200 https://registry.npmjs.org/zod-to-json-schema 92ms (cache miss)
270 silly packumentCache full:https://registry.npmjs.org/zod-to-json-schema set size:undefined disposed:false
271 silly fetch manifest ajv-errors@^3.0.0
272 silly packumentCache full:https://registry.npmjs.org/ajv-errors cache-miss
273 http fetch GET 200 https://registry.npmjs.org/ajv-errors 81ms (cache miss)
274 silly packumentCache full:https://registry.npmjs.org/ajv-errors set size:undefined disposed:false
275 silly fetch manifest ajv-formats@^2.1.1
276 silly packumentCache full:https://registry.npmjs.org/ajv-formats cache-miss
277 http fetch GET 200 https://registry.npmjs.org/ajv-formats 83ms (cache miss)
278 silly packumentCache full:https://registry.npmjs.org/ajv-formats set size:undefined disposed:false
279 silly fetch manifest ata-validator@^1.2.0
280 silly packumentCache full:https://registry.npmjs.org/ata-validator cache-miss
281 http fetch GET 200 https://registry.npmjs.org/ata-validator 159ms (cache miss)
282 silly packumentCache full:https://registry.npmjs.org/ata-validator set size:undefined disposed:false
283 silly fetch manifest yaml@^2.0.0
284 silly packumentCache full:https://registry.npmjs.org/yaml cache-miss
285 http fetch GET 200 https://registry.npmjs.org/yaml 100ms (cache miss)
286 silly packumentCache full:https://registry.npmjs.org/yaml set size:undefined disposed:false
287 silly fetch manifest class-transformer@>=0.4.0
288 silly packumentCache full:https://registry.npmjs.org/class-transformer cache-miss
289 http fetch GET 200 https://registry.npmjs.org/class-transformer 156ms (cache miss)
290 silly packumentCache full:https://registry.npmjs.org/class-transformer set size:undefined disposed:false
291 silly fetch manifest computed-types@^1.0.0
292 silly packumentCache full:https://registry.npmjs.org/computed-types cache-miss
293 http fetch GET 200 https://registry.npmjs.org/computed-types 158ms (cache miss)
294 silly packumentCache full:https://registry.npmjs.org/computed-types set size:undefined disposed:false
295 silly fetch manifest fluentvalidation-ts@^3.0.0
296 silly packumentCache full:https://registry.npmjs.org/fluentvalidation-ts cache-miss
297 http fetch GET 200 https://registry.npmjs.org/fluentvalidation-ts 91ms (cache miss)
298 silly packumentCache full:https://registry.npmjs.org/fluentvalidation-ts set size:undefined disposed:false
299 silly fetch manifest nope-validator@>=0.12.0
300 silly packumentCache full:https://registry.npmjs.org/nope-validator cache-miss
301 http fetch GET 200 https://registry.npmjs.org/nope-validator 72ms (cache miss)
302 silly packumentCache full:https://registry.npmjs.org/nope-validator set size:undefined disposed:false
303 silly fetch manifest react-hook-form@^7.85.0
304 silly packumentCache full:https://registry.npmjs.org/react-hook-form cache-miss
305 http fetch GET 200 https://registry.npmjs.org/react-hook-form 409ms (cache miss)
306 silly packumentCache full:https://registry.npmjs.org/react-hook-form set size:undefined disposed:false
307 silly fetch manifest typanion@^3.3.2
308 silly packumentCache full:https://registry.npmjs.org/typanion cache-miss
309 http fetch GET 200 https://registry.npmjs.org/typanion 155ms (cache miss)
310 silly packumentCache full:https://registry.npmjs.org/typanion set size:undefined disposed:false
311 silly fetch manifest vest@>=3.0.0
312 silly packumentCache full:https://registry.npmjs.org/vest cache-miss
313 http fetch GET 200 https://registry.npmjs.org/vest 352ms (cache miss)
314 silly packumentCache full:https://registry.npmjs.org/vest set size:undefined disposed:false
315 silly fetch manifest @react-native-async-storage/async-storage@^3.1.1
316 silly packumentCache full:https://registry.npmjs.org/@react-native-async-storage%2fasync-storage cache-miss
317 http fetch GET 200 https://registry.npmjs.org/@react-native-async-storage%2fasync-storage 102ms (cache miss)
318 silly packumentCache full:https://registry.npmjs.org/@react-native-async-storage%2fasync-storage set size:undefined disposed:false
319 silly fetch manifest axios@^1.19.0
320 silly packumentCache full:https://registry.npmjs.org/axios cache-miss
321 http fetch GET 200 https://registry.npmjs.org/axios 133ms (cache miss)
322 silly packumentCache full:https://registry.npmjs.org/axios set size:undefined disposed:false
323 silly fetch manifest expo-constants@~57.0.10
324 silly packumentCache full:https://registry.npmjs.org/expo-constants cache-miss
325 http fetch GET 200 https://registry.npmjs.org/expo-constants 228ms (cache miss)
326 silly packumentCache full:https://registry.npmjs.org/expo-constants set size:undefined disposed:false
327 silly fetch manifest expo-device@~57.0.1
328 silly packumentCache full:https://registry.npmjs.org/expo-device cache-miss
329 http fetch GET 200 https://registry.npmjs.org/expo-device 117ms (cache miss)
330 silly packumentCache full:https://registry.npmjs.org/expo-device set size:undefined disposed:false
331 silly fetch manifest expo-font@~57.0.1
332 silly packumentCache full:https://registry.npmjs.org/expo-font cache-miss
333 http fetch GET 200 https://registry.npmjs.org/expo-font 156ms (cache miss)
334 silly packumentCache full:https://registry.npmjs.org/expo-font set size:undefined disposed:false
335 silly fetch manifest expo-glass-effect@~57.0.1
336 silly packumentCache full:https://registry.npmjs.org/expo-glass-effect cache-miss
337 http fetch GET 200 https://registry.npmjs.org/expo-glass-effect 244ms (cache miss)
338 silly packumentCache full:https://registry.npmjs.org/expo-glass-effect set size:undefined disposed:false
339 silly fetch manifest expo-image@~57.0.2
340 silly packumentCache full:https://registry.npmjs.org/expo-image cache-miss
341 http fetch GET 200 https://registry.npmjs.org/expo-image 132ms (cache miss)
342 silly packumentCache full:https://registry.npmjs.org/expo-image set size:undefined disposed:false
343 silly fetch manifest expo-linking@~57.0.5
344 silly packumentCache full:https://registry.npmjs.org/expo-linking cache-miss
345 http fetch GET 200 https://registry.npmjs.org/expo-linking 108ms (cache miss)
346 silly packumentCache full:https://registry.npmjs.org/expo-linking set size:undefined disposed:false
347 silly fetch manifest expo-print@^57.0.1
348 silly packumentCache full:https://registry.npmjs.org/expo-print cache-miss
349 http fetch GET 200 https://registry.npmjs.org/expo-print 191ms (cache miss)
350 silly packumentCache full:https://registry.npmjs.org/expo-print set size:undefined disposed:false
351 silly fetch manifest expo-router@~57.0.12
352 silly packumentCache full:https://registry.npmjs.org/expo-router cache-miss
353 http fetch GET 200 https://registry.npmjs.org/expo-router 261ms (cache miss)
354 silly packumentCache full:https://registry.npmjs.org/expo-router set size:undefined disposed:false
355 silly fetch manifest @testing-library/react-native@>= 13.2.0
356 silly packumentCache full:https://registry.npmjs.org/@testing-library%2freact-native cache-miss
357 http fetch GET 200 https://registry.npmjs.org/@testing-library%2freact-native 155ms (cache miss)
358 silly packumentCache full:https://registry.npmjs.org/@testing-library%2freact-native set size:undefined disposed:false
359 silly fetch manifest jest@>=29.0.0
360 silly packumentCache full:https://registry.npmjs.org/jest cache-miss
361 http fetch GET 200 https://registry.npmjs.org/jest 157ms (cache miss)
362 silly packumentCache full:https://registry.npmjs.org/jest set size:undefined disposed:false
363 silly fetch manifest node-notifier@^8.0.1 || ^9.0.0 || ^10.0.0
364 silly packumentCache full:https://registry.npmjs.org/node-notifier cache-miss
365 http fetch GET 200 https://registry.npmjs.org/node-notifier 87ms (cache miss)
366 silly packumentCache full:https://registry.npmjs.org/node-notifier set size:undefined disposed:false
367 silly fetch manifest test-renderer@^1.0.0
368 silly packumentCache full:https://registry.npmjs.org/test-renderer cache-miss
369 http fetch GET 200 https://registry.npmjs.org/test-renderer 76ms (cache miss)
370 silly packumentCache full:https://registry.npmjs.org/test-renderer set size:undefined disposed:false
371 silly fetch manifest react-native-gesture-handler@~2.32.0
372 silly packumentCache full:https://registry.npmjs.org/react-native-gesture-handler cache-miss
373 http fetch GET 200 https://registry.npmjs.org/react-native-gesture-handler 129ms (cache miss)
374 silly packumentCache full:https://registry.npmjs.org/react-native-gesture-handler set size:undefined disposed:false
375 silly fetch manifest react-native-reanimated@4.5.1
376 silly packumentCache full:https://registry.npmjs.org/react-native-reanimated cache-miss
377 http fetch GET 200 https://registry.npmjs.org/react-native-reanimated 567ms (cache miss)
378 silly packumentCache full:https://registry.npmjs.org/react-native-reanimated set size:undefined disposed:false
379 silly fetch manifest react-native-safe-area-context@~5.7.0
380 silly packumentCache full:https://registry.npmjs.org/react-native-safe-area-context cache-miss
381 http fetch GET 200 https://registry.npmjs.org/react-native-safe-area-context 123ms (cache miss)
382 silly packumentCache full:https://registry.npmjs.org/react-native-safe-area-context set size:undefined disposed:false
383 silly fetch manifest react-server-dom-webpack@~19.0.4 || ~19.1.5 || ~19.2.4
384 silly packumentCache full:https://registry.npmjs.org/react-server-dom-webpack cache-miss
385 http fetch GET 200 https://registry.npmjs.org/react-server-dom-webpack 516ms (cache miss)
386 silly packumentCache full:https://registry.npmjs.org/react-server-dom-webpack set size:undefined disposed:false
387 silly fetch manifest react@^19.2.8
388 silly packumentCache full:https://registry.npmjs.org/react cache-miss
389 http cache https://registry.npmjs.org/react 90ms (cache hit)
390 silly packumentCache full:https://registry.npmjs.org/react set size:6888185 disposed:false
391 silly fetch manifest react-dom@^19.2.8
392 silly packumentCache full:https://registry.npmjs.org/react-dom cache-miss
393 http cache https://registry.npmjs.org/react-dom 99ms (cache hit)
394 silly packumentCache full:https://registry.npmjs.org/react-dom set size:9252416 disposed:false
395 silly fetch manifest webpack@^5.59.0
396 silly packumentCache full:https://registry.npmjs.org/webpack cache-miss
397 http fetch GET 200 https://registry.npmjs.org/webpack 362ms (cache miss)
398 silly packumentCache full:https://registry.npmjs.org/webpack set size:undefined disposed:false
399 silly fetch manifest expo-sharing@^57.0.11
400 silly packumentCache full:https://registry.npmjs.org/expo-sharing cache-miss
401 http fetch GET 200 https://registry.npmjs.org/expo-sharing 246ms (cache miss)
402 silly packumentCache full:https://registry.npmjs.org/expo-sharing set size:undefined disposed:false
403 silly fetch manifest expo-splash-screen@~57.0.6
404 silly packumentCache full:https://registry.npmjs.org/expo-splash-screen cache-miss
405 http fetch GET 200 https://registry.npmjs.org/expo-splash-screen 170ms (cache miss)
406 silly packumentCache full:https://registry.npmjs.org/expo-splash-screen set size:undefined disposed:false
407 silly fetch manifest expo-status-bar@~57.0.1
408 silly packumentCache full:https://registry.npmjs.org/expo-status-bar cache-miss
409 http fetch GET 200 https://registry.npmjs.org/expo-status-bar 118ms (cache miss)
410 silly packumentCache full:https://registry.npmjs.org/expo-status-bar set size:undefined disposed:false
411 silly fetch manifest expo-symbols@~57.0.2
412 silly packumentCache full:https://registry.npmjs.org/expo-symbols cache-miss
413 http fetch GET 200 https://registry.npmjs.org/expo-symbols 140ms (cache miss)
414 silly packumentCache full:https://registry.npmjs.org/expo-symbols set size:undefined disposed:false
415 silly fetch manifest expo-system-ui@~57.0.2
416 silly packumentCache full:https://registry.npmjs.org/expo-system-ui cache-miss
417 http fetch GET 200 https://registry.npmjs.org/expo-system-ui 160ms (cache miss)
418 silly packumentCache full:https://registry.npmjs.org/expo-system-ui set size:undefined disposed:false
419 silly fetch manifest expo-web-browser@~57.0.2
420 silly packumentCache full:https://registry.npmjs.org/expo-web-browser cache-miss
421 http fetch GET 200 https://registry.npmjs.org/expo-web-browser 186ms (cache miss)
422 silly packumentCache full:https://registry.npmjs.org/expo-web-browser set size:undefined disposed:false
423 silly fetch manifest lucide-react-native@^1.31.0
424 silly packumentCache full:https://registry.npmjs.org/lucide-react-native cache-miss
425 http fetch GET 200 https://registry.npmjs.org/lucide-react-native 253ms (cache miss)
426 silly packumentCache full:https://registry.npmjs.org/lucide-react-native set size:undefined disposed:false
427 silly fetch manifest react-native-svg@^12.0.0 || ^13.0.0 || ^14.0.0 || ^15.0.0
428 silly packumentCache full:https://registry.npmjs.org/react-native-svg cache-miss
429 http fetch GET 200 https://registry.npmjs.org/react-native-svg 241ms (cache miss)
430 silly packumentCache full:https://registry.npmjs.org/react-native-svg set size:undefined disposed:false
431 silly fetch manifest react-native-paper@^5.15.3
432 silly packumentCache full:https://registry.npmjs.org/react-native-paper cache-miss
433 http fetch GET 200 https://registry.npmjs.org/react-native-paper 150ms (cache miss)
434 silly packumentCache full:https://registry.npmjs.org/react-native-paper set size:undefined disposed:false
435 silly fetch manifest react-native-screens@~4.26.0
436 silly packumentCache full:https://registry.npmjs.org/react-native-screens cache-miss
437 http fetch GET 200 https://registry.npmjs.org/react-native-screens 409ms (cache miss)
438 silly packumentCache full:https://registry.npmjs.org/react-native-screens set size:undefined disposed:false
439 silly fetch manifest zustand@^5.0.15
440 silly packumentCache full:https://registry.npmjs.org/zustand cache-miss
441 http fetch GET 200 https://registry.npmjs.org/zustand 130ms (cache miss)
442 silly packumentCache full:https://registry.npmjs.org/zustand set size:undefined disposed:false
443 silly fetch manifest immer@>=9.0.6
444 silly packumentCache full:https://registry.npmjs.org/immer cache-miss
445 http fetch GET 200 https://registry.npmjs.org/immer 145ms (cache miss)
446 silly packumentCache full:https://registry.npmjs.org/immer set size:undefined disposed:false
447 silly fetch manifest use-sync-external-store@>=1.2.0
448 silly packumentCache full:https://registry.npmjs.org/use-sync-external-store cache-miss
449 http fetch GET 200 https://registry.npmjs.org/use-sync-external-store 532ms (cache miss)
450 silly packumentCache full:https://registry.npmjs.org/use-sync-external-store set size:undefined disposed:false
451 silly placeDep ROOT @expo/ui@57.0.10 OK for: sorteo-app@1.0.0 want: ~57.0.10
452 silly placeDep ROOT expo@57.0.12 OK for: @expo/ui@57.0.10 want: *
453 silly placeDep ROOT react@19.2.3 OK for: expo@57.0.12 want: *
454 silly placeDep ROOT react-native@0.86.2 OK for: expo@57.0.12 want: *
455 silly placeDep ROOT @hookform/resolvers@5.7.1 OK for: sorteo-app@1.0.0 want: ^5.7.1
456 silly placeDep ROOT react-hook-form@7.85.0 OK for: @hookform/resolvers@5.7.1 want: ^7.55.0
457 silly placeDep ROOT @react-native-async-storage/async-storage@3.1.1 OK for: sorteo-app@1.0.0 want: ^3.1.1
458 silly placeDep ROOT @types/react@19.2.18 OK for: sorteo-app@1.0.0 want: ~19.2.2
459 silly placeDep ROOT axios@1.19.0 OK for: sorteo-app@1.0.0 want: ^1.19.0
460 silly placeDep ROOT expo-constants@57.0.10 OK for: sorteo-app@1.0.0 want: ~57.0.10
461 silly placeDep ROOT expo-device@57.0.1 OK for: sorteo-app@1.0.0 want: ~57.0.1
462 silly placeDep ROOT expo-font@57.0.1 OK for: sorteo-app@1.0.0 want: ~57.0.1
463 silly placeDep ROOT expo-glass-effect@57.0.1 OK for: sorteo-app@1.0.0 want: ~57.0.1
464 silly placeDep ROOT expo-image@57.0.2 OK for: sorteo-app@1.0.0 want: ~57.0.2
465 silly placeDep ROOT expo-linking@57.0.5 OK for: sorteo-app@1.0.0 want: ~57.0.5
466 silly placeDep ROOT expo-print@57.0.1 OK for: sorteo-app@1.0.0 want: ^57.0.1
467 silly placeDep ROOT expo-router@57.0.12 OK for: sorteo-app@1.0.0 want: ~57.0.12
468 silly placeDep ROOT react-native-safe-area-context@5.7.0 OK for: expo-router@57.0.12 want: >= 5.4.0
469 silly placeDep ROOT expo-sharing@57.0.11 OK for: sorteo-app@1.0.0 want: ^57.0.11
470 silly placeDep ROOT expo-splash-screen@57.0.6 OK for: sorteo-app@1.0.0 want: ~57.0.6
471 silly placeDep ROOT expo-status-bar@57.0.1 OK for: sorteo-app@1.0.0 want: ~57.0.1
472 silly placeDep ROOT expo-symbols@57.0.2 OK for: sorteo-app@1.0.0 want: ~57.0.2
473 silly placeDep ROOT expo-system-ui@57.0.2 OK for: sorteo-app@1.0.0 want: ~57.0.2
474 silly placeDep ROOT expo-web-browser@57.0.2 OK for: sorteo-app@1.0.0 want: ~57.0.2
475 silly placeDep ROOT lucide-react-native@1.31.0 OK for: sorteo-app@1.0.0 want: ^1.31.0
476 silly placeDep ROOT react-native-svg@15.15.5 OK for: lucide-react-native@1.31.0 want: ^12.0.0 || ^13.0.0 || ^14.0.0 || ^15.0.0
477 silly placeDep ROOT react-dom@19.2.3 OK for: sorteo-app@1.0.0 want: 19.2.3
478 silly placeDep ROOT react-native-gesture-handler@2.32.0 OK for: sorteo-app@1.0.0 want: ~2.32.0
479 silly placeDep ROOT react-native-paper@5.15.3 OK for: sorteo-app@1.0.0 want: ^5.15.3
480 silly placeDep ROOT react-native-reanimated@4.5.1 OK for: sorteo-app@1.0.0 want: 4.5.1
481 silly placeDep ROOT react-native-worklets@0.10.1 OK for: react-native-reanimated@4.5.1 want: 0.10.x
482 silly placeDep ROOT @babel/core@8.0.1 OK for: react-native-worklets@0.10.1 want: *
483 silly placeDep ROOT @react-native/metro-config@0.87.0 OK for: react-native-worklets@0.10.1 want: *
484 silly placeDep ROOT react-native-screens@4.26.2 OK for: sorteo-app@1.0.0 want: ~4.26.0
485 silly placeDep ROOT react-native-web@0.21.2 OK for: sorteo-app@1.0.0 want: ~0.21.0
486 silly placeDep ROOT typescript@6.0.3 OK for: sorteo-app@1.0.0 want: ~6.0.3
487 silly placeDep ROOT zod@4.4.3 OK for: sorteo-app@1.0.0 want: ^4.4.3
488 silly placeDep ROOT zustand@5.0.15 OK for: sorteo-app@1.0.0 want: ^5.0.15
489 silly fetch manifest vaul@^1.1.2
490 silly packumentCache full:https://registry.npmjs.org/vaul cache-miss
491 silly fetch manifest sf-symbols-typescript@^2.1.0
492 silly packumentCache full:https://registry.npmjs.org/sf-symbols-typescript cache-miss
493 silly fetch manifest @expo/cli@^57.0.14
494 silly packumentCache full:https://registry.npmjs.org/@expo%2fcli cache-miss
495 silly fetch manifest expo-asset@~57.0.10
496 silly packumentCache full:https://registry.npmjs.org/expo-asset cache-miss
497 silly fetch manifest @expo/metro@~56.0.0
498 silly packumentCache full:https://registry.npmjs.org/@expo%2fmetro cache-miss
499 silly fetch manifest @expo/config@~57.0.7
500 silly packumentCache full:https://registry.npmjs.org/@expo%2fconfig cache-miss
501 silly fetch manifest @expo/log-box@^57.0.2
502 silly packumentCache full:https://registry.npmjs.org/@expo%2flog-box cache-miss
503 http fetch GET 200 https://registry.npmjs.org/sf-symbols-typescript 102ms (cache miss)
504 silly packumentCache full:https://registry.npmjs.org/sf-symbols-typescript set size:undefined disposed:false
505 silly fetch manifest pretty-format@^29.7.0
506 silly packumentCache full:https://registry.npmjs.org/pretty-format cache-miss
507 http fetch GET 200 https://registry.npmjs.org/vaul 124ms (cache miss)
508 silly packumentCache full:https://registry.npmjs.org/vaul set size:undefined disposed:false
509 silly fetch manifest react-refresh@^0.14.2
510 silly packumentCache full:https://registry.npmjs.org/react-refresh cache-miss
511 http fetch GET 200 https://registry.npmjs.org/pretty-format 282ms (cache miss)
512 silly packumentCache full:https://registry.npmjs.org/pretty-format set size:undefined disposed:false
513 silly fetch manifest @babel/runtime@^7.20.0
514 silly packumentCache full:https://registry.npmjs.org/@babel%2fruntime cache-miss
515 http fetch GET 200 https://registry.npmjs.org/@expo%2fmetro 459ms (cache miss)
516 silly packumentCache full:https://registry.npmjs.org/@expo%2fmetro set size:undefined disposed:false
517 silly fetch manifest @expo/devtools@~57.0.1
518 silly packumentCache full:https://registry.npmjs.org/@expo%2fdevtools cache-miss
519 http fetch GET 200 https://registry.npmjs.org/@expo%2flog-box 599ms (cache miss)
520 silly packumentCache full:https://registry.npmjs.org/@expo%2flog-box set size:undefined disposed:false
521 silly fetch manifest expo-keep-awake@~57.0.1
522 silly packumentCache full:https://registry.npmjs.org/expo-keep-awake cache-miss
523 http fetch GET 200 https://registry.npmjs.org/@expo%2fdevtools 235ms (cache miss)
524 silly packumentCache full:https://registry.npmjs.org/@expo%2fdevtools set size:undefined disposed:false
525 silly fetch manifest expo-file-system@~57.0.2
526 silly packumentCache full:https://registry.npmjs.org/expo-file-system cache-miss
527 http fetch GET 200 https://registry.npmjs.org/expo-asset 911ms (cache miss)
528 silly packumentCache full:https://registry.npmjs.org/expo-asset set size:undefined disposed:false
529 silly fetch manifest @expo/dom-webview@~57.0.1
530 silly packumentCache full:https://registry.npmjs.org/@expo%2fdom-webview cache-miss
531 http fetch GET 200 https://registry.npmjs.org/expo-keep-awake 401ms (cache miss)
532 silly packumentCache full:https://registry.npmjs.org/expo-keep-awake set size:undefined disposed:false
533 silly fetch manifest @expo/fingerprint@^0.20.7
534 silly packumentCache full:https://registry.npmjs.org/@expo%2ffingerprint cache-miss
535 http fetch GET 200 https://registry.npmjs.org/@expo%2fconfig 1145ms (cache miss)
536 silly packumentCache full:https://registry.npmjs.org/@expo%2fconfig set size:undefined disposed:false
537 silly fetch manifest babel-preset-expo@~57.0.6
538 silly packumentCache full:https://registry.npmjs.org/babel-preset-expo cache-miss
539 http fetch GET 200 https://registry.npmjs.org/@expo%2fdom-webview 330ms (cache miss)
540 silly packumentCache full:https://registry.npmjs.org/@expo%2fdom-webview set size:undefined disposed:false
541 silly fetch manifest expo-modules-core@~57.0.10
542 silly packumentCache full:https://registry.npmjs.org/expo-modules-core cache-miss
543 http fetch GET 200 https://registry.npmjs.org/expo-file-system 641ms (cache miss)
544 silly packumentCache full:https://registry.npmjs.org/expo-file-system set size:undefined disposed:false
545 silly fetch manifest @expo/metro-config@~57.0.8
546 silly packumentCache full:https://registry.npmjs.org/@expo%2fmetro-config cache-miss
547 http fetch GET 200 https://registry.npmjs.org/@expo%2fcli 1448ms (cache miss)
548 silly packumentCache full:https://registry.npmjs.org/@expo%2fcli set size:undefined disposed:false
549 silly fetch manifest whatwg-url-minimum@^0.1.2
550 silly packumentCache full:https://registry.npmjs.org/whatwg-url-minimum cache-miss
551 http fetch GET 200 https://registry.npmjs.org/@expo%2ffingerprint 526ms (cache miss)
552 silly packumentCache full:https://registry.npmjs.org/@expo%2ffingerprint set size:undefined disposed:false
553 silly fetch manifest @expo/config-plugins@~57.0.7
554 silly packumentCache full:https://registry.npmjs.org/@expo%2fconfig-plugins cache-miss
555 http fetch GET 200 https://registry.npmjs.org/whatwg-url-minimum 125ms (cache miss)
556 silly packumentCache full:https://registry.npmjs.org/whatwg-url-minimum set size:undefined disposed:false
557 silly fetch manifest @ungap/structured-clone@^1.3.0
558 silly packumentCache full:https://registry.npmjs.org/@ungap%2fstructured-clone cache-miss
559 http fetch GET 200 https://registry.npmjs.org/@babel%2fruntime 1347ms (cache miss)
560 silly packumentCache full:https://registry.npmjs.org/@babel%2fruntime set size:undefined disposed:false
561 silly fetch manifest expo-modules-autolinking@~57.0.9
562 silly packumentCache full:https://registry.npmjs.org/expo-modules-autolinking cache-miss
563 http fetch GET 200 https://registry.npmjs.org/babel-preset-expo 730ms (cache miss)
564 silly packumentCache full:https://registry.npmjs.org/babel-preset-expo set size:undefined disposed:false
565 silly fetch manifest @expo/local-build-cache-provider@^57.0.6
566 silly packumentCache full:https://registry.npmjs.org/@expo%2flocal-build-cache-provider cache-miss
567 http fetch GET 200 https://registry.npmjs.org/@ungap%2fstructured-clone 296ms (cache miss)
568 silly packumentCache full:https://registry.npmjs.org/@ungap%2fstructured-clone set size:undefined disposed:false
569 silly fetch manifest ws@^7.5.10
570 silly packumentCache full:https://registry.npmjs.org/ws cache-miss
571 http fetch GET 200 https://registry.npmjs.org/expo-modules-core 823ms (cache miss)
572 silly packumentCache full:https://registry.npmjs.org/expo-modules-core set size:undefined disposed:false
573 silly fetch manifest anser@^1.4.9
574 silly packumentCache full:https://registry.npmjs.org/anser cache-miss
575 http fetch GET 200 https://registry.npmjs.org/@expo%2flocal-build-cache-provider 225ms (cache miss)
576 silly packumentCache full:https://registry.npmjs.org/@expo%2flocal-build-cache-provider set size:undefined disposed:false
577 silly fetch manifest yargs@^17.6.2
578 silly packumentCache full:https://registry.npmjs.org/yargs cache-miss
579 http fetch GET 200 https://registry.npmjs.org/@expo%2fmetro-config 806ms (cache miss)
580 silly packumentCache full:https://registry.npmjs.org/@expo%2fmetro-config set size:undefined disposed:false
581 silly fetch manifest semver@^7.1.3
582 silly packumentCache full:https://registry.npmjs.org/semver cache-miss
583 http fetch GET 200 https://registry.npmjs.org/@expo%2fconfig-plugins 685ms (cache miss)
584 silly packumentCache full:https://registry.npmjs.org/@expo%2fconfig-plugins set size:undefined disposed:false
585 silly fetch manifest promise@^8.3.0
586 silly packumentCache full:https://registry.npmjs.org/promise cache-miss
587 http fetch GET 200 https://registry.npmjs.org/ws 372ms (cache miss)
588 silly packumentCache full:https://registry.npmjs.org/ws set size:undefined disposed:false
589 silly fetch manifest base64-js@^1.5.1
590 silly packumentCache full:https://registry.npmjs.org/base64-js cache-miss
591 http fetch GET 200 https://registry.npmjs.org/anser 231ms (cache miss)
592 silly packumentCache full:https://registry.npmjs.org/anser set size:undefined disposed:false
593 silly fetch manifest commander@^12.0.0
594 silly packumentCache full:https://registry.npmjs.org/commander cache-miss
595 http fetch GET 200 https://registry.npmjs.org/expo-modules-autolinking 547ms (cache miss)
596 silly packumentCache full:https://registry.npmjs.org/expo-modules-autolinking set size:undefined disposed:false
597 silly fetch manifest invariant@^2.2.4
598 silly packumentCache full:https://registry.npmjs.org/invariant cache-miss
599 http fetch GET 200 https://registry.npmjs.org/base64-js 130ms (cache miss)
600 silly packumentCache full:https://registry.npmjs.org/base64-js set size:undefined disposed:false
601 silly fetch manifest scheduler@0.27.0
602 silly packumentCache full:https://registry.npmjs.org/scheduler cache-miss
603 http fetch GET 200 https://registry.npmjs.org/promise 189ms (cache miss)
604 silly packumentCache full:https://registry.npmjs.org/promise set size:undefined disposed:false
605 silly fetch manifest ansi-regex@^5.0.0
606 silly packumentCache full:https://registry.npmjs.org/ansi-regex cache-miss
607 http fetch GET 200 https://registry.npmjs.org/semver 303ms (cache miss)
608 silly packumentCache full:https://registry.npmjs.org/semver set size:undefined disposed:false
609 silly fetch manifest nullthrows@^1.1.1
610 silly packumentCache full:https://registry.npmjs.org/nullthrows cache-miss
611 http fetch GET 200 https://registry.npmjs.org/react-refresh 2459ms (cache miss)
612 silly packumentCache full:https://registry.npmjs.org/react-refresh set size:undefined disposed:false
613 silly fetch manifest tinyglobby@^0.2.15
614 silly packumentCache full:https://registry.npmjs.org/tinyglobby cache-miss
615 http fetch GET 200 https://registry.npmjs.org/invariant 502ms (cache miss)
616 silly packumentCache full:https://registry.npmjs.org/invariant set size:undefined disposed:false
617 silly fetch manifest memoize-one@^5.0.0
618 silly packumentCache full:https://registry.npmjs.org/memoize-one cache-miss
619 http fetch GET 200 https://registry.npmjs.org/nullthrows 418ms (cache miss)
620 silly packumentCache full:https://registry.npmjs.org/nullthrows set size:undefined disposed:false
621 silly fetch manifest whatwg-fetch@^3.0.0
622 silly packumentCache full:https://registry.npmjs.org/whatwg-fetch cache-miss
623 http fetch GET 200 https://registry.npmjs.org/ansi-regex 458ms (cache miss)
624 silly packumentCache full:https://registry.npmjs.org/ansi-regex set size:undefined disposed:false
625 silly fetch manifest metro-runtime@^0.84.3
626 silly packumentCache full:https://registry.npmjs.org/metro-runtime cache-miss
627 http fetch GET 200 https://registry.npmjs.org/yargs 820ms (cache miss)
628 silly packumentCache full:https://registry.npmjs.org/yargs set size:undefined disposed:false
629 silly fetch manifest react-refresh@^0.14.0
630 silly packumentCache full:https://registry.npmjs.org/react-refresh cache-miss
631 http fetch GET 200 https://registry.npmjs.org/commander 653ms (cache miss)
632 silly packumentCache full:https://registry.npmjs.org/commander set size:undefined disposed:false
633 silly fetch manifest hermes-compiler@250829098.0.16
634 silly packumentCache full:https://registry.npmjs.org/hermes-compiler cache-miss
635 http fetch GET 200 https://registry.npmjs.org/tinyglobby 214ms (cache miss)
636 silly packumentCache full:https://registry.npmjs.org/tinyglobby set size:undefined disposed:false
637 silly fetch manifest abort-controller@^3.0.0
638 silly packumentCache full:https://registry.npmjs.org/abort-controller cache-miss
639 http cache https://registry.npmjs.org/react-refresh 199ms (cache hit)
640 silly packumentCache full:https://registry.npmjs.org/react-refresh set size:6538641 disposed:false
641 silly fetch manifest metro-source-map@^0.84.3
642 silly packumentCache full:https://registry.npmjs.org/metro-source-map cache-miss
643 http fetch GET 200 https://registry.npmjs.org/whatwg-fetch 583ms (cache miss)
644 silly packumentCache full:https://registry.npmjs.org/whatwg-fetch set size:undefined disposed:false
645 silly fetch manifest stacktrace-parser@^0.1.10
646 silly packumentCache full:https://registry.npmjs.org/stacktrace-parser cache-miss
647 http fetch GET 200 https://registry.npmjs.org/memoize-one 628ms (cache miss)
648 silly packumentCache full:https://registry.npmjs.org/memoize-one set size:undefined disposed:false
649 silly fetch manifest flow-enums-runtime@^0.0.6
650 silly packumentCache full:https://registry.npmjs.org/flow-enums-runtime cache-miss
651 http fetch GET 200 https://registry.npmjs.org/abort-controller 510ms (cache miss)
652 silly packumentCache full:https://registry.npmjs.org/abort-controller set size:undefined disposed:false
653 silly fetch manifest react-devtools-core@^6.1.5
654 silly packumentCache full:https://registry.npmjs.org/react-devtools-core cache-miss
655 http fetch GET 200 https://registry.npmjs.org/hermes-compiler 561ms (cache miss)
656 silly packumentCache full:https://registry.npmjs.org/hermes-compiler set size:undefined disposed:false
657 silly fetch manifest regenerator-runtime@^0.13.2
658 silly packumentCache full:https://registry.npmjs.org/regenerator-runtime cache-miss
659 http fetch GET 200 https://registry.npmjs.org/metro-runtime 657ms (cache miss)
660 silly packumentCache full:https://registry.npmjs.org/metro-runtime set size:undefined disposed:false
661 silly fetch manifest @react-native/codegen@0.86.2
662 silly packumentCache full:https://registry.npmjs.org/@react-native%2fcodegen cache-miss
663 http fetch GET 200 https://registry.npmjs.org/stacktrace-parser 141ms (cache miss)
664 silly packumentCache full:https://registry.npmjs.org/stacktrace-parser set size:undefined disposed:false
665 silly fetch manifest @react-native/js-polyfills@0.86.2
666 silly packumentCache full:https://registry.npmjs.org/@react-native%2fjs-polyfills cache-miss
667 http fetch GET 200 https://registry.npmjs.org/flow-enums-runtime 139ms (cache miss)
668 silly packumentCache full:https://registry.npmjs.org/flow-enums-runtime set size:undefined disposed:false
669 silly fetch manifest @react-native/gradle-plugin@0.86.2
670 silly packumentCache full:https://registry.npmjs.org/@react-native%2fgradle-plugin cache-miss
671 http fetch GET 200 https://registry.npmjs.org/regenerator-runtime 126ms (cache miss)
672 silly packumentCache full:https://registry.npmjs.org/regenerator-runtime set size:undefined disposed:false
673 silly fetch manifest @react-native/assets-registry@0.86.2
674 silly packumentCache full:https://registry.npmjs.org/@react-native%2fassets-registry cache-miss
675 http fetch GET 200 https://registry.npmjs.org/metro-source-map 239ms (cache miss)
676 silly packumentCache full:https://registry.npmjs.org/metro-source-map set size:undefined disposed:false
677 silly fetch manifest @react-native/normalize-colors@0.86.2
678 silly packumentCache full:https://registry.npmjs.org/@react-native%2fnormalize-colors cache-miss
679 http fetch GET 200 https://registry.npmjs.org/react-devtools-core 240ms (cache miss)
680 silly packumentCache full:https://registry.npmjs.org/react-devtools-core set size:undefined disposed:false
681 silly fetch manifest @react-native/virtualized-lists@0.86.2
682 silly packumentCache full:https://registry.npmjs.org/@react-native%2fvirtualized-lists cache-miss
683 http fetch GET 200 https://registry.npmjs.org/@react-native%2fjs-polyfills 596ms (cache miss)
684 silly packumentCache full:https://registry.npmjs.org/@react-native%2fjs-polyfills set size:undefined disposed:false
685 silly fetch manifest babel-plugin-syntax-hermes-parser@0.36.0
686 silly packumentCache full:https://registry.npmjs.org/babel-plugin-syntax-hermes-parser cache-miss
687 http fetch GET 200 https://registry.npmjs.org/@react-native%2fgradle-plugin 753ms (cache miss)
688 silly packumentCache full:https://registry.npmjs.org/@react-native%2fgradle-plugin set size:undefined disposed:false
689 silly fetch manifest @react-native/community-cli-plugin@0.86.2
690 silly packumentCache full:https://registry.npmjs.org/@react-native%2fcommunity-cli-plugin cache-miss
691 http fetch GET 200 https://registry.npmjs.org/@react-native%2fnormalize-colors 900ms (cache miss)
692 silly packumentCache full:https://registry.npmjs.org/@react-native%2fnormalize-colors set size:undefined disposed:false
693 silly fetch manifest @standard-schema/utils@^0.3.0
694 silly packumentCache full:https://registry.npmjs.org/@standard-schema%2futils cache-miss
695 http fetch GET 200 https://registry.npmjs.org/@react-native%2fassets-registry 1002ms (cache miss)
696 silly packumentCache full:https://registry.npmjs.org/@react-native%2fassets-registry set size:undefined disposed:false
697 silly fetch manifest idb@8.0.3
698 silly packumentCache full:https://registry.npmjs.org/idb cache-miss
699 http fetch GET 200 https://registry.npmjs.org/babel-plugin-syntax-hermes-parser 465ms (cache miss)
700 silly packumentCache full:https://registry.npmjs.org/babel-plugin-syntax-hermes-parser set size:undefined disposed:false
701 silly fetch manifest csstype@^3.2.2
702 silly packumentCache full:https://registry.npmjs.org/csstype cache-miss
703 http fetch GET 200 https://registry.npmjs.org/@react-native%2fcodegen 1261ms (cache miss)
704 silly packumentCache full:https://registry.npmjs.org/@react-native%2fcodegen set size:undefined disposed:false
705 silly fetch manifest form-data@^4.0.6
706 silly packumentCache full:https://registry.npmjs.org/form-data cache-miss
707 http fetch GET 200 https://registry.npmjs.org/@standard-schema%2futils 312ms (cache miss)
708 silly packumentCache full:https://registry.npmjs.org/@standard-schema%2futils set size:undefined disposed:false
709 silly fetch manifest proxy-from-env@^2.1.0
710 silly packumentCache full:https://registry.npmjs.org/proxy-from-env cache-miss
711 http fetch GET 200 https://registry.npmjs.org/@react-native%2fvirtualized-lists 1198ms (cache miss)
712 silly packumentCache full:https://registry.npmjs.org/@react-native%2fvirtualized-lists set size:undefined disposed:false
713 silly fetch manifest follow-redirects@^1.16.0
714 silly packumentCache full:https://registry.npmjs.org/follow-redirects cache-miss
715 http fetch GET 200 https://registry.npmjs.org/idb 339ms (cache miss)
716 silly packumentCache full:https://registry.npmjs.org/idb set size:undefined disposed:false
717 silly fetch manifest https-proxy-agent@^5.0.1
718 silly packumentCache full:https://registry.npmjs.org/https-proxy-agent cache-miss
719 http fetch GET 200 https://registry.npmjs.org/csstype 332ms (cache miss)
720 silly packumentCache full:https://registry.npmjs.org/csstype set size:undefined disposed:false
721 silly fetch manifest @expo/env@~2.4.2
722 silly packumentCache full:https://registry.npmjs.org/@expo%2fenv cache-miss
723 http fetch GET 200 https://registry.npmjs.org/form-data 232ms (cache miss)
724 silly packumentCache full:https://registry.npmjs.org/form-data set size:undefined disposed:false
725 silly fetch manifest ua-parser-js@^0.7.33
726 silly packumentCache full:https://registry.npmjs.org/ua-parser-js cache-miss
727 http fetch GET 200 https://registry.npmjs.org/proxy-from-env 211ms (cache miss)
728 silly packumentCache full:https://registry.npmjs.org/proxy-from-env set size:undefined disposed:false
729 silly fetch manifest fontfaceobserver@^2.1.0
730 silly packumentCache full:https://registry.npmjs.org/fontfaceobserver cache-miss
731 http fetch GET 200 https://registry.npmjs.org/https-proxy-agent 154ms (cache miss)
732 silly packumentCache full:https://registry.npmjs.org/https-proxy-agent set size:undefined disposed:false
733 silly fetch manifest sf-symbols-typescript@^2.2.0
734 silly packumentCache full:https://registry.npmjs.org/sf-symbols-typescript cache-miss
735 http fetch GET 200 https://registry.npmjs.org/follow-redirects 240ms (cache miss)
736 silly packumentCache full:https://registry.npmjs.org/follow-redirects set size:undefined disposed:false
737 silly fetch manifest color@^4.2.3
738 silly packumentCache full:https://registry.npmjs.org/color cache-miss
739 http cache https://registry.npmjs.org/sf-symbols-typescript 103ms (cache hit)
740 silly packumentCache full:https://registry.npmjs.org/sf-symbols-typescript set size:18602 disposed:false
741 silly fetch manifest debug@^4.3.4
742 silly packumentCache full:https://registry.npmjs.org/debug cache-miss
743 http fetch GET 200 https://registry.npmjs.org/fontfaceobserver 183ms (cache miss)
744 silly packumentCache full:https://registry.npmjs.org/fontfaceobserver set size:undefined disposed:false
745 silly fetch manifest nanoid@^3.3.8
746 silly packumentCache full:https://registry.npmjs.org/nanoid cache-miss
747 http fetch GET 200 https://registry.npmjs.org/scheduler 2996ms (cache miss)
748 silly packumentCache full:https://registry.npmjs.org/scheduler set size:undefined disposed:false
749 silly fetch manifest react-is@^19.1.0
750 silly packumentCache full:https://registry.npmjs.org/react-is cache-miss
751 http fetch GET 200 https://registry.npmjs.org/color 294ms (cache miss)
752 silly packumentCache full:https://registry.npmjs.org/color set size:undefined disposed:false
753 silly fetch manifest client-only@^0.0.1
754 silly packumentCache full:https://registry.npmjs.org/client-only cache-miss
755 http fetch GET 200 https://registry.npmjs.org/@expo%2fenv 548ms (cache miss)
756 silly packumentCache full:https://registry.npmjs.org/@expo%2fenv set size:undefined disposed:false
757 silly fetch manifest expo-server@^57.0.2
758 silly packumentCache full:https://registry.npmjs.org/expo-server cache-miss
759 http fetch GET 200 https://registry.npmjs.org/debug 367ms (cache miss)
760 silly packumentCache full:https://registry.npmjs.org/debug set size:undefined disposed:false
761 silly fetch manifest server-only@^0.0.1
762 silly packumentCache full:https://registry.npmjs.org/server-only cache-miss
763 http fetch GET 200 https://registry.npmjs.org/ua-parser-js 585ms (cache miss)
764 silly packumentCache full:https://registry.npmjs.org/ua-parser-js set size:undefined disposed:false
765 silly fetch manifest expo-symbols@^57.0.2
766 silly packumentCache full:https://registry.npmjs.org/expo-symbols cache-miss
767 http fetch GET 200 https://registry.npmjs.org/nanoid 409ms (cache miss)
768 silly packumentCache full:https://registry.npmjs.org/nanoid set size:undefined disposed:false
769 silly fetch manifest query-string@^7.1.3
770 silly packumentCache full:https://registry.npmjs.org/query-string cache-miss
771 http fetch GET 200 https://registry.npmjs.org/client-only 229ms (cache miss)
772 silly packumentCache full:https://registry.npmjs.org/client-only set size:undefined disposed:false
773 silly fetch manifest shallowequal@^1.1.0
774 silly packumentCache full:https://registry.npmjs.org/shallowequal cache-miss
775 http cache https://registry.npmjs.org/expo-symbols 88ms (cache hit)
776 silly packumentCache full:https://registry.npmjs.org/expo-symbols set size:624093 disposed:false
777 silly fetch manifest fast-deep-equal@^3.1.3
778 silly packumentCache full:https://registry.npmjs.org/fast-deep-equal cache-miss
779 http fetch GET 200 https://registry.npmjs.org/server-only 166ms (cache miss)
780 silly packumentCache full:https://registry.npmjs.org/server-only set size:undefined disposed:false
781 silly fetch manifest @expo/schema-utils@^57.0.2
782 silly packumentCache full:https://registry.npmjs.org/@expo%2fschema-utils cache-miss
783 http fetch GET 200 https://registry.npmjs.org/@react-native%2fcommunity-cli-plugin 1442ms (cache miss)
784 silly packumentCache full:https://registry.npmjs.org/@react-native%2fcommunity-cli-plugin set size:undefined disposed:false
785 silly fetch manifest react-fast-compare@^3.2.2
786 silly packumentCache full:https://registry.npmjs.org/react-fast-compare cache-miss
787 http fetch GET 200 https://registry.npmjs.org/expo-server 332ms (cache miss)
788 silly packumentCache full:https://registry.npmjs.org/expo-server set size:undefined disposed:false
789 silly fetch manifest @expo/metro-runtime@^57.0.9
790 silly packumentCache full:https://registry.npmjs.org/@expo%2fmetro-runtime cache-miss
791 http fetch GET 200 https://registry.npmjs.org/shallowequal 196ms (cache miss)
792 silly packumentCache full:https://registry.npmjs.org/shallowequal set size:undefined disposed:false
793 silly fetch manifest standard-navigation@^0.0.5
794 silly packumentCache full:https://registry.npmjs.org/standard-navigation cache-miss
795 http fetch GET 200 https://registry.npmjs.org/query-string 254ms (cache miss)
796 silly packumentCache full:https://registry.npmjs.org/query-string set size:undefined disposed:false
797 silly fetch manifest @radix-ui/react-slot@^1.2.0
798 silly packumentCache full:https://registry.npmjs.org/@radix-ui%2freact-slot cache-miss
799 http fetch GET 200 https://registry.npmjs.org/fast-deep-equal 226ms (cache miss)
800 silly packumentCache full:https://registry.npmjs.org/fast-deep-equal set size:undefined disposed:false
801 silly fetch manifest @radix-ui/react-tabs@^1.1.12
802 silly packumentCache full:https://registry.npmjs.org/@radix-ui%2freact-tabs cache-miss
803 http cache https://registry.npmjs.org/@expo%2fmetro-runtime 92ms (cache hit)
804 silly packumentCache full:https://registry.npmjs.org/@expo%2fmetro-runtime set size:796738 disposed:false
805 silly fetch manifest escape-string-regexp@^4.0.0
806 silly packumentCache full:https://registry.npmjs.org/escape-string-regexp cache-miss
807 http fetch GET 200 https://registry.npmjs.org/@expo%2fschema-utils 286ms (cache miss)
808 silly packumentCache full:https://registry.npmjs.org/@expo%2fschema-utils set size:undefined disposed:false
809 silly fetch manifest react-native-screens@^4.26.0
810 silly packumentCache full:https://registry.npmjs.org/react-native-screens cache-miss
811 http fetch GET 200 https://registry.npmjs.org/standard-navigation 169ms (cache miss)
812 silly packumentCache full:https://registry.npmjs.org/standard-navigation set size:undefined disposed:false
813 silly fetch manifest @testing-library/jest-dom@^6.9.1
814 silly packumentCache full:https://registry.npmjs.org/@testing-library%2fjest-dom cache-miss
815 http fetch GET 200 https://registry.npmjs.org/react-fast-compare 243ms (cache miss)
816 silly packumentCache full:https://registry.npmjs.org/react-fast-compare set size:undefined disposed:false
817 silly fetch manifest react-native-drawer-layout@^4.2.2
818 silly packumentCache full:https://registry.npmjs.org/react-native-drawer-layout cache-miss
819 http cache https://registry.npmjs.org/react-native-screens 131ms (cache hit)
820 silly packumentCache full:https://registry.npmjs.org/react-native-screens set size:4425278 disposed:false
821 silly fetch manifest @testing-library/user-event@^14.6.1
822 silly packumentCache full:https://registry.npmjs.org/@testing-library%2fuser-event cache-miss
823 http fetch GET 200 https://registry.npmjs.org/escape-string-regexp 304ms (cache miss)
824 silly packumentCache full:https://registry.npmjs.org/escape-string-regexp set size:undefined disposed:false
825 silly fetch manifest @react-native-masked-view/masked-view@^0.3.2
826 silly packumentCache full:https://registry.npmjs.org/@react-native-masked-view%2fmasked-view cache-miss
827 http fetch GET 200 https://registry.npmjs.org/@radix-ui%2freact-slot 423ms (cache miss)
828 silly packumentCache full:https://registry.npmjs.org/@radix-ui%2freact-slot set size:undefined disposed:false
829 silly fetch manifest @expo/plist@^0.8.1
830 silly packumentCache full:https://registry.npmjs.org/@expo%2fplist cache-miss
831 http fetch GET 200 https://registry.npmjs.org/@react-native-masked-view%2fmasked-view 115ms (cache miss)
832 silly packumentCache full:https://registry.npmjs.org/@react-native-masked-view%2fmasked-view set size:undefined disposed:false
833 silly fetch manifest @expo/config-types@^57.0.2
834 silly packumentCache full:https://registry.npmjs.org/@expo%2fconfig-types cache-miss
835 http fetch GET 200 https://registry.npmjs.org/react-native-drawer-layout 342ms (cache miss)
836 silly packumentCache full:https://registry.npmjs.org/react-native-drawer-layout set size:undefined disposed:false
837 silly fetch manifest @expo/config-plugins@^57.0.7
838 silly packumentCache full:https://registry.npmjs.org/@expo%2fconfig-plugins cache-miss
839 http fetch GET 200 https://registry.npmjs.org/@testing-library%2fjest-dom 414ms (cache miss)
840 silly packumentCache full:https://registry.npmjs.org/@testing-library%2fjest-dom set size:undefined disposed:false
841 silly fetch manifest xml2js@0.6.0
842 silly packumentCache full:https://registry.npmjs.org/xml2js cache-miss
843 http cache https://registry.npmjs.org/@expo%2fconfig-plugins 100ms (cache hit)
844 silly packumentCache full:https://registry.npmjs.org/@expo%2fconfig-plugins set size:1332099 disposed:false
845 silly fetch manifest @expo/image-utils@^0.11.4
846 silly packumentCache full:https://registry.npmjs.org/@expo%2fimage-utils cache-miss
847 http fetch GET 200 https://registry.npmjs.org/@radix-ui%2freact-tabs 706ms (cache miss)
848 silly packumentCache full:https://registry.npmjs.org/@radix-ui%2freact-tabs set size:undefined disposed:false
849 silly fetch manifest sf-symbols-typescript@^2.0.0
850 silly packumentCache full:https://registry.npmjs.org/sf-symbols-typescript cache-hit
851 silly fetch manifest @expo-google-fonts/material-symbols@^0.4.1
852 silly packumentCache full:https://registry.npmjs.org/@expo-google-fonts%2fmaterial-symbols cache-miss
853 http fetch GET 200 https://registry.npmjs.org/xml2js 227ms (cache miss)
854 silly packumentCache full:https://registry.npmjs.org/xml2js set size:undefined disposed:false
855 silly fetch manifest debug@^4.3.2
856 silly packumentCache full:https://registry.npmjs.org/debug cache-miss
857 http fetch GET 200 https://registry.npmjs.org/@testing-library%2fuser-event 469ms (cache miss)
858 silly packumentCache full:https://registry.npmjs.org/@testing-library%2fuser-event set size:undefined disposed:false
859 silly fetch manifest css-tree@^1.1.3
860 silly packumentCache full:https://registry.npmjs.org/css-tree cache-miss
861 http fetch GET 200 https://registry.npmjs.org/@expo%2fplist 429ms (cache miss)
862 silly packumentCache full:https://registry.npmjs.org/@expo%2fplist set size:undefined disposed:false
863 silly fetch manifest css-select@^5.1.0
864 silly packumentCache full:https://registry.npmjs.org/css-select cache-miss
865 http cache https://registry.npmjs.org/debug 119ms (cache hit)
866 silly packumentCache full:https://registry.npmjs.org/debug set size:195840 disposed:false
867 silly fetch manifest scheduler@^0.27.0
868 silly packumentCache full:https://registry.npmjs.org/scheduler cache-miss
869 http fetch GET 200 https://registry.npmjs.org/@expo-google-fonts%2fmaterial-symbols 198ms (cache miss)
870 silly packumentCache full:https://registry.npmjs.org/@expo-google-fonts%2fmaterial-symbols set size:undefined disposed:false
871 silly fetch manifest @egjs/hammerjs@^2.0.17
872 silly packumentCache full:https://registry.npmjs.org/@egjs%2fhammerjs cache-miss
873 http cache https://registry.npmjs.org/scheduler 118ms (cache hit)
874 silly packumentCache full:https://registry.npmjs.org/scheduler set size:5687317 disposed:false
875 silly fetch manifest hoist-non-react-statics@^3.3.0
876 silly packumentCache full:https://registry.npmjs.org/hoist-non-react-statics cache-miss
877 http fetch GET 200 https://registry.npmjs.org/@expo%2fconfig-types 819ms (cache miss)
878 silly packumentCache full:https://registry.npmjs.org/@expo%2fconfig-types set size:undefined disposed:false
879 silly fetch manifest @types/react-test-renderer@^19.1.0
880 silly packumentCache full:https://registry.npmjs.org/@types%2freact-test-renderer cache-miss
881 http fetch GET 200 https://registry.npmjs.org/css-select 475ms (cache miss)
882 silly packumentCache full:https://registry.npmjs.org/css-select set size:undefined disposed:false
883 silly fetch manifest color@^3.1.2
884 silly packumentCache full:https://registry.npmjs.org/color cache-miss
885 http fetch GET 200 https://registry.npmjs.org/css-tree 532ms (cache miss)
886 silly packumentCache full:https://registry.npmjs.org/css-tree set size:undefined disposed:false
887 silly fetch manifest use-latest-callback@^0.2.3
888 silly packumentCache full:https://registry.npmjs.org/use-latest-callback cache-miss
889 http fetch GET 200 https://registry.npmjs.org/@egjs%2fhammerjs 457ms (cache miss)
890 silly packumentCache full:https://registry.npmjs.org/@egjs%2fhammerjs set size:undefined disposed:false
891 silly fetch manifest @callstack/react-theme-provider@^3.0.9
892 silly packumentCache full:https://registry.npmjs.org/@callstack%2freact-theme-provider cache-miss
893 http fetch GET 200 https://registry.npmjs.org/@expo%2fimage-utils 776ms (cache miss)
894 silly packumentCache full:https://registry.npmjs.org/@expo%2fimage-utils set size:undefined disposed:false
895 silly fetch manifest semver@^7.7.3
896 silly packumentCache full:https://registry.npmjs.org/semver cache-miss
897 http cache https://registry.npmjs.org/color 112ms (cache hit)
898 silly packumentCache full:https://registry.npmjs.org/color set size:98234 disposed:false
899 silly fetch manifest react-native-is-edge-to-edge@^1.3.1
900 silly packumentCache full:https://registry.npmjs.org/react-native-is-edge-to-edge cache-miss
901 http fetch GET 200 https://registry.npmjs.org/hoist-non-react-statics 218ms (cache miss)
902 silly packumentCache full:https://registry.npmjs.org/hoist-non-react-statics set size:undefined disposed:false
903 silly fetch manifest semver@^7.7.4
904 silly packumentCache full:https://registry.npmjs.org/semver cache-miss
905 http cache https://registry.npmjs.org/semver 70ms (cache hit)
906 silly packumentCache full:https://registry.npmjs.org/semver set size:246069 disposed:false
907 silly fetch manifest @babel/types@^7.27.1
908 silly packumentCache full:https://registry.npmjs.org/@babel%2ftypes cache-miss
909 http fetch GET 200 https://registry.npmjs.org/use-latest-callback 165ms (cache miss)
910 silly packumentCache full:https://registry.npmjs.org/use-latest-callback set size:undefined disposed:false
911 silly fetch manifest convert-source-map@^2.0.0
912 silly packumentCache full:https://registry.npmjs.org/convert-source-map cache-miss
913 http fetch GET 200 https://registry.npmjs.org/@types%2freact-test-renderer 226ms (cache miss)
914 silly packumentCache full:https://registry.npmjs.org/@types%2freact-test-renderer set size:undefined disposed:false
915 silly fetch manifest @babel/preset-typescript@^7.28.5
916 silly packumentCache full:https://registry.npmjs.org/@babel%2fpreset-typescript cache-miss
917 http cache https://registry.npmjs.org/semver 79ms (cache hit)
918 silly packumentCache full:https://registry.npmjs.org/semver set size:246069 disposed:false
919 silly packumentCache full:https://registry.npmjs.org/semver dispose
920 silly fetch manifest @babel/plugin-transform-classes@^7.28.6
921 silly packumentCache full:https://registry.npmjs.org/@babel%2fplugin-transform-classes cache-miss
922 http fetch GET 200 https://registry.npmjs.org/react-native-is-edge-to-edge 134ms (cache miss)
923 silly packumentCache full:https://registry.npmjs.org/react-native-is-edge-to-edge set size:undefined disposed:false
924 silly fetch manifest @babel/plugin-transform-unicode-regex@^7.27.1
925 silly packumentCache full:https://registry.npmjs.org/@babel%2fplugin-transform-unicode-regex cache-miss
926 http fetch GET 200 https://registry.npmjs.org/@callstack%2freact-theme-provider 223ms (cache miss)
927 silly packumentCache full:https://registry.npmjs.org/@callstack%2freact-theme-provider set size:undefined disposed:false
928 silly fetch manifest @babel/plugin-transform-arrow-functions@^7.27.1
929 silly packumentCache full:https://registry.npmjs.org/@babel%2fplugin-transform-arrow-functions cache-miss
930 http fetch GET 200 https://registry.npmjs.org/convert-source-map 137ms (cache miss)
931 silly packumentCache full:https://registry.npmjs.org/convert-source-map set size:undefined disposed:false
932 silly fetch manifest @babel/plugin-transform-class-properties@^7.28.6
933 silly packumentCache full:https://registry.npmjs.org/@babel%2fplugin-transform-class-properties cache-miss
934 http fetch GET 200 https://registry.npmjs.org/@babel%2fpreset-typescript 181ms (cache miss)
935 silly packumentCache full:https://registry.npmjs.org/@babel%2fpreset-typescript set size:undefined disposed:false
936 silly fetch manifest @babel/plugin-transform-optional-chaining@^7.28.6
937 silly packumentCache full:https://registry.npmjs.org/@babel%2fplugin-transform-optional-chaining cache-miss
938 http fetch GET 200 https://registry.npmjs.org/@babel%2ftypes 286ms (cache miss)
939 silly packumentCache full:https://registry.npmjs.org/@babel%2ftypes set size:undefined disposed:false
940 silly fetch manifest @babel/plugin-transform-template-literals@^7.27.1
941 silly packumentCache full:https://registry.npmjs.org/@babel%2fplugin-transform-template-literals cache-miss
942 http fetch GET 200 https://registry.npmjs.org/@babel%2fplugin-transform-classes 285ms (cache miss)
943 silly packumentCache full:https://registry.npmjs.org/@babel%2fplugin-transform-classes set size:undefined disposed:false
944 silly fetch manifest @babel/plugin-transform-shorthand-properties@^7.27.1
945 silly packumentCache full:https://registry.npmjs.org/@babel%2fplugin-transform-shorthand-properties cache-miss
946 http fetch GET 200 https://registry.npmjs.org/@babel%2fplugin-transform-arrow-functions 260ms (cache miss)
947 silly packumentCache full:https://registry.npmjs.org/@babel%2fplugin-transform-arrow-functions set size:undefined disposed:false
948 silly fetch manifest @babel/plugin-transform-nullish-coalescing-operator@^7.28.6
949 silly packumentCache full:https://registry.npmjs.org/@babel%2fplugin-transform-nullish-coalescing-operator cache-miss
950 http fetch GET 200 https://registry.npmjs.org/@babel%2fplugin-transform-class-properties 237ms (cache miss)
951 silly packumentCache full:https://registry.npmjs.org/@babel%2fplugin-transform-class-properties set size:undefined disposed:false
952 silly fetch manifest metro-config@^0.87.0
953 silly packumentCache full:https://registry.npmjs.org/metro-config cache-miss
954 http fetch GET 200 https://registry.npmjs.org/@babel%2fplugin-transform-unicode-regex 335ms (cache miss)
955 silly packumentCache full:https://registry.npmjs.org/@babel%2fplugin-transform-unicode-regex set size:undefined disposed:false
956 silly fetch manifest metro-runtime@^0.87.0
957 silly packumentCache full:https://registry.npmjs.org/metro-runtime cache-miss
958 http fetch GET 200 https://registry.npmjs.org/@babel%2fplugin-transform-optional-chaining 201ms (cache miss)
959 silly packumentCache full:https://registry.npmjs.org/@babel%2fplugin-transform-optional-chaining set size:undefined disposed:false
960 silly fetch manifest @react-native/js-polyfills@0.87.0
961 silly packumentCache full:https://registry.npmjs.org/@react-native%2fjs-polyfills cache-miss
962 http fetch GET 200 https://registry.npmjs.org/@babel%2fplugin-transform-template-literals 164ms (cache miss)
963 silly packumentCache full:https://registry.npmjs.org/@babel%2fplugin-transform-template-literals set size:undefined disposed:false
964 silly fetch manifest @react-native/metro-babel-transformer@0.87.0
965 silly packumentCache full:https://registry.npmjs.org/@react-native%2fmetro-babel-transformer cache-miss
966 http cache https://registry.npmjs.org/metro-runtime 82ms (cache hit)
967 silly packumentCache full:https://registry.npmjs.org/metro-runtime set size:224399 disposed:false
968 silly fetch manifest obug@^2.1.1
969 silly packumentCache full:https://registry.npmjs.org/obug cache-miss
970 http cache https://registry.npmjs.org/@react-native%2fjs-polyfills 102ms (cache hit)
971 silly packumentCache full:https://registry.npmjs.org/@react-native%2fjs-polyfills set size:2020405 disposed:false
972 silly fetch manifest json5@^2.2.3
973 silly packumentCache full:https://registry.npmjs.org/json5 cache-miss
974 http fetch GET 200 https://registry.npmjs.org/@babel%2fplugin-transform-nullish-coalescing-operator 240ms (cache miss)
975 silly packumentCache full:https://registry.npmjs.org/@babel%2fplugin-transform-nullish-coalescing-operator set size:undefined disposed:false
976 silly fetch manifest gensync@^1.0.0-beta.2
977 silly packumentCache full:https://registry.npmjs.org/gensync cache-miss
978 http fetch GET 200 https://registry.npmjs.org/react-is 2780ms (cache miss)
979 silly packumentCache full:https://registry.npmjs.org/react-is set size:undefined disposed:false
980 silly fetch manifest empathic@^2.0.1
981 silly packumentCache full:https://registry.npmjs.org/empathic cache-miss
982 http fetch GET 200 https://registry.npmjs.org/obug 289ms (cache miss)
983 silly packumentCache full:https://registry.npmjs.org/obug set size:undefined disposed:false
984 silly fetch manifest @babel/types@^8.0.0
985 silly packumentCache full:https://registry.npmjs.org/@babel%2ftypes cache-miss
986 http fetch GET 200 https://registry.npmjs.org/@babel%2fplugin-transform-shorthand-properties 465ms (cache miss)
987 silly packumentCache full:https://registry.npmjs.org/@babel%2fplugin-transform-shorthand-properties set size:undefined disposed:false
988 silly fetch manifest @babel/parser@^8.0.0
989 silly packumentCache full:https://registry.npmjs.org/@babel%2fparser cache-miss
990 http fetch GET 200 https://registry.npmjs.org/metro-config 440ms (cache miss)
991 silly packumentCache full:https://registry.npmjs.org/metro-config set size:undefined disposed:false
992 silly fetch manifest @babel/helpers@^8.0.0
993 silly packumentCache full:https://registry.npmjs.org/@babel%2fhelpers cache-miss
994 http fetch GET 200 https://registry.npmjs.org/gensync 252ms (cache miss)
995 silly packumentCache full:https://registry.npmjs.org/gensync set size:undefined disposed:false
996 silly fetch manifest @types/gensync@^1.0.5
997 silly packumentCache full:https://registry.npmjs.org/@types%2fgensync cache-miss
998 http cache https://registry.npmjs.org/@babel%2ftypes 75ms (cache hit)
999 silly packumentCache full:https://registry.npmjs.org/@babel%2ftypes set size:502938 disposed:false
1000 silly fetch manifest @babel/template@^8.0.0
1001 silly packumentCache full:https://registry.npmjs.org/@babel%2ftemplate cache-miss
1002 http fetch GET 200 https://registry.npmjs.org/json5 325ms (cache miss)
1003 silly packumentCache full:https://registry.npmjs.org/json5 set size:undefined disposed:false
1004 silly fetch manifest @babel/traverse@^8.0.0
1005 silly packumentCache full:https://registry.npmjs.org/@babel%2ftraverse cache-miss
1006 http fetch GET 200 https://registry.npmjs.org/empathic 153ms (cache miss)
1007 silly packumentCache full:https://registry.npmjs.org/empathic set size:undefined disposed:false
1008 silly fetch manifest @babel/generator@^8.0.0
1009 silly packumentCache full:https://registry.npmjs.org/@babel%2fgenerator cache-miss
1010 http fetch GET 200 https://registry.npmjs.org/@types%2fgensync 85ms (cache miss)
1011 silly packumentCache full:https://registry.npmjs.org/@types%2fgensync set size:undefined disposed:false
1012 silly fetch manifest @babel/code-frame@^8.0.0
1013 silly packumentCache full:https://registry.npmjs.org/@babel%2fcode-frame cache-miss
1014 http fetch GET 200 https://registry.npmjs.org/@babel%2ftemplate 163ms (cache miss)
1015 silly packumentCache full:https://registry.npmjs.org/@babel%2ftemplate set size:undefined disposed:false
1016 silly fetch manifest import-meta-resolve@^4.2.0
1017 silly packumentCache full:https://registry.npmjs.org/import-meta-resolve cache-miss
1018 http fetch GET 200 https://registry.npmjs.org/@babel%2fcode-frame 149ms (cache miss)
1019 silly packumentCache full:https://registry.npmjs.org/@babel%2fcode-frame set size:undefined disposed:false
1020 silly fetch manifest @babel/helper-compilation-targets@^8.0.0
1021 silly packumentCache full:https://registry.npmjs.org/@babel%2fhelper-compilation-targets cache-miss
1022 http fetch GET 200 https://registry.npmjs.org/@babel%2ftraverse 211ms (cache miss)
1023 silly packumentCache full:https://registry.npmjs.org/@babel%2ftraverse set size:undefined disposed:false
1024 silly fetch manifest warn-once@^0.1.0
1025 silly packumentCache full:https://registry.npmjs.org/warn-once cache-miss
1026 http fetch GET 200 https://registry.npmjs.org/@babel%2fgenerator 226ms (cache miss)
1027 silly packumentCache full:https://registry.npmjs.org/@babel%2fgenerator set size:undefined disposed:false
1028 silly fetch manifest react-freeze@^1.0.0
1029 silly packumentCache full:https://registry.npmjs.org/react-freeze cache-miss
1030 http fetch GET 200 https://registry.npmjs.org/@react-native%2fmetro-babel-transformer 739ms (cache miss)
1031 silly packumentCache full:https://registry.npmjs.org/@react-native%2fmetro-babel-transformer set size:undefined disposed:false
1032 silly fetch manifest fbjs@^3.0.4
1033 silly packumentCache full:https://registry.npmjs.org/fbjs cache-miss
1034 http fetch GET 200 https://registry.npmjs.org/import-meta-resolve 217ms (cache miss)
1035 silly packumentCache full:https://registry.npmjs.org/import-meta-resolve set size:undefined disposed:false
1036 silly fetch manifest styleq@^0.1.3
1037 silly packumentCache full:https://registry.npmjs.org/styleq cache-miss
1038 http fetch GET 200 https://registry.npmjs.org/warn-once 189ms (cache miss)
1039 silly packumentCache full:https://registry.npmjs.org/warn-once set size:undefined disposed:false
1040 silly fetch manifest memoize-one@^6.0.0
1041 silly packumentCache full:https://registry.npmjs.org/memoize-one cache-miss
1042 http fetch GET 200 https://registry.npmjs.org/react-freeze 163ms (cache miss)
1043 silly packumentCache full:https://registry.npmjs.org/react-freeze set size:undefined disposed:false
1044 silly fetch manifest @babel/runtime@^7.18.6
1045 silly packumentCache full:https://registry.npmjs.org/@babel%2fruntime cache-miss
1046 http fetch GET 200 https://registry.npmjs.org/@babel%2fhelper-compilation-targets 251ms (cache miss)
1047 silly packumentCache full:https://registry.npmjs.org/@babel%2fhelper-compilation-targets set size:undefined disposed:false
1048 silly fetch manifest postcss-value-parser@^4.2.0
1049 silly packumentCache full:https://registry.npmjs.org/postcss-value-parser cache-miss
1050 http cache https://registry.npmjs.org/memoize-one 65ms (cache hit)
1051 silly packumentCache full:https://registry.npmjs.org/memoize-one set size:217155 disposed:false
1052 silly fetch manifest inline-style-prefixer@^7.0.1
1053 silly packumentCache full:https://registry.npmjs.org/inline-style-prefixer cache-miss
1054 http cache https://registry.npmjs.org/@babel%2fruntime 109ms (cache hit)
1055 silly packumentCache full:https://registry.npmjs.org/@babel%2fruntime set size:3471810 disposed:false
1056 silly fetch manifest @react-native/normalize-colors@^0.74.1
1057 silly packumentCache full:https://registry.npmjs.org/@react-native%2fnormalize-colors cache-miss
1058 http fetch GET 200 https://registry.npmjs.org/styleq 289ms (cache miss)
1059 silly packumentCache full:https://registry.npmjs.org/styleq set size:undefined disposed:false
1060 http fetch GET 200 https://registry.npmjs.org/@babel%2fhelpers 747ms (cache miss)
1061 silly packumentCache full:https://registry.npmjs.org/@babel%2fhelpers set size:undefined disposed:false
1062 http fetch GET 200 https://registry.npmjs.org/fbjs 341ms (cache miss)
1063 silly packumentCache full:https://registry.npmjs.org/fbjs set size:undefined disposed:false
1064 http cache https://registry.npmjs.org/@react-native%2fnormalize-colors 79ms (cache hit)
1065 silly packumentCache full:https://registry.npmjs.org/@react-native%2fnormalize-colors set size:2032310 disposed:false
1066 http fetch GET 200 https://registry.npmjs.org/postcss-value-parser 373ms (cache miss)
1067 silly packumentCache full:https://registry.npmjs.org/postcss-value-parser set size:undefined disposed:false
1068 http fetch GET 200 https://registry.npmjs.org/@babel%2fparser 938ms (cache miss)
1069 silly packumentCache full:https://registry.npmjs.org/@babel%2fparser set size:undefined disposed:false
1070 http fetch GET 200 https://registry.npmjs.org/inline-style-prefixer 376ms (cache miss)
1071 silly packumentCache full:https://registry.npmjs.org/inline-style-prefixer set size:undefined disposed:false
1072 silly placeDep ROOT @babel/code-frame@8.0.0 OK for: @babel/core@8.0.1 want: ^8.0.0
1073 silly placeDep ROOT @babel/generator@8.0.0 OK for: @babel/core@8.0.1 want: ^8.0.0
1074 silly placeDep ROOT @babel/helper-compilation-targets@8.0.0 OK for: @babel/core@8.0.1 want: ^8.0.0
1075 silly placeDep ROOT @babel/helpers@8.0.0 OK for: @babel/core@8.0.1 want: ^8.0.0
1076 silly placeDep ROOT @babel/parser@8.0.4 OK for: @babel/core@8.0.1 want: ^8.0.0
1077 silly placeDep ROOT @babel/template@8.0.0 OK for: @babel/core@8.0.1 want: ^8.0.0
1078 silly placeDep ROOT @babel/traverse@8.0.4 OK for: @babel/core@8.0.1 want: ^8.0.0
1079 silly placeDep ROOT @babel/types@8.0.4 OK for: @babel/core@8.0.1 want: ^8.0.0
1080 silly placeDep ROOT @types/gensync@1.0.5 OK for: @babel/core@8.0.1 want: ^1.0.5
1081 silly placeDep ROOT convert-source-map@2.0.0 OK for: @babel/core@8.0.1 want: ^2.0.0
1082 silly placeDep ROOT empathic@2.0.1 OK for: @babel/core@8.0.1 want: ^2.0.1
1083 silly placeDep ROOT gensync@1.0.0-beta.2 OK for: @babel/core@8.0.1 want: ^1.0.0-beta.2
1084 silly placeDep ROOT import-meta-resolve@4.2.0 OK for: @babel/core@8.0.1 want: ^4.2.0
1085 silly placeDep ROOT json5@2.2.3 OK for: @babel/core@8.0.1 want: ^2.2.3
1086 silly placeDep ROOT obug@2.1.4 OK for: @babel/core@8.0.1 want: ^2.1.1
1087 silly placeDep ROOT semver@7.8.5 OK for: @babel/core@8.0.1 want: ^7.7.3
1088 silly fetch manifest js-tokens@^10.0.0
1089 silly packumentCache full:https://registry.npmjs.org/js-tokens cache-miss
1090 silly fetch manifest @babel/helper-validator-identifier@^8.0.0
1091 silly packumentCache full:https://registry.npmjs.org/@babel%2fhelper-validator-identifier cache-miss
1092 silly fetch manifest jsesc@^3.0.2
1093 silly packumentCache full:https://registry.npmjs.org/jsesc cache-miss
1094 silly fetch manifest @types/jsesc@^2.5.0
1095 silly packumentCache full:https://registry.npmjs.org/@types%2fjsesc cache-miss
1096 silly fetch manifest @jridgewell/gen-mapping@^0.3.12
1097 silly packumentCache full:https://registry.npmjs.org/@jridgewell%2fgen-mapping cache-miss
1098 silly fetch manifest @jridgewell/trace-mapping@^0.3.28
1099 silly packumentCache full:https://registry.npmjs.org/@jridgewell%2ftrace-mapping cache-miss
1100 silly fetch manifest lru-cache@^11.0.0
1101 silly packumentCache full:https://registry.npmjs.org/lru-cache cache-miss
1102 http fetch GET 200 https://registry.npmjs.org/js-tokens 163ms (cache miss)
1103 silly packumentCache full:https://registry.npmjs.org/js-tokens set size:undefined disposed:false
1104 silly fetch manifest browserslist@^4.24.0
1105 silly packumentCache full:https://registry.npmjs.org/browserslist cache-miss
1106 http fetch GET 200 https://registry.npmjs.org/@types%2fjsesc 180ms (cache miss)
1107 silly packumentCache full:https://registry.npmjs.org/@types%2fjsesc set size:undefined disposed:false
1108 silly fetch manifest @babel/compat-data@^8.0.0
1109 silly packumentCache full:https://registry.npmjs.org/@babel%2fcompat-data cache-miss
1110 http fetch GET 200 https://registry.npmjs.org/jsesc 207ms (cache miss)
1111 silly packumentCache full:https://registry.npmjs.org/jsesc set size:undefined disposed:false
1112 silly fetch manifest @babel/helper-validator-option@^8.0.0
1113 silly packumentCache full:https://registry.npmjs.org/@babel%2fhelper-validator-option cache-miss
1114 http fetch GET 200 https://registry.npmjs.org/@babel%2fhelper-validator-identifier 222ms (cache miss)
1115 silly packumentCache full:https://registry.npmjs.org/@babel%2fhelper-validator-identifier set size:undefined disposed:false
1116 silly fetch manifest @babel/types@^8.0.4
1117 silly packumentCache full:https://registry.npmjs.org/@babel%2ftypes cache-hit
1118 silly fetch manifest @babel/helper-globals@^8.0.0
1119 silly packumentCache full:https://registry.npmjs.org/@babel%2fhelper-globals cache-miss
1120 http fetch GET 200 https://registry.npmjs.org/@jridgewell%2fgen-mapping 240ms (cache miss)
1121 silly packumentCache full:https://registry.npmjs.org/@jridgewell%2fgen-mapping set size:undefined disposed:false
1122 silly fetch manifest @babel/helper-string-parser@^8.0.0
1123 silly packumentCache full:https://registry.npmjs.org/@babel%2fhelper-string-parser cache-miss
1124 http fetch GET 200 https://registry.npmjs.org/@jridgewell%2ftrace-mapping 264ms (cache miss)
1125 silly packumentCache full:https://registry.npmjs.org/@jridgewell%2ftrace-mapping set size:undefined disposed:false
1126 silly fetch manifest @babel/helper-validator-identifier@^8.0.4
1127 silly packumentCache full:https://registry.npmjs.org/@babel%2fhelper-validator-identifier cache-miss
1128 http cache https://registry.npmjs.org/@babel%2fhelper-validator-identifier 65ms (cache hit)
1129 silly packumentCache full:https://registry.npmjs.org/@babel%2fhelper-validator-identifier set size:130133 disposed:false
1130 http fetch GET 200 https://registry.npmjs.org/@babel%2fhelper-globals 136ms (cache miss)
1131 silly packumentCache full:https://registry.npmjs.org/@babel%2fhelper-globals set size:undefined disposed:false
1132 http fetch GET 200 https://registry.npmjs.org/lru-cache 358ms (cache miss)
1133 silly packumentCache full:https://registry.npmjs.org/lru-cache set size:undefined disposed:false
1134 http fetch GET 200 https://registry.npmjs.org/@babel%2fhelper-string-parser 151ms (cache miss)
1135 silly packumentCache full:https://registry.npmjs.org/@babel%2fhelper-string-parser set size:undefined disposed:false
1136 http fetch GET 200 https://registry.npmjs.org/@babel%2fhelper-validator-option 194ms (cache miss)
1137 silly packumentCache full:https://registry.npmjs.org/@babel%2fhelper-validator-option set size:undefined disposed:false
1138 http fetch GET 200 https://registry.npmjs.org/@babel%2fcompat-data 237ms (cache miss)
1139 silly packumentCache full:https://registry.npmjs.org/@babel%2fcompat-data set size:undefined disposed:false
1140 http fetch GET 200 https://registry.npmjs.org/browserslist 277ms (cache miss)
1141 silly packumentCache full:https://registry.npmjs.org/browserslist set size:undefined disposed:false
1142 silly placeDep ROOT @babel/helper-validator-identifier@8.0.4 OK for: @babel/code-frame@8.0.0 want: ^8.0.0
1143 silly placeDep ROOT js-tokens@10.0.0 OK for: @babel/code-frame@8.0.0 want: ^10.0.0
1144 silly placeDep ROOT @jridgewell/gen-mapping@0.3.13 OK for: @babel/generator@8.0.0 want: ^0.3.12
1145 silly placeDep ROOT @jridgewell/trace-mapping@0.3.31 OK for: @babel/generator@8.0.0 want: ^0.3.28
1146 silly placeDep ROOT @types/jsesc@2.5.1 OK for: @babel/generator@8.0.0 want: ^2.5.0
1147 silly placeDep ROOT jsesc@3.1.0 OK for: @babel/generator@8.0.0 want: ^3.0.2
1148 silly fetch manifest @jridgewell/trace-mapping@^0.3.24
1149 silly packumentCache full:https://registry.npmjs.org/@jridgewell%2ftrace-mapping cache-miss
1150 silly fetch manifest @jridgewell/sourcemap-codec@^1.5.0
1151 silly packumentCache full:https://registry.npmjs.org/@jridgewell%2fsourcemap-codec cache-miss
1152 silly fetch manifest @jridgewell/resolve-uri@^3.1.0
1153 silly packumentCache full:https://registry.npmjs.org/@jridgewell%2fresolve-uri cache-miss
1154 silly fetch manifest @jridgewell/sourcemap-codec@^1.4.14
1155 silly packumentCache full:https://registry.npmjs.org/@jridgewell%2fsourcemap-codec cache-miss
1156 http cache https://registry.npmjs.org/@jridgewell%2ftrace-mapping 44ms (cache hit)
1157 silly packumentCache full:https://registry.npmjs.org/@jridgewell%2ftrace-mapping set size:170909 disposed:false
1158 http fetch GET 200 https://registry.npmjs.org/@jridgewell%2fresolve-uri 104ms (cache miss)
1159 silly packumentCache full:https://registry.npmjs.org/@jridgewell%2fresolve-uri set size:undefined disposed:false
1160 http fetch GET 200 https://registry.npmjs.org/@jridgewell%2fsourcemap-codec 165ms (cache miss)
1161 silly packumentCache full:https://registry.npmjs.org/@jridgewell%2fsourcemap-codec set size:undefined disposed:false
1162 http fetch GET 200 https://registry.npmjs.org/@jridgewell%2fsourcemap-codec 176ms (cache miss)
1163 silly packumentCache full:https://registry.npmjs.org/@jridgewell%2fsourcemap-codec set size:undefined disposed:false
1164 silly placeDep ROOT @babel/compat-data@8.0.0 OK for: @babel/helper-compilation-targets@8.0.0 want: ^8.0.0
1165 silly placeDep ROOT @babel/helper-validator-option@8.0.0 OK for: @babel/helper-compilation-targets@8.0.0 want: ^8.0.0
1166 silly placeDep ROOT browserslist@4.28.8 OK for: @babel/helper-compilation-targets@8.0.0 want: ^4.24.0
1167 silly placeDep ROOT lru-cache@11.5.2 OK for: @babel/helper-compilation-targets@8.0.0 want: ^11.0.0
1168 silly fetch manifest caniuse-lite@^1.0.30001809
1169 silly packumentCache full:https://registry.npmjs.org/caniuse-lite cache-miss
1170 silly fetch manifest node-releases@^2.0.53
1171 silly packumentCache full:https://registry.npmjs.org/node-releases cache-miss
1172 silly fetch manifest electron-to-chromium@^1.5.402
1173 silly packumentCache full:https://registry.npmjs.org/electron-to-chromium cache-miss
1174 silly fetch manifest update-browserslist-db@^1.3.0
1175 silly packumentCache full:https://registry.npmjs.org/update-browserslist-db cache-miss
1176 silly fetch manifest baseline-browser-mapping@^2.11.12
1177 silly packumentCache full:https://registry.npmjs.org/baseline-browser-mapping cache-miss
1178 http fetch GET 200 https://registry.npmjs.org/update-browserslist-db 131ms (cache miss)
1179 silly packumentCache full:https://registry.npmjs.org/update-browserslist-db set size:undefined disposed:false
1180 http fetch GET 200 https://registry.npmjs.org/node-releases 166ms (cache miss)
1181 silly packumentCache full:https://registry.npmjs.org/node-releases set size:undefined disposed:false
1182 http fetch GET 200 https://registry.npmjs.org/baseline-browser-mapping 228ms (cache miss)
1183 silly packumentCache full:https://registry.npmjs.org/baseline-browser-mapping set size:undefined disposed:false
1184 http fetch GET 200 https://registry.npmjs.org/caniuse-lite 400ms (cache miss)
1185 silly packumentCache full:https://registry.npmjs.org/caniuse-lite set size:undefined disposed:false
1186 http fetch GET 200 https://registry.npmjs.org/electron-to-chromium 747ms (cache miss)
1187 silly packumentCache full:https://registry.npmjs.org/electron-to-chromium set size:undefined disposed:false
1188 silly placeDep ROOT @babel/helper-globals@8.0.0 OK for: @babel/traverse@8.0.4 want: ^8.0.0
1189 silly placeDep ROOT @babel/helper-string-parser@8.0.0 OK for: @babel/types@8.0.4 want: ^8.0.0
1190 silly fetch manifest react@*
1191 silly packumentCache full:https://registry.npmjs.org/react cache-miss
1192 http cache https://registry.npmjs.org/react 115ms (cache hit)
1193 silly packumentCache full:https://registry.npmjs.org/react set size:6888185 disposed:false
1194 silly fetch manifest react-dom@*
1195 silly packumentCache full:https://registry.npmjs.org/react-dom cache-miss
1196 http cache https://registry.npmjs.org/react-dom 106ms (cache hit)
1197 silly packumentCache full:https://registry.npmjs.org/react-dom set size:9252416 disposed:false
1198 silly placeDep ROOT sf-symbols-typescript@2.2.0 OK for: @expo/ui@57.0.10 want: ^2.1.0
1199 silly placeDep ROOT vaul@1.1.2 OK for: @expo/ui@57.0.10 want: ^1.1.2
1200 silly fetch manifest @radix-ui/react-dialog@^1.1.1
1201 silly packumentCache full:https://registry.npmjs.org/@radix-ui%2freact-dialog cache-miss
1202 http fetch GET 200 https://registry.npmjs.org/@radix-ui%2freact-dialog 233ms (cache miss)
1203 silly packumentCache full:https://registry.npmjs.org/@radix-ui%2freact-dialog set size:undefined disposed:false
1204 silly placeDep ROOT @standard-schema/utils@0.3.0 OK for: @hookform/resolvers@5.7.1 want: ^0.3.0
1205 silly placeDep ROOT @jridgewell/sourcemap-codec@1.5.5 OK for: @jridgewell/gen-mapping@0.3.13 want: ^1.5.0
1206 silly placeDep ROOT @jridgewell/resolve-uri@3.1.2 OK for: @jridgewell/trace-mapping@0.3.31 want: ^3.1.0
1207 silly placeDep ROOT idb@8.0.3 OK for: @react-native-async-storage/async-storage@3.1.1 want: 8.0.3
1208 silly placeDep ROOT @react-native/js-polyfills@0.87.0 OK for: @react-native/metro-config@0.87.0 want: 0.87.0
1209 silly placeDep ROOT @react-native/metro-babel-transformer@0.87.0 OK for: @react-native/metro-config@0.87.0 want: 0.87.0
1210 silly placeDep ROOT metro-config@0.87.0 OK for: @react-native/metro-config@0.87.0 want: ^0.87.0
1211 silly placeDep ROOT metro-runtime@0.87.0 OK for: @react-native/metro-config@0.87.0 want: ^0.87.0
1212 silly fetch manifest @babel/core@^7.25.2
1213 silly packumentCache full:https://registry.npmjs.org/@babel%2fcore cache-miss
1214 silly fetch manifest hermes-parser@0.36.1
1215 silly packumentCache full:https://registry.npmjs.org/hermes-parser cache-miss
1216 silly fetch manifest @react-native/babel-preset@0.87.0
1217 silly packumentCache full:https://registry.npmjs.org/@react-native%2fbabel-preset cache-miss
1218 silly fetch manifest connect@^3.6.5
1219 silly packumentCache full:https://registry.npmjs.org/connect cache-miss
1220 silly fetch manifest jest-validate@^29.7.0
1221 silly packumentCache full:https://registry.npmjs.org/jest-validate cache-miss
1222 silly fetch manifest metro@0.87.0
1223 silly packumentCache full:https://registry.npmjs.org/metro cache-miss
1224 silly fetch manifest metro-cache@0.87.0
1225 silly packumentCache full:https://registry.npmjs.org/metro-cache cache-miss
1226 http cache https://registry.npmjs.org/@babel%2fcore 61ms (cache hit)
1227 silly packumentCache full:https://registry.npmjs.org/@babel%2fcore set size:788273 disposed:false
1228 silly fetch manifest metro-core@0.87.0
1229 silly packumentCache full:https://registry.npmjs.org/metro-core cache-miss
1230 http fetch GET 200 https://registry.npmjs.org/hermes-parser 214ms (cache miss)
1231 silly packumentCache full:https://registry.npmjs.org/hermes-parser set size:undefined disposed:false
1232 silly fetch manifest metro-runtime@0.87.0
1233 silly packumentCache full:https://registry.npmjs.org/metro-runtime cache-hit
1234 silly fetch manifest @babel/runtime@^7.25.0
1235 silly packumentCache full:https://registry.npmjs.org/@babel%2fruntime cache-miss
1236 http fetch GET 200 https://registry.npmjs.org/metro-cache 256ms (cache miss)
1237 silly packumentCache full:https://registry.npmjs.org/metro-cache set size:undefined disposed:false
1238 http fetch GET 200 https://registry.npmjs.org/connect 288ms (cache miss)
1239 silly packumentCache full:https://registry.npmjs.org/connect set size:undefined disposed:false
1240 http cache https://registry.npmjs.org/@babel%2fruntime 126ms (cache hit)
1241 silly packumentCache full:https://registry.npmjs.org/@babel%2fruntime set size:3471810 disposed:false
1242 http fetch GET 200 https://registry.npmjs.org/jest-validate 480ms (cache miss)
1243 silly packumentCache full:https://registry.npmjs.org/jest-validate set size:undefined disposed:false
1244 http fetch GET 200 https://registry.npmjs.org/metro 507ms (cache miss)
1245 silly packumentCache full:https://registry.npmjs.org/metro set size:undefined disposed:false
1246 http fetch GET 200 https://registry.npmjs.org/metro-core 471ms (cache miss)
1247 silly packumentCache full:https://registry.npmjs.org/metro-core set size:undefined disposed:false
1248 http fetch GET 200 https://registry.npmjs.org/@react-native%2fbabel-preset 790ms (cache miss)
1249 silly packumentCache full:https://registry.npmjs.org/@react-native%2fbabel-preset set size:undefined disposed:false
1250 silly placeDep node_modules/@react-native/metro-babel-transformer @babel/core@7.29.7 OK for: @react-native/metro-babel-transformer@0.87.0 want: ^7.25.2
1251 silly placeDep ROOT @react-native/babel-preset@0.87.0 OK for: @react-native/metro-babel-transformer@0.87.0 want: 0.87.0
1252 silly placeDep ROOT hermes-parser@0.36.1 OK for: @react-native/metro-babel-transformer@0.87.0 want: 0.36.1
1253 silly placeDep ROOT nullthrows@1.1.1 OK for: @react-native/metro-babel-transformer@0.87.0 want: ^1.1.1
1254 silly fetch manifest debug@^4.1.0
1255 silly packumentCache full:https://registry.npmjs.org/debug cache-hit
1256 silly fetch manifest semver@^6.3.1
1257 silly packumentCache full:https://registry.npmjs.org/semver cache-hit
1258 silly fetch manifest @babel/types@^7.29.7
1259 silly packumentCache full:https://registry.npmjs.org/@babel%2ftypes cache-hit
1260 silly fetch manifest @babel/parser@^7.29.7
1261 silly packumentCache full:https://registry.npmjs.org/@babel%2fparser cache-miss
1262 silly fetch manifest @babel/helpers@^7.29.7
1263 silly packumentCache full:https://registry.npmjs.org/@babel%2fhelpers cache-miss
1264 silly fetch manifest @babel/template@^7.29.7
1265 silly packumentCache full:https://registry.npmjs.org/@babel%2ftemplate cache-miss
1266 silly fetch manifest @babel/traverse@^7.29.7
1267 silly packumentCache full:https://registry.npmjs.org/@babel%2ftraverse cache-miss
1268 silly fetch manifest @babel/generator@^7.29.7
1269 silly packumentCache full:https://registry.npmjs.org/@babel%2fgenerator cache-miss
1270 silly fetch manifest @babel/code-frame@^7.29.7
1271 silly packumentCache full:https://registry.npmjs.org/@babel%2fcode-frame cache-miss
1272 silly fetch manifest @jridgewell/remapping@^2.3.5
1273 silly packumentCache full:https://registry.npmjs.org/@jridgewell%2fremapping cache-miss
1274 http cache https://registry.npmjs.org/@babel%2fparser 63ms (cache hit)
1275 silly packumentCache full:https://registry.npmjs.org/@babel%2fparser set size:737961 disposed:false
1276 silly fetch manifest @babel/helper-module-transforms@^7.29.7
1277 silly packumentCache full:https://registry.npmjs.org/@babel%2fhelper-module-transforms cache-miss
1278 http cache https://registry.npmjs.org/@babel%2ftemplate 97ms (cache hit)
1279 silly packumentCache full:https://registry.npmjs.org/@babel%2ftemplate set size:237074 disposed:false
1280 silly fetch manifest @babel/helper-compilation-targets@^7.29.7
1281 silly packumentCache full:https://registry.npmjs.org/@babel%2fhelper-compilation-targets cache-miss
1282 http cache https://registry.npmjs.org/@babel%2fhelpers 118ms (cache hit)
1283 silly packumentCache full:https://registry.npmjs.org/@babel%2fhelpers set size:398496 disposed:false
1284 silly fetch manifest @babel/plugin-transform-for-of@^7.24.7
1285 silly packumentCache full:https://registry.npmjs.org/@babel%2fplugin-transform-for-of cache-miss
1286 http cache https://registry.npmjs.org/@babel%2ftraverse 141ms (cache hit)
1287 silly packumentCache full:https://registry.npmjs.org/@babel%2ftraverse set size:564759 disposed:false
1288 silly fetch manifest @babel/plugin-transform-classes@^7.25.4
1289 silly packumentCache full:https://registry.npmjs.org/@babel%2fplugin-transform-classes cache-miss
1290 http cache https://registry.npmjs.org/@babel%2fgenerator 163ms (cache hit)
1291 silly packumentCache full:https://registry.npmjs.org/@babel%2fgenerator set size:522841 disposed:false
1292 silly fetch manifest @babel/plugin-transform-runtime@^7.24.7
1293 silly packumentCache full:https://registry.npmjs.org/@babel%2fplugin-transform-runtime cache-miss
1294 http cache https://registry.npmjs.org/@babel%2fcode-frame 187ms (cache hit)
1295 silly packumentCache full:https://registry.npmjs.org/@babel%2fcode-frame set size:206617 disposed:false
1296 silly fetch manifest @babel/plugin-transform-react-jsx@^7.25.2
1297 silly packumentCache full:https://registry.npmjs.org/@babel%2fplugin-transform-react-jsx cache-miss
1298 http cache https://registry.npmjs.org/@babel%2fhelper-compilation-targets 147ms (cache hit)
1299 silly packumentCache full:https://registry.npmjs.org/@babel%2fhelper-compilation-targets set size:229541 disposed:false
1300 silly fetch manifest babel-plugin-syntax-hermes-parser@0.36.1
1301 silly packumentCache full:https://registry.npmjs.org/babel-plugin-syntax-hermes-parser cache-miss
1302 http cache https://registry.npmjs.org/@babel%2fplugin-transform-classes 107ms (cache hit)
1303 silly packumentCache full:https://registry.npmjs.org/@babel%2fplugin-transform-classes set size:340016 disposed:false
1304 silly fetch manifest babel-plugin-transform-flow-enums@^0.0.2
1305 silly packumentCache full:https://registry.npmjs.org/babel-plugin-transform-flow-enums cache-miss
1306 http fetch GET 200 https://registry.npmjs.org/@jridgewell%2fremapping 308ms (cache miss)
1307 silly packumentCache full:https://registry.npmjs.org/@jridgewell%2fremapping set size:undefined disposed:false
1308 silly fetch manifest @babel/plugin-transform-typescript@^7.25.2
1309 silly packumentCache full:https://registry.npmjs.org/@babel%2fplugin-transform-typescript cache-miss
1310 http cache https://registry.npmjs.org/babel-plugin-syntax-hermes-parser 182ms (cache hit)
1311 silly packumentCache full:https://registry.npmjs.org/babel-plugin-syntax-hermes-parser set size:108082 disposed:false
1312 silly fetch manifest @react-native/babel-plugin-codegen@0.87.0
1313 silly packumentCache full:https://registry.npmjs.org/@react-native%2fbabel-plugin-codegen cache-miss
1314 http fetch GET 200 https://registry.npmjs.org/babel-plugin-transform-flow-enums 181ms (cache miss)
1315 silly packumentCache full:https://registry.npmjs.org/babel-plugin-transform-flow-enums set size:undefined disposed:false
1316 silly fetch manifest @babel/plugin-syntax-dynamic-import@^7.8.3
1317 silly packumentCache full:https://registry.npmjs.org/@babel%2fplugin-syntax-dynamic-import cache-miss
1318 http fetch GET 200 https://registry.npmjs.org/@babel%2fhelper-module-transforms 398ms (cache miss)
1319 silly packumentCache full:https://registry.npmjs.org/@babel%2fhelper-module-transforms set size:undefined disposed:false
1320 silly fetch manifest @babel/plugin-transform-regenerator@^7.24.7
1321 silly packumentCache full:https://registry.npmjs.org/@babel%2fplugin-transform-regenerator cache-miss
1322 http fetch GET 200 https://registry.npmjs.org/@babel%2fplugin-transform-for-of 438ms (cache miss)
1323 silly packumentCache full:https://registry.npmjs.org/@babel%2fplugin-transform-for-of set size:undefined disposed:false
1324 silly fetch manifest @babel/plugin-transform-block-scoping@^7.25.0
1325 silly packumentCache full:https://registry.npmjs.org/@babel%2fplugin-transform-block-scoping cache-miss
1326 http fetch GET 200 https://registry.npmjs.org/@babel%2fplugin-transform-react-jsx 393ms (cache miss)
1327 silly packumentCache full:https://registry.npmjs.org/@babel%2fplugin-transform-react-jsx set size:undefined disposed:false
1328 silly fetch manifest @babel/plugin-transform-destructuring@^7.24.8
1329 silly packumentCache full:https://registry.npmjs.org/@babel%2fplugin-transform-destructuring cache-miss
1330 http fetch GET 200 https://registry.npmjs.org/@babel%2fplugin-transform-runtime 446ms (cache miss)
1331 silly packumentCache full:https://registry.npmjs.org/@babel%2fplugin-transform-runtime set size:undefined disposed:false
1332 silly fetch manifest @babel/plugin-transform-unicode-regex@^7.24.7
1333 silly packumentCache full:https://registry.npmjs.org/@babel%2fplugin-transform-unicode-regex cache-miss
1334 http fetch GET 200 https://registry.npmjs.org/@babel%2fplugin-syntax-dynamic-import 234ms (cache miss)
1335 silly packumentCache full:https://registry.npmjs.org/@babel%2fplugin-syntax-dynamic-import set size:undefined disposed:false
1336 silly fetch manifest @babel/plugin-syntax-optional-chaining@^7.8.3
1337 silly packumentCache full:https://registry.npmjs.org/@babel%2fplugin-syntax-optional-chaining cache-miss
1338 http fetch GET 200 https://registry.npmjs.org/@babel%2fplugin-transform-typescript 387ms (cache miss)
1339 silly packumentCache full:https://registry.npmjs.org/@babel%2fplugin-transform-typescript set size:undefined disposed:false
1340 silly fetch manifest @babel/plugin-transform-react-jsx-self@^7.24.7
1341 silly packumentCache full:https://registry.npmjs.org/@babel%2fplugin-transform-react-jsx-self cache-miss
1342 http cache https://registry.npmjs.org/@babel%2fplugin-transform-unicode-regex 96ms (cache hit)
1343 silly packumentCache full:https://registry.npmjs.org/@babel%2fplugin-transform-unicode-regex set size:220918 disposed:false
1344 silly fetch manifest @babel/plugin-transform-private-methods@^7.24.7
1345 silly packumentCache full:https://registry.npmjs.org/@babel%2fplugin-transform-private-methods cache-miss
1346 http fetch GET 200 https://registry.npmjs.org/@babel%2fplugin-transform-regenerator 299ms (cache miss)
1347 silly packumentCache full:https://registry.npmjs.org/@babel%2fplugin-transform-regenerator set size:undefined disposed:false
1348 silly fetch manifest @babel/plugin-syntax-export-default-from@^7.24.7
1349 silly packumentCache full:https://registry.npmjs.org/@babel%2fplugin-syntax-export-default-from cache-miss
1350 http fetch GET 200 https://registry.npmjs.org/@babel%2fplugin-transform-block-scoping 266ms (cache miss)
1351 silly packumentCache full:https://registry.npmjs.org/@babel%2fplugin-transform-block-scoping set size:undefined disposed:false
1352 silly fetch manifest @babel/plugin-transform-class-properties@^7.25.4
1353 silly packumentCache full:https://registry.npmjs.org/@babel%2fplugin-transform-class-properties cache-miss
1354 http fetch GET 200 https://registry.npmjs.org/@babel%2fplugin-transform-destructuring 273ms (cache miss)
1355 silly packumentCache full:https://registry.npmjs.org/@babel%2fplugin-transform-destructuring set size:undefined disposed:false
1356 silly fetch manifest @babel/plugin-transform-flow-strip-types@^7.25.2
1357 silly packumentCache full:https://registry.npmjs.org/@babel%2fplugin-transform-flow-strip-types cache-miss
1358 http cache https://registry.npmjs.org/@babel%2fplugin-transform-class-properties 74ms (cache hit)
1359 silly packumentCache full:https://registry.npmjs.org/@babel%2fplugin-transform-class-properties set size:95240 disposed:false
1360 silly fetch manifest @babel/plugin-transform-modules-commonjs@^7.24.8
1361 silly packumentCache full:https://registry.npmjs.org/@babel%2fplugin-transform-modules-commonjs cache-miss
1362 http fetch GET 200 https://registry.npmjs.org/@babel%2fplugin-syntax-optional-chaining 240ms (cache miss)
1363 silly packumentCache full:https://registry.npmjs.org/@babel%2fplugin-syntax-optional-chaining set size:undefined disposed:false
1364 silly fetch manifest @babel/plugin-transform-react-jsx-source@^7.24.7
1365 silly packumentCache full:https://registry.npmjs.org/@babel%2fplugin-transform-react-jsx-source cache-miss
1366 http fetch GET 200 https://registry.npmjs.org/@babel%2fplugin-transform-private-methods 186ms (cache miss)
1367 silly packumentCache full:https://registry.npmjs.org/@babel%2fplugin-transform-private-methods set size:undefined disposed:false
1368 silly fetch manifest @babel/plugin-transform-optional-chaining@^7.24.8
1369 silly packumentCache full:https://registry.npmjs.org/@babel%2fplugin-transform-optional-chaining cache-miss
1370 http fetch GET 200 https://registry.npmjs.org/@babel%2fplugin-transform-react-jsx-self 251ms (cache miss)
1371 silly packumentCache full:https://registry.npmjs.org/@babel%2fplugin-transform-react-jsx-self set size:undefined disposed:false
1372 silly fetch manifest @babel/plugin-proposal-export-default-from@^7.24.7
1373 silly packumentCache full:https://registry.npmjs.org/@babel%2fplugin-proposal-export-default-from cache-miss
1374 http cache https://registry.npmjs.org/@babel%2fplugin-transform-optional-chaining 78ms (cache hit)
1375 silly packumentCache full:https://registry.npmjs.org/@babel%2fplugin-transform-optional-chaining set size:118753 disposed:false
1376 silly fetch manifest @babel/plugin-transform-async-to-generator@^7.24.7
1377 silly packumentCache full:https://registry.npmjs.org/@babel%2fplugin-transform-async-to-generator cache-miss
1378 http fetch GET 200 https://registry.npmjs.org/@babel%2fplugin-syntax-export-default-from 227ms (cache miss)
1379 silly packumentCache full:https://registry.npmjs.org/@babel%2fplugin-syntax-export-default-from set size:undefined disposed:false
1380 silly fetch manifest @babel/plugin-transform-react-display-name@^7.24.7
1381 silly packumentCache full:https://registry.npmjs.org/@babel%2fplugin-transform-react-display-name cache-miss
1382 http fetch GET 200 https://registry.npmjs.org/@babel%2fplugin-transform-flow-strip-types 195ms (cache miss)
1383 silly packumentCache full:https://registry.npmjs.org/@babel%2fplugin-transform-flow-strip-types set size:undefined disposed:false
1384 silly fetch manifest @babel/plugin-transform-optional-catch-binding@^7.24.7
1385 silly packumentCache full:https://registry.npmjs.org/@babel%2fplugin-transform-optional-catch-binding cache-miss
1386 http fetch GET 200 https://registry.npmjs.org/@babel%2fplugin-transform-react-jsx-source 172ms (cache miss)
1387 silly packumentCache full:https://registry.npmjs.org/@babel%2fplugin-transform-react-jsx-source set size:undefined disposed:false
1388 silly fetch manifest @babel/plugin-syntax-nullish-coalescing-operator@^7.8.3
1389 silly packumentCache full:https://registry.npmjs.org/@babel%2fplugin-syntax-nullish-coalescing-operator cache-miss
1390 http fetch GET 200 https://registry.npmjs.org/@babel%2fplugin-transform-modules-commonjs 218ms (cache miss)
1391 silly packumentCache full:https://registry.npmjs.org/@babel%2fplugin-transform-modules-commonjs set size:undefined disposed:false
1392 silly fetch manifest @babel/plugin-transform-async-generator-functions@^7.25.4
1393 silly packumentCache full:https://registry.npmjs.org/@babel%2fplugin-transform-async-generator-functions cache-miss
1394 http fetch GET 200 https://registry.npmjs.org/@babel%2fplugin-transform-react-display-name 163ms (cache miss)
1395 silly packumentCache full:https://registry.npmjs.org/@babel%2fplugin-transform-react-display-name set size:undefined disposed:false
1396 silly fetch manifest @babel/plugin-transform-private-property-in-object@^7.24.7
1397 silly packumentCache full:https://registry.npmjs.org/@babel%2fplugin-transform-private-property-in-object cache-miss
1398 http fetch GET 200 https://registry.npmjs.org/@babel%2fplugin-syntax-nullish-coalescing-operator 154ms (cache miss)
1399 silly packumentCache full:https://registry.npmjs.org/@babel%2fplugin-syntax-nullish-coalescing-operator set size:undefined disposed:false
1400 silly fetch manifest @babel/plugin-transform-nullish-coalescing-operator@^7.24.7
1401 silly packumentCache full:https://registry.npmjs.org/@babel%2fplugin-transform-nullish-coalescing-operator cache-miss
1402 http fetch GET 200 https://registry.npmjs.org/@react-native%2fbabel-plugin-codegen 860ms (cache miss)
1403 silly packumentCache full:https://registry.npmjs.org/@react-native%2fbabel-plugin-codegen set size:undefined disposed:false
1404 silly fetch manifest @babel/plugin-transform-named-capturing-groups-regex@^7.24.7
1405 silly packumentCache full:https://registry.npmjs.org/@babel%2fplugin-transform-named-capturing-groups-regex cache-miss
1406 http fetch GET 200 https://registry.npmjs.org/@babel%2fplugin-transform-async-generator-functions 211ms (cache miss)
1407 silly packumentCache full:https://registry.npmjs.org/@babel%2fplugin-transform-async-generator-functions set size:undefined disposed:false
1408 silly fetch manifest hermes-estree@0.36.1
1409 silly packumentCache full:https://registry.npmjs.org/hermes-estree cache-miss
1410 http fetch GET 200 https://registry.npmjs.org/@babel%2fplugin-transform-optional-catch-binding 293ms (cache miss)
1411 silly packumentCache full:https://registry.npmjs.org/@babel%2fplugin-transform-optional-catch-binding set size:undefined disposed:false
1412 http fetch GET 200 https://registry.npmjs.org/@babel%2fplugin-proposal-export-default-from 419ms (cache miss)
1413 silly packumentCache full:https://registry.npmjs.org/@babel%2fplugin-proposal-export-default-from set size:undefined disposed:false
1414 http cache https://registry.npmjs.org/@babel%2fplugin-transform-nullish-coalescing-operator 131ms (cache hit)
1415 silly packumentCache full:https://registry.npmjs.org/@babel%2fplugin-transform-nullish-coalescing-operator set size:100915 disposed:false
1416 http fetch GET 200 https://registry.npmjs.org/@babel%2fplugin-transform-async-to-generator 384ms (cache miss)
1417 silly packumentCache full:https://registry.npmjs.org/@babel%2fplugin-transform-async-to-generator set size:undefined disposed:false
1418 http fetch GET 200 https://registry.npmjs.org/@babel%2fplugin-transform-private-property-in-object 218ms (cache miss)
1419 silly packumentCache full:https://registry.npmjs.org/@babel%2fplugin-transform-private-property-in-object set size:undefined disposed:false
1420 http fetch GET 200 https://registry.npmjs.org/hermes-estree 94ms (cache miss)
1421 silly packumentCache full:https://registry.npmjs.org/hermes-estree set size:undefined disposed:false
1422 http fetch GET 200 https://registry.npmjs.org/@babel%2fplugin-transform-named-capturing-groups-regex 131ms (cache miss)
1423 silly packumentCache full:https://registry.npmjs.org/@babel%2fplugin-transform-named-capturing-groups-regex set size:undefined disposed:false
1424 silly placeDep node_modules/@react-native/babel-preset @babel/core@7.29.7 OK for: @react-native/babel-preset@0.87.0 want: ^7.25.2
1425 silly placeDep ROOT @babel/plugin-proposal-export-default-from@7.29.7 OK for: @react-native/babel-preset@0.87.0 want: ^7.24.7
1426 silly placeDep ROOT @babel/core@7.29.7 REPLACE for: @babel/plugin-proposal-export-default-from@7.29.7 want: ^7.0.0-0
1427 silly placeDep ROOT @babel/plugin-syntax-dynamic-import@7.8.3 OK for: @react-native/babel-preset@0.87.0 want: ^7.8.3
1428 silly placeDep ROOT @babel/plugin-syntax-export-default-from@7.29.7 OK for: @react-native/babel-preset@0.87.0 want: ^7.24.7
1429 silly placeDep ROOT @babel/plugin-syntax-nullish-coalescing-operator@7.8.3 OK for: @react-native/babel-preset@0.87.0 want: ^7.8.3
1430 silly placeDep ROOT @babel/plugin-syntax-optional-chaining@7.8.3 OK for: @react-native/babel-preset@0.87.0 want: ^7.8.3
1431 silly placeDep ROOT @babel/plugin-transform-async-generator-functions@7.29.7 OK for: @react-native/babel-preset@0.87.0 want: ^7.25.4
1432 silly placeDep ROOT @babel/plugin-transform-async-to-generator@7.29.7 OK for: @react-native/babel-preset@0.87.0 want: ^7.24.7
1433 silly placeDep ROOT @babel/plugin-transform-block-scoping@7.29.7 OK for: @react-native/babel-preset@0.87.0 want: ^7.25.0
1434 silly placeDep ROOT @babel/plugin-transform-class-properties@7.29.7 OK for: @react-native/babel-preset@0.87.0 want: ^7.25.4
1435 silly placeDep ROOT @babel/plugin-transform-classes@7.29.7 OK for: @react-native/babel-preset@0.87.0 want: ^7.25.4
1436 silly placeDep ROOT @babel/plugin-transform-destructuring@7.29.7 OK for: @react-native/babel-preset@0.87.0 want: ^7.24.8
1437 silly placeDep ROOT @babel/plugin-transform-flow-strip-types@7.29.7 OK for: @react-native/babel-preset@0.87.0 want: ^7.25.2
1438 silly placeDep ROOT @babel/plugin-transform-for-of@7.29.7 OK for: @react-native/babel-preset@0.87.0 want: ^7.24.7
1439 silly placeDep ROOT @babel/plugin-transform-modules-commonjs@7.29.7 OK for: @react-native/babel-preset@0.87.0 want: ^7.24.8
1440 silly placeDep ROOT @babel/plugin-transform-named-capturing-groups-regex@7.29.7 OK for: @react-native/babel-preset@0.87.0 want: ^7.24.7
1441 silly placeDep ROOT @babel/plugin-transform-nullish-coalescing-operator@7.29.7 OK for: @react-native/babel-preset@0.87.0 want: ^7.24.7
1442 silly placeDep ROOT @babel/plugin-transform-optional-catch-binding@7.29.7 OK for: @react-native/babel-preset@0.87.0 want: ^7.24.7
1443 silly placeDep ROOT @babel/plugin-transform-optional-chaining@7.29.7 OK for: @react-native/babel-preset@0.87.0 want: ^7.24.8
1444 silly placeDep ROOT @babel/plugin-transform-private-methods@7.29.7 OK for: @react-native/babel-preset@0.87.0 want: ^7.24.7
1445 silly placeDep ROOT @babel/plugin-transform-private-property-in-object@7.29.7 OK for: @react-native/babel-preset@0.87.0 want: ^7.24.7
1446 silly placeDep ROOT @babel/plugin-transform-react-display-name@7.29.7 OK for: @react-native/babel-preset@0.87.0 want: ^7.24.7
1447 silly placeDep ROOT @babel/plugin-transform-react-jsx@7.29.7 OK for: @react-native/babel-preset@0.87.0 want: ^7.25.2
1448 silly placeDep ROOT @babel/plugin-transform-react-jsx-self@7.29.7 OK for: @react-native/babel-preset@0.87.0 want: ^7.24.7
1449 silly placeDep ROOT @babel/plugin-transform-react-jsx-source@7.29.7 OK for: @react-native/babel-preset@0.87.0 want: ^7.24.7
1450 silly placeDep ROOT @babel/plugin-transform-regenerator@7.29.8 OK for: @react-native/babel-preset@0.87.0 want: ^7.24.7
1451 silly placeDep ROOT @babel/plugin-transform-runtime@7.29.7 OK for: @react-native/babel-preset@0.87.0 want: ^7.24.7
1452 silly placeDep ROOT @babel/plugin-transform-typescript@7.29.7 OK for: @react-native/babel-preset@0.87.0 want: ^7.25.2
1453 silly placeDep ROOT @babel/plugin-transform-unicode-regex@7.29.7 OK for: @react-native/babel-preset@0.87.0 want: ^7.24.7
1454 silly placeDep ROOT @react-native/babel-plugin-codegen@0.87.0 OK for: @react-native/babel-preset@0.87.0 want: 0.87.0
1455 silly placeDep ROOT babel-plugin-syntax-hermes-parser@0.36.1 OK for: @react-native/babel-preset@0.87.0 want: 0.36.1
1456 silly placeDep ROOT babel-plugin-transform-flow-enums@0.0.2 OK for: @react-native/babel-preset@0.87.0 want: ^0.0.2
1457 silly placeDep ROOT react-refresh@0.14.2 OK for: @react-native/babel-preset@0.87.0 want: ^0.14.0
1458 silly fetch manifest @babel/helper-plugin-utils@^7.29.7
1459 silly packumentCache full:https://registry.npmjs.org/@babel%2fhelper-plugin-utils cache-miss
1460 silly fetch manifest @babel/helper-plugin-utils@^7.8.0
1461 silly packumentCache full:https://registry.npmjs.org/@babel%2fhelper-plugin-utils cache-miss
1462 silly fetch manifest @babel/helper-plugin-utils@^7.29.7
1463 silly packumentCache full:https://registry.npmjs.org/@babel%2fhelper-plugin-utils cache-miss
1464 silly fetch manifest @babel/helper-plugin-utils@^7.8.0
1465 silly packumentCache full:https://registry.npmjs.org/@babel%2fhelper-plugin-utils cache-miss
1466 silly fetch manifest @babel/helper-plugin-utils@^7.8.0
1467 silly packumentCache full:https://registry.npmjs.org/@babel%2fhelper-plugin-utils cache-miss
1468 silly fetch manifest @babel/helper-plugin-utils@^7.29.7
1469 silly packumentCache full:https://registry.npmjs.org/@babel%2fhelper-plugin-utils cache-miss
1470 silly fetch manifest @babel/helper-remap-async-to-generator@^7.29.7
1471 silly packumentCache full:https://registry.npmjs.org/@babel%2fhelper-remap-async-to-generator cache-miss
1472 http fetch GET 200 https://registry.npmjs.org/@babel%2fhelper-plugin-utils 214ms (cache miss)
1473 silly packumentCache full:https://registry.npmjs.org/@babel%2fhelper-plugin-utils set size:undefined disposed:false
1474 silly fetch manifest @babel/helper-plugin-utils@^7.29.7
1475 silly packumentCache full:https://registry.npmjs.org/@babel%2fhelper-plugin-utils cache-miss
1476 http fetch GET 200 https://registry.npmjs.org/@babel%2fhelper-plugin-utils 238ms (cache miss)
1477 silly packumentCache full:https://registry.npmjs.org/@babel%2fhelper-plugin-utils set size:undefined disposed:false
1478 silly fetch manifest @babel/helper-module-imports@^7.29.7
1479 silly packumentCache full:https://registry.npmjs.org/@babel%2fhelper-module-imports cache-miss
1480 http fetch GET 200 https://registry.npmjs.org/@babel%2fhelper-plugin-utils 270ms (cache miss)
1481 silly packumentCache full:https://registry.npmjs.org/@babel%2fhelper-plugin-utils set size:undefined disposed:false
1482 silly fetch manifest @babel/helper-remap-async-to-generator@^7.29.7
1483 silly packumentCache full:https://registry.npmjs.org/@babel%2fhelper-remap-async-to-generator cache-miss
1484 http fetch GET 200 https://registry.npmjs.org/@babel%2fhelper-plugin-utils 275ms (cache miss)
1485 silly packumentCache full:https://registry.npmjs.org/@babel%2fhelper-plugin-utils set size:undefined disposed:false
1486 silly fetch manifest @babel/helper-create-class-features-plugin@^7.29.7
1487 silly packumentCache full:https://registry.npmjs.org/@babel%2fhelper-create-class-features-plugin cache-miss
1488 http fetch GET 200 https://registry.npmjs.org/@babel%2fhelper-plugin-utils 301ms (cache miss)
1489 silly packumentCache full:https://registry.npmjs.org/@babel%2fhelper-plugin-utils set size:undefined disposed:false
1490 silly fetch manifest @babel/helper-globals@^7.29.7
1491 silly packumentCache full:https://registry.npmjs.org/@babel%2fhelper-globals cache-miss
1492 http fetch GET 200 https://registry.npmjs.org/@babel%2fhelper-plugin-utils 311ms (cache miss)
1493 silly packumentCache full:https://registry.npmjs.org/@babel%2fhelper-plugin-utils set size:undefined disposed:false
1494 silly fetch manifest @babel/helper-replace-supers@^7.29.7
1495 silly packumentCache full:https://registry.npmjs.org/@babel%2fhelper-replace-supers cache-miss
1496 http fetch GET 200 https://registry.npmjs.org/@babel%2fhelper-remap-async-to-generator 336ms (cache miss)
1497 silly packumentCache full:https://registry.npmjs.org/@babel%2fhelper-remap-async-to-generator set size:undefined disposed:false
1498 silly fetch manifest @babel/helper-annotate-as-pure@^7.29.7
1499 silly packumentCache full:https://registry.npmjs.org/@babel%2fhelper-annotate-as-pure cache-miss
1500 http cache https://registry.npmjs.org/@babel%2fhelper-plugin-utils 131ms (cache hit)
1501 silly packumentCache full:https://registry.npmjs.org/@babel%2fhelper-plugin-utils set size:175564 disposed:false
1502 silly fetch manifest @babel/plugin-syntax-flow@^7.29.7
1503 silly packumentCache full:https://registry.npmjs.org/@babel%2fplugin-syntax-flow cache-miss
1504 http cache https://registry.npmjs.org/@babel%2fhelper-globals 106ms (cache hit)
1505 silly packumentCache full:https://registry.npmjs.org/@babel%2fhelper-globals set size:25155 disposed:false
1506 silly fetch manifest @babel/helper-skip-transparent-expression-wrappers@^7.29.7
1507 silly packumentCache full:https://registry.npmjs.org/@babel%2fhelper-skip-transparent-expression-wrappers cache-miss
1508 http fetch GET 200 https://registry.npmjs.org/@babel%2fhelper-remap-async-to-generator 263ms (cache miss)
1509 silly packumentCache full:https://registry.npmjs.org/@babel%2fhelper-remap-async-to-generator set size:undefined disposed:false
1510 silly fetch manifest @babel/helper-create-regexp-features-plugin@^7.29.7
1511 silly packumentCache full:https://registry.npmjs.org/@babel%2fhelper-create-regexp-features-plugin cache-miss
1512 http fetch GET 200 https://registry.npmjs.org/@babel%2fhelper-annotate-as-pure 192ms (cache miss)
1513 silly packumentCache full:https://registry.npmjs.org/@babel%2fhelper-annotate-as-pure set size:undefined disposed:false
1514 silly fetch manifest @babel/helper-skip-transparent-expression-wrappers@^7.29.7
1515 silly packumentCache full:https://registry.npmjs.org/@babel%2fhelper-skip-transparent-expression-wrappers cache-miss
1516 http fetch GET 200 https://registry.npmjs.org/@babel%2fhelper-module-imports 323ms (cache miss)
1517 silly packumentCache full:https://registry.npmjs.org/@babel%2fhelper-module-imports set size:undefined disposed:false
1518 silly fetch manifest @babel/helper-create-class-features-plugin@^7.29.7
1519 silly packumentCache full:https://registry.npmjs.org/@babel%2fhelper-create-class-features-plugin cache-miss
1520 http fetch GET 200 https://registry.npmjs.org/@babel%2fhelper-replace-supers 273ms (cache miss)
1521 silly packumentCache full:https://registry.npmjs.org/@babel%2fhelper-replace-supers set size:undefined disposed:false
1522 silly fetch manifest @babel/helper-create-class-features-plugin@^7.29.7
1523 silly packumentCache full:https://registry.npmjs.org/@babel%2fhelper-create-class-features-plugin cache-miss
1524 http fetch GET 200 https://registry.npmjs.org/@babel%2fplugin-syntax-flow 243ms (cache miss)
1525 silly packumentCache full:https://registry.npmjs.org/@babel%2fplugin-syntax-flow set size:undefined disposed:false
1526 silly fetch manifest @babel/plugin-syntax-jsx@^7.29.7
1527 silly packumentCache full:https://registry.npmjs.org/@babel%2fplugin-syntax-jsx cache-miss
1528 http fetch GET 200 https://registry.npmjs.org/@babel%2fhelper-create-class-features-plugin 375ms (cache miss)
1529 silly packumentCache full:https://registry.npmjs.org/@babel%2fhelper-create-class-features-plugin set size:undefined disposed:false
1530 silly fetch manifest babel-plugin-polyfill-corejs2@^0.4.14
1531 silly packumentCache full:https://registry.npmjs.org/babel-plugin-polyfill-corejs2 cache-miss
1532 http fetch GET 200 https://registry.npmjs.org/@babel%2fhelper-skip-transparent-expression-wrappers 268ms (cache miss)
1533 silly packumentCache full:https://registry.npmjs.org/@babel%2fhelper-skip-transparent-expression-wrappers set size:undefined disposed:false
1534 silly fetch manifest babel-plugin-polyfill-corejs3@^0.13.0
1535 silly packumentCache full:https://registry.npmjs.org/babel-plugin-polyfill-corejs3 cache-miss
1536 http fetch GET 200 https://registry.npmjs.org/@babel%2fhelper-skip-transparent-expression-wrappers 179ms (cache miss)
1537 silly packumentCache full:https://registry.npmjs.org/@babel%2fhelper-skip-transparent-expression-wrappers set size:undefined disposed:false
1538 silly fetch manifest babel-plugin-polyfill-regenerator@^0.6.5
1539 silly packumentCache full:https://registry.npmjs.org/babel-plugin-polyfill-regenerator cache-miss
1540 http fetch GET 200 https://registry.npmjs.org/@babel%2fhelper-create-regexp-features-plugin 218ms (cache miss)
1541 silly packumentCache full:https://registry.npmjs.org/@babel%2fhelper-create-regexp-features-plugin set size:undefined disposed:false
1542 silly fetch manifest @babel/plugin-syntax-typescript@^7.29.7
1543 silly packumentCache full:https://registry.npmjs.org/@babel%2fplugin-syntax-typescript cache-miss
1544 http fetch GET 200 https://registry.npmjs.org/@babel%2fplugin-syntax-jsx 153ms (cache miss)
1545 silly packumentCache full:https://registry.npmjs.org/@babel%2fplugin-syntax-jsx set size:undefined disposed:false
1546 silly fetch manifest @babel/traverse@^7.29.0
1547 silly packumentCache full:https://registry.npmjs.org/@babel%2ftraverse cache-hit
1548 silly fetch manifest @react-native/codegen@0.87.0
1549 silly packumentCache full:https://registry.npmjs.org/@react-native%2fcodegen cache-miss
1550 http fetch GET 200 https://registry.npmjs.org/@babel%2fhelper-create-class-features-plugin 232ms (cache miss)
1551 silly packumentCache full:https://registry.npmjs.org/@babel%2fhelper-create-class-features-plugin set size:undefined disposed:false
1552 silly fetch manifest @babel/plugin-syntax-flow@^7.12.1
1553 silly packumentCache full:https://registry.npmjs.org/@babel%2fplugin-syntax-flow cache-miss
1554 http fetch GET 200 https://registry.npmjs.org/@babel%2fhelper-create-class-features-plugin 233ms (cache miss)
1555 silly packumentCache full:https://registry.npmjs.org/@babel%2fhelper-create-class-features-plugin set size:undefined disposed:false
1556 http fetch GET 200 https://registry.npmjs.org/babel-plugin-polyfill-corejs2 179ms (cache miss)
1557 silly packumentCache full:https://registry.npmjs.org/babel-plugin-polyfill-corejs2 set size:undefined disposed:false
1558 http fetch GET 200 https://registry.npmjs.org/babel-plugin-polyfill-corejs3 182ms (cache miss)
1559 silly packumentCache full:https://registry.npmjs.org/babel-plugin-polyfill-corejs3 set size:undefined disposed:false
1560 http cache https://registry.npmjs.org/@react-native%2fcodegen 108ms (cache hit)
1561 silly packumentCache full:https://registry.npmjs.org/@react-native%2fcodegen set size:3058292 disposed:false
1562 http fetch GET 200 https://registry.npmjs.org/babel-plugin-polyfill-regenerator 276ms (cache miss)
1563 silly packumentCache full:https://registry.npmjs.org/babel-plugin-polyfill-regenerator set size:undefined disposed:false
1564 http cache https://registry.npmjs.org/@babel%2fplugin-syntax-flow 195ms (cache hit)
1565 silly packumentCache full:https://registry.npmjs.org/@babel%2fplugin-syntax-flow set size:201006 disposed:false
1566 http fetch GET 200 https://registry.npmjs.org/@babel%2fplugin-syntax-typescript 277ms (cache miss)
1567 silly packumentCache full:https://registry.npmjs.org/@babel%2fplugin-syntax-typescript set size:undefined disposed:false
1568 silly fetch manifest @babel/core@^7.0.0
1569 silly packumentCache full:https://registry.npmjs.org/@babel%2fcore cache-hit
1570 silly placeDep ROOT @babel/code-frame@7.29.7 OK for: @babel/core@7.29.7 want: ^7.29.7
1571 silly placeDep ROOT @babel/generator@7.29.8 OK for: @babel/core@7.29.7 want: ^7.29.7
1572 silly placeDep ROOT @babel/helper-compilation-targets@7.29.7 OK for: @babel/core@7.29.7 want: ^7.29.7
1573 silly placeDep ROOT @babel/helper-module-transforms@7.29.7 OK for: @babel/core@7.29.7 want: ^7.29.7
1574 silly placeDep ROOT @babel/helpers@7.29.7 OK for: @babel/core@7.29.7 want: ^7.29.7
1575 silly placeDep ROOT @babel/parser@7.29.8 OK for: @babel/core@7.29.7 want: ^7.29.7
1576 silly placeDep ROOT @babel/template@7.29.7 OK for: @babel/core@7.29.7 want: ^7.29.7
1577 silly placeDep ROOT @babel/traverse@7.29.8 OK for: @babel/core@7.29.7 want: ^7.29.7
1578 silly placeDep ROOT @babel/types@7.29.8 OK for: @babel/core@7.29.7 want: ^7.29.7
1579 silly placeDep ROOT @jridgewell/remapping@2.3.5 OK for: @babel/core@7.29.7 want: ^2.3.5
1580 silly placeDep ROOT debug@4.4.3 OK for: @babel/core@7.29.7 want: ^4.1.0
1581 silly placeDep node_modules/@babel/core semver@6.3.1 OK for: @babel/core@7.29.7 want: ^6.3.1
1582 silly fetch manifest js-tokens@^4.0.0
1583 silly packumentCache full:https://registry.npmjs.org/js-tokens cache-miss
1584 silly fetch manifest picocolors@^1.1.1
1585 silly packumentCache full:https://registry.npmjs.org/picocolors cache-miss
1586 silly fetch manifest @babel/helper-validator-identifier@^7.29.7
1587 silly packumentCache full:https://registry.npmjs.org/@babel%2fhelper-validator-identifier cache-hit
1588 silly fetch manifest @babel/types@^7.29.8
1589 silly packumentCache full:https://registry.npmjs.org/@babel%2ftypes cache-hit
1590 silly fetch manifest @babel/parser@^7.29.8
1591 silly packumentCache full:https://registry.npmjs.org/@babel%2fparser cache-hit
1592 silly fetch manifest lru-cache@^5.1.1
1593 silly packumentCache full:https://registry.npmjs.org/lru-cache cache-miss
1594 silly fetch manifest @babel/compat-data@^7.29.7
1595 silly packumentCache full:https://registry.npmjs.org/@babel%2fcompat-data cache-miss
1596 silly fetch manifest @babel/helper-validator-option@^7.29.7
1597 silly packumentCache full:https://registry.npmjs.org/@babel%2fhelper-validator-option cache-miss
1598 silly fetch manifest debug@^4.3.1
1599 silly packumentCache full:https://registry.npmjs.org/debug cache-hit
1600 silly fetch manifest @babel/helper-string-parser@^7.29.7
1601 silly packumentCache full:https://registry.npmjs.org/@babel%2fhelper-string-parser cache-miss
1602 silly fetch manifest @jridgewell/gen-mapping@^0.3.5
1603 silly packumentCache full:https://registry.npmjs.org/@jridgewell%2fgen-mapping cache-miss
1604 http cache https://registry.npmjs.org/js-tokens 71ms (cache hit)
1605 silly packumentCache full:https://registry.npmjs.org/js-tokens set size:41947 disposed:false
1606 silly fetch manifest ms@^2.1.3
1607 silly packumentCache full:https://registry.npmjs.org/ms cache-miss
1608 http cache https://registry.npmjs.org/@babel%2fhelper-string-parser 47ms (cache hit)
1609 silly packumentCache full:https://registry.npmjs.org/@babel%2fhelper-string-parser set size:91563 disposed:false
1610 http cache https://registry.npmjs.org/@babel%2fhelper-validator-option 63ms (cache hit)
1611 silly packumentCache full:https://registry.npmjs.org/@babel%2fhelper-validator-option set size:101303 disposed:false
1612 http cache https://registry.npmjs.org/@jridgewell%2fgen-mapping 59ms (cache hit)
1613 silly packumentCache full:https://registry.npmjs.org/@jridgewell%2fgen-mapping set size:75941 disposed:false
1614 http cache https://registry.npmjs.org/lru-cache 84ms (cache hit)
1615 silly packumentCache full:https://registry.npmjs.org/lru-cache set size:460407 disposed:false
1616 http cache https://registry.npmjs.org/@babel%2fcompat-data 117ms (cache hit)
1617 silly packumentCache full:https://registry.npmjs.org/@babel%2fcompat-data set size:318807 disposed:false
1618 http fetch GET 200 https://registry.npmjs.org/picocolors 167ms (cache miss)
1619 silly packumentCache full:https://registry.npmjs.org/picocolors set size:undefined disposed:false
1620 http fetch GET 200 https://registry.npmjs.org/ms 145ms (cache miss)
1621 silly packumentCache full:https://registry.npmjs.org/ms set size:undefined disposed:false
1622 silly placeDep ROOT @babel/helper-validator-identifier@7.29.7 OK for: @babel/code-frame@7.29.7 want: ^7.29.7
1623 silly placeDep ROOT js-tokens@4.0.0 OK for: @babel/code-frame@7.29.7 want: ^4.0.0
1624 silly placeDep ROOT picocolors@1.1.1 OK for: @babel/code-frame@7.29.7 want: ^1.1.1
1625 silly placeDep ROOT @jridgewell/gen-mapping@0.3.13 OK for: @babel/generator@7.29.8 want: ^0.3.12
1626 silly placeDep ROOT @jridgewell/trace-mapping@0.3.31 OK for: @babel/generator@7.29.8 want: ^0.3.28
1627 silly placeDep ROOT jsesc@3.1.0 OK for: @babel/generator@7.29.8 want: ^3.0.2
1628 silly placeDep ROOT @babel/compat-data@7.29.7 OK for: @babel/helper-compilation-targets@7.29.7 want: ^7.29.7
1629 silly placeDep ROOT @babel/helper-validator-option@7.29.7 OK for: @babel/helper-compilation-targets@7.29.7 want: ^7.29.7
1630 silly placeDep ROOT browserslist@4.28.8 OK for: @babel/helper-compilation-targets@7.29.7 want: ^4.24.0
1631 silly placeDep ROOT lru-cache@5.1.1 OK for: @babel/helper-compilation-targets@7.29.7 want: ^5.1.1
1632 silly placeDep node_modules/@babel/helper-compilation-targets semver@6.3.1 OK for: @babel/helper-compilation-targets@7.29.7 want: ^6.3.1
1633 silly fetch manifest yallist@^3.0.2
1634 silly packumentCache full:https://registry.npmjs.org/yallist cache-miss
1635 http fetch GET 200 https://registry.npmjs.org/yallist 99ms (cache miss)
1636 silly packumentCache full:https://registry.npmjs.org/yallist set size:undefined disposed:false
1637 silly placeDep ROOT @babel/helper-module-imports@7.29.7 OK for: @babel/helper-module-transforms@7.29.7 want: ^7.29.7
1638 silly placeDep ROOT @babel/helper-plugin-utils@7.29.7 OK for: @babel/plugin-proposal-export-default-from@7.29.7 want: ^7.29.7
1639 silly fetch manifest @babel/core@^7.0.0-0
1640 silly packumentCache full:https://registry.npmjs.org/@babel%2fcore cache-hit
1641 silly placeDep ROOT @babel/helper-remap-async-to-generator@7.29.7 OK for: @babel/plugin-transform-async-generator-functions@7.29.7 want: ^7.29.7
1642 silly fetch manifest @babel/helper-wrap-function@^7.29.7
1643 silly packumentCache full:https://registry.npmjs.org/@babel%2fhelper-wrap-function cache-miss
1644 http fetch GET 200 https://registry.npmjs.org/@babel%2fhelper-wrap-function 184ms (cache miss)
1645 silly packumentCache full:https://registry.npmjs.org/@babel%2fhelper-wrap-function set size:undefined disposed:false
1646 silly placeDep ROOT @babel/helper-annotate-as-pure@7.29.7 OK for: @babel/helper-remap-async-to-generator@7.29.7 want: ^7.29.7
1647 silly placeDep ROOT @babel/helper-wrap-function@7.29.7 OK for: @babel/helper-remap-async-to-generator@7.29.7 want: ^7.29.7
1648 silly placeDep ROOT @babel/helper-create-class-features-plugin@7.29.7 OK for: @babel/plugin-transform-class-properties@7.29.7 want: ^7.29.7
1649 silly fetch manifest @babel/helper-optimise-call-expression@^7.29.7
1650 silly packumentCache full:https://registry.npmjs.org/@babel%2fhelper-optimise-call-expression cache-miss
1651 silly fetch manifest @babel/helper-member-expression-to-functions@^7.29.7
1652 silly packumentCache full:https://registry.npmjs.org/@babel%2fhelper-member-expression-to-functions cache-miss
1653 http fetch GET 200 https://registry.npmjs.org/@babel%2fhelper-optimise-call-expression 141ms (cache miss)
1654 silly packumentCache full:https://registry.npmjs.org/@babel%2fhelper-optimise-call-expression set size:undefined disposed:false
1655 http fetch GET 200 https://registry.npmjs.org/@babel%2fhelper-member-expression-to-functions 148ms (cache miss)
1656 silly packumentCache full:https://registry.npmjs.org/@babel%2fhelper-member-expression-to-functions set size:undefined disposed:false
1657 silly placeDep ROOT @babel/helper-member-expression-to-functions@7.29.7 OK for: @babel/helper-create-class-features-plugin@7.29.7 want: ^7.29.7
1658 silly placeDep ROOT @babel/helper-optimise-call-expression@7.29.7 OK for: @babel/helper-create-class-features-plugin@7.29.7 want: ^7.29.7
1659 silly placeDep ROOT @babel/helper-replace-supers@7.29.7 OK for: @babel/helper-create-class-features-plugin@7.29.7 want: ^7.29.7
1660 silly placeDep ROOT @babel/helper-skip-transparent-expression-wrappers@7.29.7 OK for: @babel/helper-create-class-features-plugin@7.29.7 want: ^7.29.7
1661 silly placeDep node_modules/@babel/helper-create-class-features-plugin semver@6.3.1 OK for: @babel/helper-create-class-features-plugin@7.29.7 want: ^6.3.1
1662 silly placeDep ROOT @babel/helper-globals@7.29.7 OK for: @babel/plugin-transform-classes@7.29.7 want: ^7.29.7
1663 silly placeDep ROOT @babel/plugin-syntax-flow@7.29.7 OK for: @babel/plugin-transform-flow-strip-types@7.29.7 want: ^7.29.7
1664 silly placeDep ROOT @babel/helper-create-regexp-features-plugin@7.29.7 OK for: @babel/plugin-transform-named-capturing-groups-regex@7.29.7 want: ^7.29.7
1665 silly fetch manifest regexpu-core@^6.3.1
1666 silly packumentCache full:https://registry.npmjs.org/regexpu-core cache-miss
1667 http fetch GET 200 https://registry.npmjs.org/regexpu-core 86ms (cache miss)
1668 silly packumentCache full:https://registry.npmjs.org/regexpu-core set size:undefined disposed:false
1669 silly placeDep ROOT regexpu-core@6.4.0 OK for: @babel/helper-create-regexp-features-plugin@7.29.7 want: ^6.3.1
1670 silly placeDep node_modules/@babel/helper-create-regexp-features-plugin semver@6.3.1 OK for: @babel/helper-create-regexp-features-plugin@7.29.7 want: ^6.3.1
1671 silly fetch manifest regenerate@^1.4.2
1672 silly packumentCache full:https://registry.npmjs.org/regenerate cache-miss
1673 silly fetch manifest regenerate-unicode-properties@^10.2.2
1674 silly packumentCache full:https://registry.npmjs.org/regenerate-unicode-properties cache-miss
1675 silly fetch manifest regjsgen@^0.8.0
1676 silly packumentCache full:https://registry.npmjs.org/regjsgen cache-miss
1677 silly fetch manifest regjsparser@^0.13.0
1678 silly packumentCache full:https://registry.npmjs.org/regjsparser cache-miss
1679 silly fetch manifest unicode-match-property-ecmascript@^2.0.0
1680 silly packumentCache full:https://registry.npmjs.org/unicode-match-property-ecmascript cache-miss
1681 silly fetch manifest unicode-match-property-value-ecmascript@^2.2.1
1682 silly packumentCache full:https://registry.npmjs.org/unicode-match-property-value-ecmascript cache-miss
1683 http fetch GET 200 https://registry.npmjs.org/regenerate 113ms (cache miss)
1684 silly packumentCache full:https://registry.npmjs.org/regenerate set size:undefined disposed:false
1685 http fetch GET 200 https://registry.npmjs.org/regjsgen 120ms (cache miss)
1686 silly packumentCache full:https://registry.npmjs.org/regjsgen set size:undefined disposed:false
1687 http fetch GET 200 https://registry.npmjs.org/regenerate-unicode-properties 130ms (cache miss)
1688 silly packumentCache full:https://registry.npmjs.org/regenerate-unicode-properties set size:undefined disposed:false
1689 http fetch GET 200 https://registry.npmjs.org/regjsparser 143ms (cache miss)
1690 silly packumentCache full:https://registry.npmjs.org/regjsparser set size:undefined disposed:false
1691 http fetch GET 200 https://registry.npmjs.org/unicode-match-property-ecmascript 147ms (cache miss)
1692 silly packumentCache full:https://registry.npmjs.org/unicode-match-property-ecmascript set size:undefined disposed:false
1693 http fetch GET 200 https://registry.npmjs.org/unicode-match-property-value-ecmascript 147ms (cache miss)
1694 silly packumentCache full:https://registry.npmjs.org/unicode-match-property-value-ecmascript set size:undefined disposed:false
1695 silly placeDep ROOT @babel/plugin-syntax-jsx@7.29.7 OK for: @babel/plugin-transform-react-jsx@7.29.7 want: ^7.29.7
1696 silly placeDep ROOT babel-plugin-polyfill-corejs2@0.4.17 OK for: @babel/plugin-transform-runtime@7.29.7 want: ^0.4.14
1697 silly placeDep ROOT babel-plugin-polyfill-corejs3@0.13.0 OK for: @babel/plugin-transform-runtime@7.29.7 want: ^0.13.0
1698 silly placeDep ROOT babel-plugin-polyfill-regenerator@0.6.8 OK for: @babel/plugin-transform-runtime@7.29.7 want: ^0.6.5
1699 silly placeDep node_modules/@babel/plugin-transform-runtime semver@6.3.1 OK for: @babel/plugin-transform-runtime@7.29.7 want: ^6.3.1
1700 silly fetch manifest @babel/helper-define-polyfill-provider@^0.6.8
1701 silly packumentCache full:https://registry.npmjs.org/@babel%2fhelper-define-polyfill-provider cache-miss
1702 silly fetch manifest core-js-compat@^3.43.0
1703 silly packumentCache full:https://registry.npmjs.org/core-js-compat cache-miss
1704 silly fetch manifest @babel/helper-define-polyfill-provider@^0.6.5
1705 silly packumentCache full:https://registry.npmjs.org/@babel%2fhelper-define-polyfill-provider cache-miss
1706 silly fetch manifest @babel/helper-define-polyfill-provider@^0.6.8
1707 silly packumentCache full:https://registry.npmjs.org/@babel%2fhelper-define-polyfill-provider cache-miss
1708 http fetch GET 200 https://registry.npmjs.org/@babel%2fhelper-define-polyfill-provider 141ms (cache miss)
1709 silly packumentCache full:https://registry.npmjs.org/@babel%2fhelper-define-polyfill-provider set size:undefined disposed:false
1710 http fetch GET 200 https://registry.npmjs.org/@babel%2fhelper-define-polyfill-provider 157ms (cache miss)
1711 silly packumentCache full:https://registry.npmjs.org/@babel%2fhelper-define-polyfill-provider set size:undefined disposed:false
1712 http fetch GET 200 https://registry.npmjs.org/@babel%2fhelper-define-polyfill-provider 160ms (cache miss)
1713 silly packumentCache full:https://registry.npmjs.org/@babel%2fhelper-define-polyfill-provider set size:undefined disposed:false
1714 http fetch GET 200 https://registry.npmjs.org/core-js-compat 184ms (cache miss)
1715 silly packumentCache full:https://registry.npmjs.org/core-js-compat set size:undefined disposed:false
1716 silly placeDep ROOT @babel/plugin-syntax-typescript@7.29.7 OK for: @babel/plugin-transform-typescript@7.29.7 want: ^7.29.7
1717 silly placeDep ROOT @babel/helper-string-parser@7.29.7 OK for: @babel/types@7.29.8 want: ^7.29.7
1718 silly placeDep ROOT @jridgewell/sourcemap-codec@1.5.5 OK for: @jridgewell/gen-mapping@0.3.13 want: ^1.5.0
1719 silly placeDep ROOT @jridgewell/resolve-uri@3.1.2 OK for: @jridgewell/trace-mapping@0.3.31 want: ^3.1.0
1720 silly placeDep ROOT @react-native/codegen@0.87.0 OK for: @react-native/babel-plugin-codegen@0.87.0 want: 0.87.0
1721 silly placeDep ROOT invariant@2.2.4 OK for: @react-native/codegen@0.87.0 want: ^2.2.4
1722 silly placeDep ROOT tinyglobby@0.2.17 OK for: @react-native/codegen@0.87.0 want: ^0.2.15
1723 silly placeDep ROOT yargs@17.7.3 OK for: @react-native/codegen@0.87.0 want: ^17.6.2
1724 silly fetch manifest loose-envify@^1.0.0
1725 silly packumentCache full:https://registry.npmjs.org/loose-envify cache-miss
1726 silly fetch manifest fdir@^6.5.0
1727 silly packumentCache full:https://registry.npmjs.org/fdir cache-miss
1728 silly fetch manifest picomatch@^4.0.4
1729 silly packumentCache full:https://registry.npmjs.org/picomatch cache-miss
1730 silly fetch manifest y18n@^5.0.5
1731 silly packumentCache full:https://registry.npmjs.org/y18n cache-miss
1732 silly fetch manifest cliui@^8.0.1
1733 silly packumentCache full:https://registry.npmjs.org/cliui cache-miss
1734 silly fetch manifest escalade@^3.1.1
1735 silly packumentCache full:https://registry.npmjs.org/escalade cache-miss
1736 silly fetch manifest string-width@^4.2.3
1737 silly packumentCache full:https://registry.npmjs.org/string-width cache-miss
1738 http fetch GET 200 https://registry.npmjs.org/loose-envify 153ms (cache miss)
1739 silly packumentCache full:https://registry.npmjs.org/loose-envify set size:undefined disposed:false
1740 silly fetch manifest yargs-parser@^21.1.1
1741 silly packumentCache full:https://registry.npmjs.org/yargs-parser cache-miss
1742 http fetch GET 200 https://registry.npmjs.org/escalade 155ms (cache miss)
1743 silly packumentCache full:https://registry.npmjs.org/escalade set size:undefined disposed:false
1744 silly fetch manifest get-caller-file@^2.0.5
1745 silly packumentCache full:https://registry.npmjs.org/get-caller-file cache-miss
1746 http fetch GET 200 https://registry.npmjs.org/string-width 170ms (cache miss)
1747 silly packumentCache full:https://registry.npmjs.org/string-width set size:undefined disposed:false
1748 silly fetch manifest require-directory@^2.1.1
1749 silly packumentCache full:https://registry.npmjs.org/require-directory cache-miss
1750 http fetch GET 200 https://registry.npmjs.org/cliui 187ms (cache miss)
1751 silly packumentCache full:https://registry.npmjs.org/cliui set size:undefined disposed:false
1752 http fetch GET 200 https://registry.npmjs.org/fdir 201ms (cache miss)
1753 silly packumentCache full:https://registry.npmjs.org/fdir set size:undefined disposed:false
1754 http fetch GET 200 https://registry.npmjs.org/y18n 208ms (cache miss)
1755 silly packumentCache full:https://registry.npmjs.org/y18n set size:undefined disposed:false
1756 http fetch GET 200 https://registry.npmjs.org/picomatch 225ms (cache miss)
1757 silly packumentCache full:https://registry.npmjs.org/picomatch set size:undefined disposed:false
1758 http fetch GET 200 https://registry.npmjs.org/get-caller-file 97ms (cache miss)
1759 silly packumentCache full:https://registry.npmjs.org/get-caller-file set size:undefined disposed:false
1760 http fetch GET 200 https://registry.npmjs.org/require-directory 85ms (cache miss)
1761 silly packumentCache full:https://registry.npmjs.org/require-directory set size:undefined disposed:false
1762 http fetch GET 200 https://registry.npmjs.org/yargs-parser 136ms (cache miss)
1763 silly packumentCache full:https://registry.npmjs.org/yargs-parser set size:undefined disposed:false
1764 silly placeDep ROOT csstype@3.2.3 OK for: @types/react@19.2.18 want: ^3.2.2
1765 silly placeDep ROOT follow-redirects@1.16.0 OK for: axios@1.19.0 want: ^1.16.0
1766 silly placeDep ROOT form-data@4.0.6 OK for: axios@1.19.0 want: ^4.0.6
1767 silly placeDep ROOT https-proxy-agent@5.0.1 OK for: axios@1.19.0 want: ^5.0.1
1768 silly placeDep ROOT proxy-from-env@2.1.0 OK for: axios@1.19.0 want: ^2.1.0
1769 silly fetch manifest hasown@^2.0.4
1770 silly packumentCache full:https://registry.npmjs.org/hasown cache-miss
1771 silly fetch manifest asynckit@^0.4.0
1772 silly packumentCache full:https://registry.npmjs.org/asynckit cache-miss
1773 silly fetch manifest mime-types@^2.1.35
1774 silly packumentCache full:https://registry.npmjs.org/mime-types cache-miss
1775 silly fetch manifest combined-stream@^1.0.8
1776 silly packumentCache full:https://registry.npmjs.org/combined-stream cache-miss
1777 silly fetch manifest es-set-tostringtag@^2.1.0
1778 silly packumentCache full:https://registry.npmjs.org/es-set-tostringtag cache-miss
1779 silly fetch manifest agent-base@6
1780 silly packumentCache full:https://registry.npmjs.org/agent-base cache-miss
1781 http fetch GET 200 https://registry.npmjs.org/hasown 132ms (cache miss)
1782 silly packumentCache full:https://registry.npmjs.org/hasown set size:undefined disposed:false
1783 http fetch GET 200 https://registry.npmjs.org/asynckit 137ms (cache miss)
1784 silly packumentCache full:https://registry.npmjs.org/asynckit set size:undefined disposed:false
1785 http fetch GET 200 https://registry.npmjs.org/combined-stream 141ms (cache miss)
1786 silly packumentCache full:https://registry.npmjs.org/combined-stream set size:undefined disposed:false
1787 http fetch GET 200 https://registry.npmjs.org/es-set-tostringtag 145ms (cache miss)
1788 silly packumentCache full:https://registry.npmjs.org/es-set-tostringtag set size:undefined disposed:false
1789 http fetch GET 200 https://registry.npmjs.org/agent-base 147ms (cache miss)
1790 silly packumentCache full:https://registry.npmjs.org/agent-base set size:undefined disposed:false
1791 http fetch GET 200 https://registry.npmjs.org/mime-types 166ms (cache miss)
1792 silly packumentCache full:https://registry.npmjs.org/mime-types set size:undefined disposed:false
1793 silly fetch manifest @babel/core@^7.4.0 || ^8.0.0-0 <8.0.0
1794 silly packumentCache full:https://registry.npmjs.org/@babel%2fcore cache-hit
1795 silly placeDep ROOT @babel/helper-define-polyfill-provider@0.6.8 OK for: babel-plugin-polyfill-corejs2@0.4.17 want: ^0.6.8
1796 silly placeDep node_modules/babel-plugin-polyfill-corejs2 semver@6.3.1 OK for: babel-plugin-polyfill-corejs2@0.4.17 want: ^6.3.1
1797 silly fetch manifest resolve@^1.22.11
1798 silly packumentCache full:https://registry.npmjs.org/resolve cache-miss
1799 silly fetch manifest lodash.debounce@^4.0.8
1800 silly packumentCache full:https://registry.npmjs.org/lodash.debounce cache-miss
1801 http fetch GET 200 https://registry.npmjs.org/lodash.debounce 91ms (cache miss)
1802 silly packumentCache full:https://registry.npmjs.org/lodash.debounce set size:undefined disposed:false
1803 http fetch GET 200 https://registry.npmjs.org/resolve 120ms (cache miss)
1804 silly packumentCache full:https://registry.npmjs.org/resolve set size:undefined disposed:false
1805 silly placeDep ROOT lodash.debounce@4.0.8 OK for: @babel/helper-define-polyfill-provider@0.6.8 want: ^4.0.8
1806 silly placeDep ROOT resolve@1.22.12 OK for: @babel/helper-define-polyfill-provider@0.6.8 want: ^1.22.11
1807 silly fetch manifest es-errors@^1.3.0
1808 silly packumentCache full:https://registry.npmjs.org/es-errors cache-miss
1809 silly fetch manifest path-parse@^1.0.7
1810 silly packumentCache full:https://registry.npmjs.org/path-parse cache-miss
1811 silly fetch manifest is-core-module@^2.16.1
1812 silly packumentCache full:https://registry.npmjs.org/is-core-module cache-miss
1813 silly fetch manifest supports-preserve-symlinks-flag@^1.0.0
1814 silly packumentCache full:https://registry.npmjs.org/supports-preserve-symlinks-flag cache-miss
1815 http fetch GET 200 https://registry.npmjs.org/path-parse 114ms (cache miss)
1816 silly packumentCache full:https://registry.npmjs.org/path-parse set size:undefined disposed:false
1817 http fetch GET 200 https://registry.npmjs.org/es-errors 127ms (cache miss)
1818 silly packumentCache full:https://registry.npmjs.org/es-errors set size:undefined disposed:false
1819 http fetch GET 200 https://registry.npmjs.org/supports-preserve-symlinks-flag 130ms (cache miss)
1820 silly packumentCache full:https://registry.npmjs.org/supports-preserve-symlinks-flag set size:undefined disposed:false
1821 http fetch GET 200 https://registry.npmjs.org/is-core-module 136ms (cache miss)
1822 silly packumentCache full:https://registry.npmjs.org/is-core-module set size:undefined disposed:false
1823 silly placeDep ROOT core-js-compat@3.50.0 OK for: babel-plugin-polyfill-corejs3@0.13.0 want: ^3.43.0
1824 silly fetch manifest browserslist@>= 4.21.0
1825 silly packumentCache full:https://registry.npmjs.org/browserslist cache-miss
1826 http cache https://registry.npmjs.org/browserslist 30ms (cache hit)
1827 silly packumentCache full:https://registry.npmjs.org/browserslist set size:518659 disposed:false
1828 silly placeDep ROOT baseline-browser-mapping@2.11.13 OK for: browserslist@4.28.8 want: ^2.11.12
1829 silly placeDep ROOT caniuse-lite@1.0.30001809 OK for: browserslist@4.28.8 want: ^1.0.30001809
1830 silly placeDep ROOT electron-to-chromium@1.5.405 OK for: browserslist@4.28.8 want: ^1.5.402
1831 silly placeDep ROOT node-releases@2.0.53 OK for: browserslist@4.28.8 want: ^2.0.53
1832 silly placeDep ROOT update-browserslist-db@1.3.1 OK for: browserslist@4.28.8 want: ^1.3.0
1833 silly fetch manifest escalade@^3.2.0
1834 silly packumentCache full:https://registry.npmjs.org/escalade cache-miss
1835 http cache https://registry.npmjs.org/escalade 21ms (cache hit)
1836 silly packumentCache full:https://registry.npmjs.org/escalade set size:33724 disposed:false
1837 silly placeDep ROOT ms@2.1.3 OK for: debug@4.4.3 want: ^2.1.3
1838 silly fetch manifest expo@*
1839 silly packumentCache full:https://registry.npmjs.org/expo cache-miss
1840 http cache https://registry.npmjs.org/expo 65ms (cache hit)
1841 silly packumentCache full:https://registry.npmjs.org/expo set size:4011490 disposed:false
1842 silly fetch manifest react-native@*
1843 silly packumentCache full:https://registry.npmjs.org/react-native cache-miss
1844 http cache https://registry.npmjs.org/react-native 261ms (cache hit)
1845 silly packumentCache full:https://registry.npmjs.org/react-native set size:15649506 disposed:false
1846 silly fetch manifest @types/react@^19.1.1
1847 silly packumentCache full:https://registry.npmjs.org/@types%2freact cache-miss
1848 http cache https://registry.npmjs.org/@types%2freact 45ms (cache hit)
1849 silly packumentCache full:https://registry.npmjs.org/@types%2freact set size:2637439 disposed:false
1850 silly fetch manifest react-native-web@*
1851 silly packumentCache full:https://registry.npmjs.org/react-native-web cache-miss
1852 http cache https://registry.npmjs.org/react-native-web 43ms (cache hit)
1853 silly packumentCache full:https://registry.npmjs.org/react-native-web set size:1090416 disposed:false
1854 silly fetch manifest expo-router@*
1855 silly packumentCache full:https://registry.npmjs.org/expo-router cache-miss
1856 http cache https://registry.npmjs.org/expo-router 42ms (cache hit)
1857 silly packumentCache full:https://registry.npmjs.org/expo-router set size:2105690 disposed:false
1858 silly fetch manifest expo-linking@^57.0.5
1859 silly packumentCache full:https://registry.npmjs.org/expo-linking cache-miss
1860 http cache https://registry.npmjs.org/expo-linking 18ms (cache hit)
1861 silly packumentCache full:https://registry.npmjs.org/expo-linking set size:859823 disposed:false
1862 silly fetch manifest react-native-gesture-handler@*
1863 silly packumentCache full:https://registry.npmjs.org/react-native-gesture-handler cache-miss
1864 http cache https://registry.npmjs.org/react-native-gesture-handler 38ms (cache hit)
1865 silly packumentCache full:https://registry.npmjs.org/react-native-gesture-handler set size:1316024 disposed:false
1866 silly fetch manifest react-native-reanimated@*
1867 silly packumentCache full:https://registry.npmjs.org/react-native-reanimated cache-miss
1868 http cache https://registry.npmjs.org/react-native-reanimated 151ms (cache hit)
1869 silly packumentCache full:https://registry.npmjs.org/react-native-reanimated set size:11405384 disposed:false
1870 silly fetch manifest react-native@0.83 - 0.86
1871 silly packumentCache full:https://registry.npmjs.org/react-native cache-miss
1872 http cache https://registry.npmjs.org/react-native 245ms (cache hit)
1873 silly packumentCache full:https://registry.npmjs.org/react-native set size:15649506 disposed:false
1874 silly fetch manifest react-native-worklets@0.10.x - 0.11.x
1875 silly packumentCache full:https://registry.npmjs.org/react-native-worklets cache-miss
1876 http cache https://registry.npmjs.org/react-native-worklets 61ms (cache hit)
1877 silly packumentCache full:https://registry.npmjs.org/react-native-worklets set size:3201125 disposed:false
1878 silly fetch manifest react-native-safe-area-context@>= 5.4.0
1879 silly packumentCache full:https://registry.npmjs.org/react-native-safe-area-context cache-miss
1880 http cache https://registry.npmjs.org/react-native-safe-area-context 19ms (cache hit)
1881 silly packumentCache full:https://registry.npmjs.org/react-native-safe-area-context set size:677583 disposed:false
1882 silly fetch manifest expo-widgets@^57.0.8
1883 silly packumentCache full:https://registry.npmjs.org/expo-widgets cache-miss
1884 http fetch GET 200 https://registry.npmjs.org/expo-widgets 217ms (cache miss)
1885 silly packumentCache full:https://registry.npmjs.org/expo-widgets set size:undefined disposed:false
1886 silly fetch manifest react-native-worklets@^0.7.4 || ^0.8.0 || ^0.9.0 || ^0.10.0
1887 silly packumentCache full:https://registry.npmjs.org/react-native-worklets cache-miss
1888 http cache https://registry.npmjs.org/react-native-worklets 71ms (cache hit)
1889 silly packumentCache full:https://registry.npmjs.org/react-native-worklets set size:3201125 disposed:false
1890 silly placeDep ROOT @babel/runtime@7.29.7 OK for: expo@57.0.12 want: ^7.20.0
1891 silly placeDep node_modules/expo @expo/cli@57.0.14 CONFLICT for: expo@57.0.12 want: ^57.0.14
1892 silly placeDep ROOT @expo/config@57.0.7 OK for: expo@57.0.12 want: ~57.0.7
1893 silly placeDep ROOT @expo/config-plugins@57.0.7 OK for: expo@57.0.12 want: ~57.0.7
1894 silly placeDep ROOT @expo/devtools@57.0.1 OK for: expo@57.0.12 want: ~57.0.1
1895 silly placeDep ROOT @expo/dom-webview@57.0.1 OK for: expo@57.0.12 want: ~57.0.1
1896 silly placeDep ROOT @expo/fingerprint@0.20.7 OK for: expo@57.0.12 want: ^0.20.7
1897 silly placeDep ROOT @expo/local-build-cache-provider@57.0.6 OK for: expo@57.0.12 want: ^57.0.6
1898 silly placeDep ROOT @expo/log-box@57.0.2 OK for: expo@57.0.12 want: ^57.0.2
1899 silly placeDep ROOT @expo/metro@56.0.0 OK for: expo@57.0.12 want: ~56.0.0
1900 silly placeDep ROOT @expo/metro-config@57.0.8 OK for: expo@57.0.12 want: ~57.0.8
1901 silly placeDep ROOT @ungap/structured-clone@1.3.3 OK for: expo@57.0.12 want: ^1.3.0
1902 silly placeDep ROOT babel-preset-expo@57.0.6 OK for: expo@57.0.12 want: ~57.0.6
1903 silly placeDep ROOT expo-asset@57.0.10 OK for: expo@57.0.12 want: ~57.0.10
1904 silly placeDep ROOT expo-file-system@57.0.2 OK for: expo@57.0.12 want: ~57.0.2
1905 silly placeDep ROOT expo-keep-awake@57.0.1 OK for: expo@57.0.12 want: ~57.0.1
1906 silly placeDep ROOT expo-modules-autolinking@57.0.9 OK for: expo@57.0.12 want: ~57.0.9
1907 silly placeDep ROOT expo-modules-core@57.0.10 OK for: expo@57.0.12 want: ~57.0.10
1908 silly placeDep ROOT pretty-format@29.7.0 OK for: expo@57.0.12 want: ^29.7.0
1909 silly placeDep ROOT whatwg-url-minimum@0.1.2 OK for: expo@57.0.12 want: ^0.1.2
1910 silly fetch manifest ws@^8.12.1
1911 silly packumentCache full:https://registry.npmjs.org/ws cache-miss
1912 silly fetch manifest arg@^5.0.2
1913 silly packumentCache full:https://registry.npmjs.org/arg cache-miss
1914 silly fetch manifest ora@^3.4.0
1915 silly packumentCache full:https://registry.npmjs.org/ora cache-miss
1916 silly fetch manifest zod@^3.25.76
1917 silly packumentCache full:https://registry.npmjs.org/zod cache-miss
1918 silly fetch manifest glob@^13.0.0
1919 silly packumentCache full:https://registry.npmjs.org/glob cache-miss
1920 silly fetch manifest send@^0.19.0
1921 silly packumentCache full:https://registry.npmjs.org/send cache-miss
1922 silly fetch manifest toqr@^0.1.1
1923 silly packumentCache full:https://registry.npmjs.org/toqr cache-miss
1924 http cache https://registry.npmjs.org/ws 60ms (cache hit)
1925 silly packumentCache full:https://registry.npmjs.org/ws set size:447661 disposed:false
1926 silly fetch manifest chalk@^4.0.0
1927 silly packumentCache full:https://registry.npmjs.org/chalk cache-miss
1928 http cache https://registry.npmjs.org/zod 147ms (cache hit)
1929 silly packumentCache full:https://registry.npmjs.org/zod set size:3596894 disposed:false
1930 silly fetch manifest getenv@^2.0.0
1931 silly packumentCache full:https://registry.npmjs.org/getenv cache-miss
1932 http fetch GET 200 https://registry.npmjs.org/toqr 421ms (cache miss)
1933 silly packumentCache full:https://registry.npmjs.org/toqr set size:undefined disposed:false
1934 silly fetch manifest accepts@^1.3.8
1935 silly packumentCache full:https://registry.npmjs.org/accepts cache-miss
1936 http fetch GET 200 https://registry.npmjs.org/arg 439ms (cache miss)
1937 silly packumentCache full:https://registry.npmjs.org/arg set size:undefined disposed:false
1938 silly fetch manifest ci-info@^3.3.0
1939 silly packumentCache full:https://registry.npmjs.org/ci-info cache-miss
1940 http fetch GET 200 https://registry.npmjs.org/ora 455ms (cache miss)
1941 silly packumentCache full:https://registry.npmjs.org/ora set size:undefined disposed:false
1942 silly fetch manifest connect@^3.7.0
1943 silly packumentCache full:https://registry.npmjs.org/connect cache-miss
1944 http fetch GET 200 https://registry.npmjs.org/chalk 394ms (cache miss)
1945 silly packumentCache full:https://registry.npmjs.org/chalk set size:undefined disposed:false
1946 silly fetch manifest prompts@^2.3.2
1947 silly packumentCache full:https://registry.npmjs.org/prompts cache-miss
1948 http fetch GET 200 https://registry.npmjs.org/send 492ms (cache miss)
1949 silly packumentCache full:https://registry.npmjs.org/send set size:undefined disposed:false
1950 silly fetch manifest slugify@^1.3.4
1951 silly packumentCache full:https://registry.npmjs.org/slugify cache-miss
1952 http fetch GET 200 https://registry.npmjs.org/getenv 169ms (cache miss)
1953 silly packumentCache full:https://registry.npmjs.org/getenv set size:undefined disposed:false
1954 silly fetch manifest progress@^2.0.3
1955 silly packumentCache full:https://registry.npmjs.org/progress cache-miss
1956 http cache https://registry.npmjs.org/connect 68ms (cache hit)
1957 silly packumentCache full:https://registry.npmjs.org/connect set size:438385 disposed:false
1958 silly fetch manifest multitars@^1.0.0
1959 silly packumentCache full:https://registry.npmjs.org/multitars cache-miss
1960 http fetch GET 200 https://registry.npmjs.org/glob 585ms (cache miss)
1961 silly packumentCache full:https://registry.npmjs.org/glob set size:undefined disposed:false
1962 silly fetch manifest wrap-ansi@^7.0.0
1963 silly packumentCache full:https://registry.npmjs.org/wrap-ansi cache-miss
1964 http fetch GET 200 https://registry.npmjs.org/accepts 237ms (cache miss)
1965 silly packumentCache full:https://registry.npmjs.org/accepts set size:undefined disposed:false
1966 silly fetch manifest node-forge@^1.3.3
1967 silly packumentCache full:https://registry.npmjs.org/node-forge cache-miss
1968 http fetch GET 200 https://registry.npmjs.org/ci-info 242ms (cache miss)
1969 silly packumentCache full:https://registry.npmjs.org/ci-info set size:undefined disposed:false
1970 silly fetch manifest compression@^1.7.4
1971 silly packumentCache full:https://registry.npmjs.org/compression cache-miss
1972 http fetch GET 200 https://registry.npmjs.org/slugify 212ms (cache miss)
1973 silly packumentCache full:https://registry.npmjs.org/slugify set size:undefined disposed:false
1974 silly fetch manifest lan-network@^0.2.1
1975 silly packumentCache full:https://registry.npmjs.org/lan-network cache-miss
1976 http fetch GET 200 https://registry.npmjs.org/prompts 241ms (cache miss)
1977 silly packumentCache full:https://registry.npmjs.org/prompts set size:undefined disposed:false
1978 silly fetch manifest resolve-from@^5.0.0
1979 silly packumentCache full:https://registry.npmjs.org/resolve-from cache-miss
1980 http fetch GET 200 https://registry.npmjs.org/progress 228ms (cache miss)
1981 silly packumentCache full:https://registry.npmjs.org/progress set size:undefined disposed:false
1982 silly fetch manifest @expo/devcert@^1.2.1
1983 silly packumentCache full:https://registry.npmjs.org/@expo%2fdevcert cache-miss
1984 http fetch GET 200 https://registry.npmjs.org/wrap-ansi 161ms (cache miss)
1985 silly packumentCache full:https://registry.npmjs.org/wrap-ansi set size:undefined disposed:false
1986 silly fetch manifest bplist-parser@^0.3.1
1987 silly packumentCache full:https://registry.npmjs.org/bplist-parser cache-miss
1988 http fetch GET 200 https://registry.npmjs.org/multitars 228ms (cache miss)
1989 silly packumentCache full:https://registry.npmjs.org/multitars set size:undefined disposed:false
1990 silly fetch manifest terminal-link@^2.1.1
1991 silly packumentCache full:https://registry.npmjs.org/terminal-link cache-miss
1992 http fetch GET 200 https://registry.npmjs.org/compression 160ms (cache miss)
1993 silly packumentCache full:https://registry.npmjs.org/compression set size:undefined disposed:false
1994 silly fetch manifest @expo/xcpretty@^4.4.4
1995 silly packumentCache full:https://registry.npmjs.org/@expo%2fxcpretty cache-miss
1996 http fetch GET 200 https://registry.npmjs.org/resolve-from 143ms (cache miss)
1997 silly packumentCache full:https://registry.npmjs.org/resolve-from set size:undefined disposed:false
1998 silly fetch manifest bplist-creator@0.1.0
1999 silly packumentCache full:https://registry.npmjs.org/bplist-creator cache-miss
2000 http fetch GET 200 https://registry.npmjs.org/lan-network 181ms (cache miss)
2001 silly packumentCache full:https://registry.npmjs.org/lan-network set size:undefined disposed:false
2002 silly fetch manifest fetch-nodeshim@^0.4.10
2003 silly packumentCache full:https://registry.npmjs.org/fetch-nodeshim cache-miss
2004 http fetch GET 200 https://registry.npmjs.org/node-forge 248ms (cache miss)
2005 silly packumentCache full:https://registry.npmjs.org/node-forge set size:undefined disposed:false
2006 silly fetch manifest @expo/json-file@^11.0.1
2007 silly packumentCache full:https://registry.npmjs.org/@expo%2fjson-file cache-miss
2008 http fetch GET 200 https://registry.npmjs.org/@expo%2fdevcert 198ms (cache miss)
2009 silly packumentCache full:https://registry.npmjs.org/@expo%2fdevcert set size:undefined disposed:false
2010 silly fetch manifest @expo/osascript@^2.7.1
2011 silly packumentCache full:https://registry.npmjs.org/@expo%2fosascript cache-miss
2012 http fetch GET 200 https://registry.npmjs.org/bplist-parser 204ms (cache miss)
2013 silly packumentCache full:https://registry.npmjs.org/bplist-parser set size:undefined disposed:false
2014 silly fetch manifest @expo/ws-tunnel@^2.0.0
2015 silly packumentCache full:https://registry.npmjs.org/@expo%2fws-tunnel cache-miss
2016 http fetch GET 200 https://registry.npmjs.org/terminal-link 199ms (cache miss)
2017 silly packumentCache full:https://registry.npmjs.org/terminal-link set size:undefined disposed:false
2018 silly fetch manifest dnssd-advertise@^1.1.4
2019 silly packumentCache full:https://registry.npmjs.org/dnssd-advertise cache-miss
2020 http fetch GET 200 https://registry.npmjs.org/@expo%2fxcpretty 140ms (cache miss)
2021 silly packumentCache full:https://registry.npmjs.org/@expo%2fxcpretty set size:undefined disposed:false
2022 silly fetch manifest npm-package-arg@^11.0.0
2023 silly packumentCache full:https://registry.npmjs.org/npm-package-arg cache-miss
2024 http fetch GET 200 https://registry.npmjs.org/bplist-creator 144ms (cache miss)
2025 silly packumentCache full:https://registry.npmjs.org/bplist-creator set size:undefined disposed:false
2026 silly fetch manifest @expo/spawn-async@^1.8.0
2027 silly packumentCache full:https://registry.npmjs.org/@expo%2fspawn-async cache-miss
2028 http fetch GET 200 https://registry.npmjs.org/fetch-nodeshim 131ms (cache miss)
2029 silly packumentCache full:https://registry.npmjs.org/fetch-nodeshim set size:undefined disposed:false
2030 silly fetch manifest agent-cli-detector@^0.1.2
2031 silly packumentCache full:https://registry.npmjs.org/agent-cli-detector cache-miss
2032 http fetch GET 200 https://registry.npmjs.org/@expo%2fjson-file 290ms (cache miss)
2033 silly packumentCache full:https://registry.npmjs.org/@expo%2fjson-file set size:undefined disposed:false
2034 silly fetch manifest structured-headers@^0.4.1
2035 silly packumentCache full:https://registry.npmjs.org/structured-headers cache-miss
2036 http fetch GET 200 https://registry.npmjs.org/dnssd-advertise 281ms (cache miss)
2037 silly packumentCache full:https://registry.npmjs.org/dnssd-advertise set size:undefined disposed:false
2038 silly fetch manifest @expo/require-utils@^57.0.4
2039 silly packumentCache full:https://registry.npmjs.org/@expo%2frequire-utils cache-miss
2040 http fetch GET 200 https://registry.npmjs.org/npm-package-arg 300ms (cache miss)
2041 silly packumentCache full:https://registry.npmjs.org/npm-package-arg set size:undefined disposed:false
2042 silly fetch manifest @expo/router-server@^57.0.5
2043 silly packumentCache full:https://registry.npmjs.org/@expo%2frouter-server cache-miss
2044 http fetch GET 200 https://registry.npmjs.org/@expo%2fws-tunnel 350ms (cache miss)
2045 silly packumentCache full:https://registry.npmjs.org/@expo%2fws-tunnel set size:undefined disposed:false
2046 silly fetch manifest @expo/inline-modules@^0.1.5
2047 silly packumentCache full:https://registry.npmjs.org/@expo%2finline-modules cache-miss
2048 http fetch GET 200 https://registry.npmjs.org/agent-cli-detector 289ms (cache miss)
2049 silly packumentCache full:https://registry.npmjs.org/agent-cli-detector set size:undefined disposed:false
2050 silly fetch manifest @expo/metro-file-map@^57.0.1
2051 silly packumentCache full:https://registry.npmjs.org/@expo%2fmetro-file-map cache-miss
2052 http fetch GET 200 https://registry.npmjs.org/@expo%2fspawn-async 317ms (cache miss)
2053 silly packumentCache full:https://registry.npmjs.org/@expo%2fspawn-async set size:undefined disposed:false
2054 silly fetch manifest @expo/package-manager@^1.13.1
2055 silly packumentCache full:https://registry.npmjs.org/@expo%2fpackage-manager cache-miss
2056 http fetch GET 200 https://registry.npmjs.org/@expo%2fosascript 431ms (cache miss)
2057 silly packumentCache full:https://registry.npmjs.org/@expo%2fosascript set size:undefined disposed:false
2058 silly fetch manifest @expo/prebuild-config@^57.0.11
2059 silly packumentCache full:https://registry.npmjs.org/@expo%2fprebuild-config cache-miss
2060 http fetch GET 200 https://registry.npmjs.org/structured-headers 212ms (cache miss)
2061 silly packumentCache full:https://registry.npmjs.org/structured-headers set size:undefined disposed:false
2062 silly fetch manifest @react-native/dev-middleware@0.86.2
2063 silly packumentCache full:https://registry.npmjs.org/@react-native%2fdev-middleware cache-miss
2064 http fetch GET 200 https://registry.npmjs.org/@expo%2fmetro-file-map 208ms (cache miss)
2065 silly packumentCache full:https://registry.npmjs.org/@expo%2fmetro-file-map set size:undefined disposed:false
2066 silly fetch manifest @expo/code-signing-certificates@^0.0.6
2067 silly packumentCache full:https://registry.npmjs.org/@expo%2fcode-signing-certificates cache-miss
2068 http fetch GET 200 https://registry.npmjs.org/@expo%2finline-modules 226ms (cache miss)
2069 silly packumentCache full:https://registry.npmjs.org/@expo%2finline-modules set size:undefined disposed:false
2070 silly fetch manifest deepmerge@^4.3.1
2071 silly packumentCache full:https://registry.npmjs.org/deepmerge cache-miss
2072 http fetch GET 200 https://registry.npmjs.org/@expo%2frequire-utils 303ms (cache miss)
2073 silly packumentCache full:https://registry.npmjs.org/@expo%2frequire-utils set size:undefined disposed:false
2074 silly fetch manifest resolve-workspace-root@^2.0.0
2075 silly packumentCache full:https://registry.npmjs.org/resolve-workspace-root cache-miss
2076 http fetch GET 200 https://registry.npmjs.org/@expo%2fpackage-manager 299ms (cache miss)
2077 silly packumentCache full:https://registry.npmjs.org/@expo%2fpackage-manager set size:undefined disposed:false
2078 silly fetch manifest chalk@^4.1.2
2079 silly packumentCache full:https://registry.npmjs.org/chalk cache-miss
2080 http fetch GET 200 https://registry.npmjs.org/@expo%2frouter-server 405ms (cache miss)
2081 silly packumentCache full:https://registry.npmjs.org/@expo%2frouter-server set size:undefined disposed:false
2082 silly fetch manifest xcode@^3.0.1
2083 silly packumentCache full:https://registry.npmjs.org/xcode cache-miss
2084 http fetch GET 200 https://registry.npmjs.org/resolve-workspace-root 154ms (cache miss)
2085 silly packumentCache full:https://registry.npmjs.org/resolve-workspace-root set size:undefined disposed:false
2086 silly fetch manifest slugify@^1.6.6
2087 silly packumentCache full:https://registry.npmjs.org/slugify cache-miss
2088 http fetch GET 200 https://registry.npmjs.org/@expo%2fcode-signing-certificates 197ms (cache miss)
2089 silly packumentCache full:https://registry.npmjs.org/@expo%2fcode-signing-certificates set size:undefined disposed:false
2090 silly fetch manifest @expo/json-file@~11.0.1
2091 silly packumentCache full:https://registry.npmjs.org/@expo%2fjson-file cache-miss
2092 http cache https://registry.npmjs.org/chalk 75ms (cache hit)
2093 silly packumentCache full:https://registry.npmjs.org/chalk set size:134775 disposed:false
2094 silly fetch manifest @expo/sdk-runtime-versions@^1.0.0
2095 silly packumentCache full:https://registry.npmjs.org/@expo%2fsdk-runtime-versions cache-miss
2096 http fetch GET 200 https://registry.npmjs.org/deepmerge 212ms (cache miss)
2097 silly packumentCache full:https://registry.npmjs.org/deepmerge set size:undefined disposed:false
2098 silly fetch manifest ignore@^5.3.1
2099 silly packumentCache full:https://registry.npmjs.org/ignore cache-miss
2100 http cache https://registry.npmjs.org/slugify 60ms (cache hit)
2101 silly packumentCache full:https://registry.npmjs.org/slugify set size:103522 disposed:false
2102 silly fetch manifest @expo/env@^2.4.2
2103 silly packumentCache full:https://registry.npmjs.org/@expo%2fenv cache-miss
2104 http fetch GET 200 https://registry.npmjs.org/@expo%2fprebuild-config 408ms (cache miss)
2105 silly packumentCache full:https://registry.npmjs.org/@expo%2fprebuild-config set size:undefined disposed:false
2106 silly fetch manifest minimatch@^10.2.2
2107 silly packumentCache full:https://registry.npmjs.org/minimatch cache-miss
2108 http cache https://registry.npmjs.org/@expo%2fjson-file 119ms (cache hit)
2109 silly packumentCache full:https://registry.npmjs.org/@expo%2fjson-file set size:795254 disposed:false
2110 silly fetch manifest metro@0.84.4
2111 silly packumentCache full:https://registry.npmjs.org/metro cache-miss
2112 http cache https://registry.npmjs.org/@expo%2fenv 188ms (cache hit)
2113 silly packumentCache full:https://registry.npmjs.org/@expo%2fenv set size:608611 disposed:false
2114 silly fetch manifest metro-core@0.84.4
2115 silly packumentCache full:https://registry.npmjs.org/metro-core cache-miss
2116 http fetch GET 200 https://registry.npmjs.org/@expo%2fsdk-runtime-versions 259ms (cache miss)
2117 silly packumentCache full:https://registry.npmjs.org/@expo%2fsdk-runtime-versions set size:undefined disposed:false
2118 silly fetch manifest metro-cache@0.84.4
2119 silly packumentCache full:https://registry.npmjs.org/metro-cache cache-miss
2120 http cache https://registry.npmjs.org/metro 126ms (cache hit)
2121 silly packumentCache full:https://registry.npmjs.org/metro set size:736076 disposed:false
2122 silly fetch manifest metro-config@0.84.4
2123 silly packumentCache full:https://registry.npmjs.org/metro-config cache-miss
2124 http cache https://registry.npmjs.org/metro-core 89ms (cache hit)
2125 silly packumentCache full:https://registry.npmjs.org/metro-core set size:395979 disposed:false
2126 silly fetch manifest metro-runtime@0.84.4
2127 silly packumentCache full:https://registry.npmjs.org/metro-runtime cache-hit
2128 silly fetch manifest metro-file-map@0.84.4
2129 silly packumentCache full:https://registry.npmjs.org/metro-file-map cache-miss
2130 http cache https://registry.npmjs.org/metro-cache 107ms (cache hit)
2131 silly packumentCache full:https://registry.npmjs.org/metro-cache set size:376710 disposed:false
2132 silly fetch manifest metro-resolver@0.84.4
2133 silly packumentCache full:https://registry.npmjs.org/metro-resolver cache-miss
2134 http fetch GET 200 https://registry.npmjs.org/ignore 369ms (cache miss)
2135 silly packumentCache full:https://registry.npmjs.org/ignore set size:undefined disposed:false
2136 silly fetch manifest metro-cache-key@0.84.4
2137 silly packumentCache full:https://registry.npmjs.org/metro-cache-key cache-miss
2138 http cache https://registry.npmjs.org/metro-config 93ms (cache hit)
2139 silly packumentCache full:https://registry.npmjs.org/metro-config set size:337662 disposed:false
2140 silly fetch manifest metro-source-map@0.84.4
2141 silly packumentCache full:https://registry.npmjs.org/metro-source-map cache-miss
2142 http cache https://registry.npmjs.org/metro-source-map 22ms (cache hit)
2143 silly packumentCache full:https://registry.npmjs.org/metro-source-map set size:431760 disposed:false
2144 silly fetch manifest metro-symbolicate@0.84.4
2145 silly packumentCache full:https://registry.npmjs.org/metro-symbolicate cache-miss
2146 http fetch GET 200 https://registry.npmjs.org/minimatch 379ms (cache miss)
2147 silly packumentCache full:https://registry.npmjs.org/minimatch set size:undefined disposed:false
2148 silly fetch manifest metro-minify-terser@0.84.4
2149 silly packumentCache full:https://registry.npmjs.org/metro-minify-terser cache-miss
2150 http fetch GET 200 https://registry.npmjs.org/metro-file-map 149ms (cache miss)
2151 silly packumentCache full:https://registry.npmjs.org/metro-file-map set size:undefined disposed:false
2152 silly fetch manifest metro-transform-worker@0.84.4
2153 silly packumentCache full:https://registry.npmjs.org/metro-transform-worker cache-miss
2154 http fetch GET 200 https://registry.npmjs.org/@react-native%2fdev-middleware 867ms (cache miss)
2155 silly packumentCache full:https://registry.npmjs.org/@react-native%2fdev-middleware set size:undefined disposed:false
2156 silly fetch manifest metro-babel-transformer@0.84.4
2157 silly packumentCache full:https://registry.npmjs.org/metro-babel-transformer cache-miss
2158 http fetch GET 200 https://registry.npmjs.org/metro-cache-key 268ms (cache miss)
2159 silly packumentCache full:https://registry.npmjs.org/metro-cache-key set size:undefined disposed:false
2160 silly fetch manifest metro-transform-plugins@0.84.4
2161 silly packumentCache full:https://registry.npmjs.org/metro-transform-plugins cache-miss
2162 http fetch GET 200 https://registry.npmjs.org/metro-symbolicate 228ms (cache miss)
2163 silly packumentCache full:https://registry.npmjs.org/metro-symbolicate set size:undefined disposed:false
2164 silly fetch manifest chalk@^4.1.0
2165 silly packumentCache full:https://registry.npmjs.org/chalk cache-hit
2166 silly fetch manifest postcss@^8.5.14
2167 silly packumentCache full:https://registry.npmjs.org/postcss cache-miss
2168 http fetch GET 200 https://registry.npmjs.org/metro-resolver 331ms (cache miss)
2169 silly packumentCache full:https://registry.npmjs.org/metro-resolver set size:undefined disposed:false
2170 silly fetch manifest jsc-safe-url@^0.2.4
2171 silly packumentCache full:https://registry.npmjs.org/jsc-safe-url cache-miss
2172 http fetch GET 200 https://registry.npmjs.org/metro-transform-worker 205ms (cache miss)
2173 silly packumentCache full:https://registry.npmjs.org/metro-transform-worker set size:undefined disposed:false
2174 silly fetch manifest lightningcss@^1.30.1
2175 silly packumentCache full:https://registry.npmjs.org/lightningcss cache-miss
2176 http fetch GET 200 https://registry.npmjs.org/metro-minify-terser 258ms (cache miss)
2177 silly packumentCache full:https://registry.npmjs.org/metro-minify-terser set size:undefined disposed:false
2178 silly fetch manifest @babel/preset-typescript@^7.23.0
2179 silly packumentCache full:https://registry.npmjs.org/@babel%2fpreset-typescript cache-miss
2180 http cache https://registry.npmjs.org/@babel%2fpreset-typescript 13ms (cache hit)
2181 silly packumentCache full:https://registry.npmjs.org/@babel%2fpreset-typescript set size:271383 disposed:false
2182 silly fetch manifest babel-plugin-react-compiler@^1.0.0
2183 silly packumentCache full:https://registry.npmjs.org/babel-plugin-react-compiler cache-miss
2184 http fetch GET 200 https://registry.npmjs.org/metro-transform-plugins 205ms (cache miss)
2185 silly packumentCache full:https://registry.npmjs.org/metro-transform-plugins set size:undefined disposed:false
2186 silly fetch manifest babel-plugin-react-native-web@~0.21.0
2187 silly packumentCache full:https://registry.npmjs.org/babel-plugin-react-native-web cache-miss
2188 http fetch GET 200 https://registry.npmjs.org/metro-babel-transformer 271ms (cache miss)
2189 silly packumentCache full:https://registry.npmjs.org/metro-babel-transformer set size:undefined disposed:false
2190 silly fetch manifest @babel/plugin-proposal-decorators@^7.12.9
2191 silly packumentCache full:https://registry.npmjs.org/@babel%2fplugin-proposal-decorators cache-miss
2192 http fetch GET 200 https://registry.npmjs.org/jsc-safe-url 193ms (cache miss)
2193 silly packumentCache full:https://registry.npmjs.org/jsc-safe-url set size:undefined disposed:false
2194 silly fetch manifest @babel/plugin-transform-parameters@^7.24.7
2195 silly packumentCache full:https://registry.npmjs.org/@babel%2fplugin-transform-parameters cache-miss
2196 http fetch GET 200 https://registry.npmjs.org/lightningcss 207ms (cache miss)
2197 silly packumentCache full:https://registry.npmjs.org/lightningcss set size:undefined disposed:false
2198 silly fetch manifest @react-native/babel-plugin-codegen@0.86.2
2199 silly packumentCache full:https://registry.npmjs.org/@react-native%2fbabel-plugin-codegen cache-miss
2200 http fetch GET 200 https://registry.npmjs.org/postcss 293ms (cache miss)
2201 silly packumentCache full:https://registry.npmjs.org/postcss set size:undefined disposed:false
2202 silly fetch manifest @babel/plugin-transform-class-static-block@^7.27.1
2203 silly packumentCache full:https://registry.npmjs.org/@babel%2fplugin-transform-class-static-block cache-miss
2204 http cache https://registry.npmjs.org/@react-native%2fbabel-plugin-codegen 98ms (cache hit)
2205 silly packumentCache full:https://registry.npmjs.org/@react-native%2fbabel-plugin-codegen set size:2342290 disposed:false
2206 silly fetch manifest @babel/plugin-transform-object-rest-spread@^7.24.7
2207 silly packumentCache full:https://registry.npmjs.org/@babel%2fplugin-transform-object-rest-spread cache-miss
2208 http fetch GET 200 https://registry.npmjs.org/babel-plugin-react-native-web 282ms (cache miss)
2209 silly packumentCache full:https://registry.npmjs.org/babel-plugin-react-native-web set size:undefined disposed:false
2210 silly fetch manifest @babel/plugin-transform-export-namespace-from@^7.25.9
2211 silly packumentCache full:https://registry.npmjs.org/@babel%2fplugin-transform-export-namespace-from cache-miss
2212 http fetch GET 200 https://registry.npmjs.org/@babel%2fplugin-transform-parameters 290ms (cache miss)
2213 silly packumentCache full:https://registry.npmjs.org/@babel%2fplugin-transform-parameters set size:undefined disposed:false
2214 silly fetch manifest @babel/plugin-transform-react-jsx-development@^7.27.1
2215 silly packumentCache full:https://registry.npmjs.org/@babel%2fplugin-transform-react-jsx-development cache-miss
2216 http fetch GET 200 https://registry.npmjs.org/@babel%2fplugin-proposal-decorators 319ms (cache miss)
2217 silly packumentCache full:https://registry.npmjs.org/@babel%2fplugin-proposal-decorators set size:undefined disposed:false
2218 silly fetch manifest @babel/plugin-transform-react-pure-annotations@^7.27.1
2219 silly packumentCache full:https://registry.npmjs.org/@babel%2fplugin-transform-react-pure-annotations cache-miss
2220 http fetch GET 200 https://registry.npmjs.org/@babel%2fplugin-transform-class-static-block 250ms (cache miss)
2221 silly packumentCache full:https://registry.npmjs.org/@babel%2fplugin-transform-class-static-block set size:undefined disposed:false
2222 silly fetch manifest @babel/plugin-transform-logical-assignment-operators@^7.24.7
2223 silly packumentCache full:https://registry.npmjs.org/@babel%2fplugin-transform-logical-assignment-operators cache-miss
2224 http fetch GET 200 https://registry.npmjs.org/@babel%2fplugin-transform-object-rest-spread 196ms (cache miss)
2225 silly packumentCache full:https://registry.npmjs.org/@babel%2fplugin-transform-object-rest-spread set size:undefined disposed:false
2226 silly fetch manifest commander@^7.2.0
2227 silly packumentCache full:https://registry.npmjs.org/commander cache-miss
2228 http fetch GET 200 https://registry.npmjs.org/@babel%2fplugin-transform-export-namespace-from 127ms (cache miss)
2229 silly packumentCache full:https://registry.npmjs.org/@babel%2fplugin-transform-export-namespace-from set size:undefined disposed:false
2230 silly fetch manifest expo-modules-jsi@~57.0.4
2231 silly packumentCache full:https://registry.npmjs.org/expo-modules-jsi cache-miss
2232 http fetch GET 200 https://registry.npmjs.org/babel-plugin-react-compiler 563ms (cache miss)
2233 silly packumentCache full:https://registry.npmjs.org/babel-plugin-react-compiler set size:undefined disposed:false
2234 silly fetch manifest @expo/expo-modules-macros-plugin@0.6.1
2235 silly packumentCache full:https://registry.npmjs.org/@expo%2fexpo-modules-macros-plugin cache-miss
2236 http cache https://registry.npmjs.org/commander 88ms (cache hit)
2237 silly packumentCache full:https://registry.npmjs.org/commander set size:353115 disposed:false
2238 silly fetch manifest react-is@^18.0.0
2239 silly packumentCache full:https://registry.npmjs.org/react-is cache-miss
2240 http fetch GET 200 https://registry.npmjs.org/@babel%2fplugin-transform-react-jsx-development 219ms (cache miss)
2241 silly packumentCache full:https://registry.npmjs.org/@babel%2fplugin-transform-react-jsx-development set size:undefined disposed:false
2242 silly fetch manifest ansi-styles@^5.0.0
2243 silly packumentCache full:https://registry.npmjs.org/ansi-styles cache-miss
2244 http fetch GET 200 https://registry.npmjs.org/@babel%2fplugin-transform-logical-assignment-operators 175ms (cache miss)
2245 silly packumentCache full:https://registry.npmjs.org/@babel%2fplugin-transform-logical-assignment-operators set size:undefined disposed:false
2246 silly fetch manifest @jest/schemas@^29.6.3
2247 silly packumentCache full:https://registry.npmjs.org/@jest%2fschemas cache-miss
2248 http cache https://registry.npmjs.org/react-is 96ms (cache hit)
2249 silly packumentCache full:https://registry.npmjs.org/react-is set size:5573815 disposed:false
2250 http fetch GET 200 https://registry.npmjs.org/expo-modules-jsi 391ms (cache miss)
2251 silly packumentCache full:https://registry.npmjs.org/expo-modules-jsi set size:undefined disposed:false
2252 http fetch GET 200 https://registry.npmjs.org/@babel%2fplugin-transform-react-pure-annotations 490ms (cache miss)
2253 silly packumentCache full:https://registry.npmjs.org/@babel%2fplugin-transform-react-pure-annotations set size:undefined disposed:false
2254 http fetch GET 200 https://registry.npmjs.org/@expo%2fexpo-modules-macros-plugin 393ms (cache miss)
2255 silly packumentCache full:https://registry.npmjs.org/@expo%2fexpo-modules-macros-plugin set size:undefined disposed:false
2256 http fetch GET 200 https://registry.npmjs.org/ansi-styles 330ms (cache miss)
2257 silly packumentCache full:https://registry.npmjs.org/ansi-styles set size:undefined disposed:false
2258 http fetch GET 200 https://registry.npmjs.org/@jest%2fschemas 322ms (cache miss)
2259 silly packumentCache full:https://registry.npmjs.org/@jest%2fschemas set size:undefined disposed:false
2260 http fetch GET 200 https://registry.npmjs.org/xcode 2031ms (cache miss)
2261 silly packumentCache full:https://registry.npmjs.org/xcode set size:undefined disposed:false
2262 silly fetch manifest typescript@^5.0.0 || ^5.0.0-0 || ^6.0.0 || ^7.0.0
2263 silly packumentCache full:https://registry.npmjs.org/typescript cache-miss
2264 http cache https://registry.npmjs.org/typescript 201ms (cache hit)
2265 silly packumentCache full:https://registry.npmjs.org/typescript set size:15547442 disposed:false
2266 silly placeDep ROOT @expo/config-types@57.0.2 OK for: @expo/config@57.0.7 want: ^57.0.2
2267 silly placeDep ROOT @expo/json-file@11.0.1 OK for: @expo/config@57.0.7 want: ^11.0.1
2268 silly placeDep ROOT @expo/require-utils@57.0.4 OK for: @expo/config@57.0.7 want: ^57.0.4
2269 silly placeDep ROOT deepmerge@4.3.1 OK for: @expo/config@57.0.7 want: ^4.3.1
2270 silly placeDep ROOT getenv@2.0.0 OK for: @expo/config@57.0.7 want: ^2.0.0
2271 silly placeDep ROOT glob@13.0.6 OK for: @expo/config@57.0.7 want: ^13.0.0
2272 silly placeDep ROOT resolve-workspace-root@2.0.1 OK for: @expo/config@57.0.7 want: ^2.0.0
2273 silly placeDep ROOT slugify@1.6.9 OK for: @expo/config@57.0.7 want: ^1.3.4
2274 silly fetch manifest minipass@^7.1.3
2275 silly packumentCache full:https://registry.npmjs.org/minipass cache-miss
2276 silly fetch manifest path-scurry@^2.0.2
2277 silly packumentCache full:https://registry.npmjs.org/path-scurry cache-miss
2278 http fetch GET 200 https://registry.npmjs.org/path-scurry 129ms (cache miss)
2279 silly packumentCache full:https://registry.npmjs.org/path-scurry set size:undefined disposed:false
2280 http fetch GET 200 https://registry.npmjs.org/minipass 152ms (cache miss)
2281 silly packumentCache full:https://registry.npmjs.org/minipass set size:undefined disposed:false
2282 silly placeDep ROOT @expo/plist@0.8.1 OK for: @expo/config-plugins@57.0.7 want: ^0.8.1
2283 silly placeDep ROOT @expo/sdk-runtime-versions@1.0.0 OK for: @expo/config-plugins@57.0.7 want: ^1.0.0
2284 silly placeDep ROOT chalk@4.1.2 OK for: @expo/config-plugins@57.0.7 want: ^4.1.2
2285 silly placeDep ROOT xcode@3.0.1 OK for: @expo/config-plugins@57.0.7 want: ^3.0.1
2286 silly placeDep ROOT xml2js@0.6.0 OK for: @expo/config-plugins@57.0.7 want: 0.6.0
2287 silly fetch manifest xmlbuilder@^15.1.1
2288 silly packumentCache full:https://registry.npmjs.org/xmlbuilder cache-miss
2289 silly fetch manifest @xmldom/xmldom@^0.8.8
2290 silly packumentCache full:https://registry.npmjs.org/@xmldom%2fxmldom cache-miss
2291 silly fetch manifest ansi-styles@^4.1.0
2292 silly packumentCache full:https://registry.npmjs.org/ansi-styles cache-miss
2293 silly fetch manifest supports-color@^7.1.0
2294 silly packumentCache full:https://registry.npmjs.org/supports-color cache-miss
2295 silly fetch manifest uuid@^7.0.3
2296 silly packumentCache full:https://registry.npmjs.org/uuid cache-miss
2297 silly fetch manifest simple-plist@^1.1.0
2298 silly packumentCache full:https://registry.npmjs.org/simple-plist cache-miss
2299 silly fetch manifest sax@>=0.6.0
2300 silly packumentCache full:https://registry.npmjs.org/sax cache-miss
2301 http cache https://registry.npmjs.org/ansi-styles 40ms (cache hit)
2302 silly packumentCache full:https://registry.npmjs.org/ansi-styles set size:71772 disposed:false
2303 silly fetch manifest xmlbuilder@~11.0.0
2304 silly packumentCache full:https://registry.npmjs.org/xmlbuilder cache-miss
2305 http fetch GET 200 https://registry.npmjs.org/xmlbuilder 100ms (cache miss)
2306 silly packumentCache full:https://registry.npmjs.org/xmlbuilder set size:undefined disposed:false
2307 http fetch GET 200 https://registry.npmjs.org/simple-plist 207ms (cache miss)
2308 silly packumentCache full:https://registry.npmjs.org/simple-plist set size:undefined disposed:false
2309 http fetch GET 200 https://registry.npmjs.org/supports-color 242ms (cache miss)
2310 silly packumentCache full:https://registry.npmjs.org/supports-color set size:undefined disposed:false
2311 http fetch GET 200 https://registry.npmjs.org/xmlbuilder 211ms (cache miss)
2312 silly packumentCache full:https://registry.npmjs.org/xmlbuilder set size:undefined disposed:false
2313 http fetch GET 200 https://registry.npmjs.org/sax 260ms (cache miss)
2314 silly packumentCache full:https://registry.npmjs.org/sax set size:undefined disposed:false
2315 http fetch GET 200 https://registry.npmjs.org/@xmldom%2fxmldom 289ms (cache miss)
2316 silly packumentCache full:https://registry.npmjs.org/@xmldom%2fxmldom set size:undefined disposed:false
2317 http fetch GET 200 https://registry.npmjs.org/uuid 295ms (cache miss)
2318 silly packumentCache full:https://registry.npmjs.org/uuid set size:undefined disposed:false
2319 silly placeDep ROOT @expo/env@2.4.2 OK for: @expo/fingerprint@0.20.7 want: ^2.4.2
2320 silly placeDep ROOT @expo/spawn-async@1.8.0 OK for: @expo/fingerprint@0.20.7 want: ^1.8.0
2321 silly placeDep ROOT arg@5.0.2 OK for: @expo/fingerprint@0.20.7 want: ^5.0.2
2322 silly placeDep ROOT ignore@5.3.2 OK for: @expo/fingerprint@0.20.7 want: ^5.3.1
2323 silly placeDep ROOT minimatch@10.2.6 OK for: @expo/fingerprint@0.20.7 want: ^10.2.2
2324 silly placeDep ROOT resolve-from@5.0.0 OK for: @expo/fingerprint@0.20.7 want: ^5.0.0
2325 silly fetch manifest cross-spawn@^7.0.6
2326 silly packumentCache full:https://registry.npmjs.org/cross-spawn cache-miss
2327 silly fetch manifest brace-expansion@^5.0.8
2328 silly packumentCache full:https://registry.npmjs.org/brace-expansion cache-miss
2329 http fetch GET 200 https://registry.npmjs.org/brace-expansion 96ms (cache miss)
2330 silly packumentCache full:https://registry.npmjs.org/brace-expansion set size:undefined disposed:false
2331 http fetch GET 200 https://registry.npmjs.org/cross-spawn 107ms (cache miss)
2332 silly packumentCache full:https://registry.npmjs.org/cross-spawn set size:undefined disposed:false
2333 silly placeDep ROOT anser@1.4.10 OK for: @expo/log-box@57.0.2 want: ^1.4.9
2334 silly placeDep ROOT stacktrace-parser@0.1.11 OK for: @expo/log-box@57.0.2 want: ^0.1.10
2335 silly fetch manifest type-fest@^0.7.1
2336 silly packumentCache full:https://registry.npmjs.org/type-fest cache-miss
2337 http fetch GET 200 https://registry.npmjs.org/type-fest 162ms (cache miss)
2338 silly packumentCache full:https://registry.npmjs.org/type-fest set size:undefined disposed:false
2339 silly placeDep ROOT metro@0.84.4 OK for: @expo/metro@56.0.0 want: 0.84.4
2340 silly placeDep ROOT metro-babel-transformer@0.84.4 OK for: @expo/metro@56.0.0 want: 0.84.4
2341 silly placeDep ROOT metro-cache@0.84.4 OK for: @expo/metro@56.0.0 want: 0.84.4
2342 silly placeDep ROOT metro-cache-key@0.84.4 OK for: @expo/metro@56.0.0 want: 0.84.4
2343 silly placeDep node_modules/@expo/metro metro-config@0.84.4 OK for: @expo/metro@56.0.0 want: 0.84.4
2344 silly placeDep ROOT metro-core@0.84.4 OK for: @expo/metro@56.0.0 want: 0.84.4
2345 silly placeDep ROOT metro-file-map@0.84.4 OK for: @expo/metro@56.0.0 want: 0.84.4
2346 silly placeDep ROOT metro-minify-terser@0.84.4 OK for: @expo/metro@56.0.0 want: 0.84.4
2347 silly placeDep ROOT metro-resolver@0.84.4 OK for: @expo/metro@56.0.0 want: 0.84.4
2348 silly placeDep node_modules/@expo/metro metro-runtime@0.84.4 OK for: @expo/metro@56.0.0 want: 0.84.4
2349 silly placeDep ROOT metro-source-map@0.84.4 OK for: @expo/metro@56.0.0 want: 0.84.4
2350 silly placeDep ROOT metro-symbolicate@0.84.4 OK for: @expo/metro@56.0.0 want: 0.84.4
2351 silly placeDep ROOT metro-transform-plugins@0.84.4 OK for: @expo/metro@56.0.0 want: 0.84.4
2352 silly placeDep ROOT metro-transform-worker@0.84.4 OK for: @expo/metro@56.0.0 want: 0.84.4
2353 silly fetch manifest throat@^5.0.0
2354 silly packumentCache full:https://registry.npmjs.org/throat cache-miss
2355 silly fetch manifest accepts@^2.0.0
2356 silly packumentCache full:https://registry.npmjs.org/accepts cache-miss
2357 silly fetch manifest ci-info@^2.0.0
2358 silly packumentCache full:https://registry.npmjs.org/ci-info cache-miss
2359 silly fetch manifest image-size@^1.0.2
2360 silly packumentCache full:https://registry.npmjs.org/image-size cache-miss
2361 silly fetch manifest mime-types@^3.0.1
2362 silly packumentCache full:https://registry.npmjs.org/mime-types cache-miss
2363 silly fetch manifest source-map@^0.5.6
2364 silly packumentCache full:https://registry.npmjs.org/source-map cache-miss
2365 silly fetch manifest graceful-fs@^4.2.4
2366 silly packumentCache full:https://registry.npmjs.org/graceful-fs cache-miss
2367 http cache https://registry.npmjs.org/accepts 37ms (cache hit)
2368 silly packumentCache full:https://registry.npmjs.org/accepts set size:77054 disposed:false
2369 silly fetch manifest jest-worker@^29.7.0
2370 silly packumentCache full:https://registry.npmjs.org/jest-worker cache-miss
2371 http cache https://registry.npmjs.org/mime-types 39ms (cache hit)
2372 silly packumentCache full:https://registry.npmjs.org/mime-types set size:139110 disposed:false
2373 silly fetch manifest jsc-safe-url@^0.2.2
2374 silly packumentCache full:https://registry.npmjs.org/jsc-safe-url cache-miss
2375 http cache https://registry.npmjs.org/ci-info 61ms (cache hit)
2376 silly packumentCache full:https://registry.npmjs.org/ci-info set size:91363 disposed:false
2377 silly fetch manifest hermes-parser@0.35.0
2378 silly packumentCache full:https://registry.npmjs.org/hermes-parser cache-miss
2379 http cache https://registry.npmjs.org/jsc-safe-url 147ms (cache hit)
2380 silly packumentCache full:https://registry.npmjs.org/jsc-safe-url set size:13143 disposed:false
2381 silly fetch manifest lodash.throttle@^4.1.1
2382 silly packumentCache full:https://registry.npmjs.org/lodash.throttle cache-miss
2383 http fetch GET 200 https://registry.npmjs.org/throat 219ms (cache miss)
2384 silly packumentCache full:https://registry.npmjs.org/throat set size:undefined disposed:false
2385 silly fetch manifest serialize-error@^2.1.0
2386 silly packumentCache full:https://registry.npmjs.org/serialize-error cache-miss
2387 http cache https://registry.npmjs.org/hermes-parser 142ms (cache hit)
2388 silly packumentCache full:https://registry.npmjs.org/hermes-parser set size:172593 disposed:false
2389 silly fetch manifest error-stack-parser@^2.0.6
2390 silly packumentCache full:https://registry.npmjs.org/error-stack-parser cache-miss
2391 http fetch GET 200 https://registry.npmjs.org/image-size 239ms (cache miss)
2392 silly packumentCache full:https://registry.npmjs.org/image-size set size:undefined disposed:false
2393 silly fetch manifest https-proxy-agent@^7.0.5
2394 silly packumentCache full:https://registry.npmjs.org/https-proxy-agent cache-miss
2395 http fetch GET 200 https://registry.npmjs.org/graceful-fs 249ms (cache miss)
2396 silly packumentCache full:https://registry.npmjs.org/graceful-fs set size:undefined disposed:false
2397 silly fetch manifest exponential-backoff@^3.1.1
2398 silly packumentCache full:https://registry.npmjs.org/exponential-backoff cache-miss
2399 http fetch GET 200 https://registry.npmjs.org/source-map 278ms (cache miss)
2400 silly packumentCache full:https://registry.npmjs.org/source-map set size:undefined disposed:false
2401 silly fetch manifest yaml@^2.6.1
2402 silly packumentCache full:https://registry.npmjs.org/yaml cache-miss
2403 http cache https://registry.npmjs.org/https-proxy-agent 65ms (cache hit)
2404 silly packumentCache full:https://registry.npmjs.org/https-proxy-agent set size:83792 disposed:false
2405 silly fetch manifest lodash.throttle@^4.1.1
2406 silly packumentCache full:https://registry.npmjs.org/lodash.throttle cache-miss
2407 http fetch GET 200 https://registry.npmjs.org/lodash.throttle 132ms (cache miss)
2408 silly packumentCache full:https://registry.npmjs.org/lodash.throttle set size:undefined disposed:false
2409 silly fetch manifest walker@^1.0.7
2410 silly packumentCache full:https://registry.npmjs.org/walker cache-miss
2411 http fetch GET 200 https://registry.npmjs.org/jest-worker 315ms (cache miss)
2412 silly packumentCache full:https://registry.npmjs.org/jest-worker set size:undefined disposed:false
2413 silly fetch manifest micromatch@^4.0.4
2414 silly packumentCache full:https://registry.npmjs.org/micromatch cache-miss
2415 http cache https://registry.npmjs.org/yaml 79ms (cache hit)
2416 silly packumentCache full:https://registry.npmjs.org/yaml set size:385754 disposed:false
2417 silly fetch manifest fb-watchman@^2.0.0
2418 silly packumentCache full:https://registry.npmjs.org/fb-watchman cache-miss
2419 http fetch GET 200 https://registry.npmjs.org/serialize-error 185ms (cache miss)
2420 silly packumentCache full:https://registry.npmjs.org/serialize-error set size:undefined disposed:false
2421 silly fetch manifest terser@^5.15.0
2422 silly packumentCache full:https://registry.npmjs.org/terser cache-miss
2423 http fetch GET 200 https://registry.npmjs.org/error-stack-parser 188ms (cache miss)
2424 silly packumentCache full:https://registry.npmjs.org/error-stack-parser set size:undefined disposed:false
2425 silly fetch manifest ob1@0.84.4
2426 silly packumentCache full:https://registry.npmjs.org/ob1 cache-miss
2427 http fetch GET 200 https://registry.npmjs.org/exponential-backoff 167ms (cache miss)
2428 silly packumentCache full:https://registry.npmjs.org/exponential-backoff set size:undefined disposed:false
2429 silly fetch manifest vlq@^1.0.0
2430 silly packumentCache full:https://registry.npmjs.org/vlq cache-miss
2431 http cache https://registry.npmjs.org/lodash.throttle 110ms (cache hit)
2432 silly packumentCache full:https://registry.npmjs.org/lodash.throttle set size:32799 disposed:false
2433 silly fetch manifest vlq@^1.0.0
2434 silly packumentCache full:https://registry.npmjs.org/vlq cache-miss
2435 http fetch GET 200 https://registry.npmjs.org/walker 114ms (cache miss)
2436 silly packumentCache full:https://registry.npmjs.org/walker set size:undefined disposed:false
2437 http fetch GET 200 https://registry.npmjs.org/fb-watchman 146ms (cache miss)
2438 silly packumentCache full:https://registry.npmjs.org/fb-watchman set size:undefined disposed:false
2439 http fetch GET 200 https://registry.npmjs.org/vlq 110ms (cache miss)
2440 silly packumentCache full:https://registry.npmjs.org/vlq set size:undefined disposed:false
2441 http fetch GET 200 https://registry.npmjs.org/vlq 111ms (cache miss)
2442 silly packumentCache full:https://registry.npmjs.org/vlq set size:undefined disposed:false
2443 http fetch GET 200 https://registry.npmjs.org/ob1 142ms (cache miss)
2444 silly packumentCache full:https://registry.npmjs.org/ob1 set size:undefined disposed:false
2445 http fetch GET 200 https://registry.npmjs.org/micromatch 204ms (cache miss)
2446 silly packumentCache full:https://registry.npmjs.org/micromatch set size:undefined disposed:false
2447 http fetch GET 200 https://registry.npmjs.org/terser 198ms (cache miss)
2448 silly packumentCache full:https://registry.npmjs.org/terser set size:undefined disposed:false
2449 silly placeDep ROOT jsc-safe-url@0.2.4 OK for: @expo/metro-config@57.0.8 want: ^0.2.4
2450 silly placeDep ROOT lightningcss@1.33.0 OK for: @expo/metro-config@57.0.8 want: ^1.30.1
2451 silly placeDep ROOT picomatch@4.0.5 OK for: @expo/metro-config@57.0.8 want: ^4.0.4
2452 silly placeDep ROOT postcss@8.5.26 OK for: @expo/metro-config@57.0.8 want: ^8.5.14
2453 silly fetch manifest detect-libc@^2.0.3
2454 silly packumentCache full:https://registry.npmjs.org/detect-libc cache-miss
2455 silly fetch manifest lightningcss-darwin-x64@1.33.0
2456 silly packumentCache full:https://registry.npmjs.org/lightningcss-darwin-x64 cache-miss
2457 silly fetch manifest lightningcss-linux-x64-gnu@1.33.0
2458 silly packumentCache full:https://registry.npmjs.org/lightningcss-linux-x64-gnu cache-miss
2459 silly fetch manifest lightningcss-win32-x64-msvc@1.33.0
2460 silly packumentCache full:https://registry.npmjs.org/lightningcss-win32-x64-msvc cache-miss
2461 silly fetch manifest lightningcss-win32-arm64-msvc@1.33.0
2462 silly packumentCache full:https://registry.npmjs.org/lightningcss-win32-arm64-msvc cache-miss
2463 silly fetch manifest lightningcss-darwin-arm64@1.33.0
2464 silly packumentCache full:https://registry.npmjs.org/lightningcss-darwin-arm64 cache-miss
2465 silly fetch manifest lightningcss-linux-arm64-gnu@1.33.0
2466 silly packumentCache full:https://registry.npmjs.org/lightningcss-linux-arm64-gnu cache-miss
2467 http fetch GET 200 https://registry.npmjs.org/detect-libc 117ms (cache miss)
2468 silly packumentCache full:https://registry.npmjs.org/detect-libc set size:undefined disposed:false
2469 silly fetch manifest lightningcss-linux-arm-gnueabihf@1.33.0
2470 silly packumentCache full:https://registry.npmjs.org/lightningcss-linux-arm-gnueabihf cache-miss
2471 http fetch GET 200 https://registry.npmjs.org/lightningcss-win32-arm64-msvc 137ms (cache miss)
2472 silly packumentCache full:https://registry.npmjs.org/lightningcss-win32-arm64-msvc set size:undefined disposed:false
2473 silly fetch manifest lightningcss-linux-arm64-musl@1.33.0
2474 silly packumentCache full:https://registry.npmjs.org/lightningcss-linux-arm64-musl cache-miss
2475 http fetch GET 200 https://registry.npmjs.org/lightningcss-darwin-x64 151ms (cache miss)
2476 silly packumentCache full:https://registry.npmjs.org/lightningcss-darwin-x64 set size:undefined disposed:false
2477 silly fetch manifest lightningcss-linux-x64-musl@1.33.0
2478 silly packumentCache full:https://registry.npmjs.org/lightningcss-linux-x64-musl cache-miss
2479 http fetch GET 200 https://registry.npmjs.org/lightningcss-win32-x64-msvc 161ms (cache miss)
2480 silly packumentCache full:https://registry.npmjs.org/lightningcss-win32-x64-msvc set size:undefined disposed:false
2481 silly fetch manifest lightningcss-freebsd-x64@1.33.0
2482 silly packumentCache full:https://registry.npmjs.org/lightningcss-freebsd-x64 cache-miss
2483 http fetch GET 200 https://registry.npmjs.org/lightningcss-linux-x64-gnu 170ms (cache miss)
2484 silly packumentCache full:https://registry.npmjs.org/lightningcss-linux-x64-gnu set size:undefined disposed:false
2485 silly fetch manifest lightningcss-android-arm64@1.33.0
2486 silly packumentCache full:https://registry.npmjs.org/lightningcss-android-arm64 cache-miss
2487 http fetch GET 200 https://registry.npmjs.org/lightningcss-darwin-arm64 167ms (cache miss)
2488 silly packumentCache full:https://registry.npmjs.org/lightningcss-darwin-arm64 set size:undefined disposed:false
2489 silly fetch manifest nanoid@^3.3.17
2490 silly packumentCache full:https://registry.npmjs.org/nanoid cache-miss
2491 http fetch GET 200 https://registry.npmjs.org/lightningcss-linux-arm64-gnu 184ms (cache miss)
2492 silly packumentCache full:https://registry.npmjs.org/lightningcss-linux-arm64-gnu set size:undefined disposed:false
2493 silly fetch manifest source-map-js@^1.2.1
2494 silly packumentCache full:https://registry.npmjs.org/source-map-js cache-miss
2495 http cache https://registry.npmjs.org/nanoid 45ms (cache hit)
2496 silly packumentCache full:https://registry.npmjs.org/nanoid set size:342705 disposed:false
2497 http fetch GET 200 https://registry.npmjs.org/lightningcss-linux-arm-gnueabihf 202ms (cache miss)
2498 silly packumentCache full:https://registry.npmjs.org/lightningcss-linux-arm-gnueabihf set size:undefined disposed:false
2499 http fetch GET 200 https://registry.npmjs.org/lightningcss-android-arm64 160ms (cache miss)
2500 silly packumentCache full:https://registry.npmjs.org/lightningcss-android-arm64 set size:undefined disposed:false
2501 http fetch GET 200 https://registry.npmjs.org/lightningcss-linux-arm64-musl 195ms (cache miss)
2502 silly packumentCache full:https://registry.npmjs.org/lightningcss-linux-arm64-musl set size:undefined disposed:false
2503 http fetch GET 200 https://registry.npmjs.org/source-map-js 142ms (cache miss)
2504 silly packumentCache full:https://registry.npmjs.org/source-map-js set size:undefined disposed:false
2505 http fetch GET 200 https://registry.npmjs.org/lightningcss-freebsd-x64 183ms (cache miss)
2506 silly packumentCache full:https://registry.npmjs.org/lightningcss-freebsd-x64 set size:undefined disposed:false
2507 http fetch GET 200 https://registry.npmjs.org/lightningcss-linux-x64-musl 199ms (cache miss)
2508 silly packumentCache full:https://registry.npmjs.org/lightningcss-linux-x64-musl set size:undefined disposed:false
2509 silly placeDep ROOT @xmldom/xmldom@0.8.14 OK for: @expo/plist@0.8.1 want: ^0.8.8
2510 silly placeDep ROOT base64-js@1.5.1 OK for: @expo/plist@0.8.1 want: ^1.5.1
2511 silly placeDep ROOT xmlbuilder@15.1.1 OK for: @expo/plist@0.8.1 want: ^15.1.1
2512 silly placeDep ROOT cross-spawn@7.0.6 OK for: @expo/spawn-async@1.8.0 want: ^7.0.6
2513 silly fetch manifest which@^2.0.1
2514 silly packumentCache full:https://registry.npmjs.org/which cache-miss
2515 silly fetch manifest path-key@^3.1.0
2516 silly packumentCache full:https://registry.npmjs.org/path-key cache-miss
2517 silly fetch manifest shebang-command@^2.0.0
2518 silly packumentCache full:https://registry.npmjs.org/shebang-command cache-miss
2519 http fetch GET 200 https://registry.npmjs.org/which 88ms (cache miss)
2520 silly packumentCache full:https://registry.npmjs.org/which set size:undefined disposed:false
2521 http fetch GET 200 https://registry.npmjs.org/path-key 94ms (cache miss)
2522 silly packumentCache full:https://registry.npmjs.org/path-key set size:undefined disposed:false
2523 http fetch GET 200 https://registry.npmjs.org/shebang-command 96ms (cache miss)
2524 silly packumentCache full:https://registry.npmjs.org/shebang-command set size:undefined disposed:false
2525 silly fetch manifest @babel/core@^7.12.0
2526 silly packumentCache full:https://registry.npmjs.org/@babel%2fcore cache-hit
2527 silly placeDep ROOT @babel/plugin-proposal-decorators@7.29.7 OK for: babel-preset-expo@57.0.6 want: ^7.12.9
2528 silly placeDep ROOT @babel/plugin-transform-class-static-block@7.29.7 OK for: babel-preset-expo@57.0.6 want: ^7.27.1
2529 silly placeDep ROOT @babel/plugin-transform-export-namespace-from@7.29.7 OK for: babel-preset-expo@57.0.6 want: ^7.25.9
2530 silly placeDep ROOT @babel/plugin-transform-logical-assignment-operators@7.29.7 OK for: babel-preset-expo@57.0.6 want: ^7.24.7
2531 silly placeDep ROOT @babel/plugin-transform-object-rest-spread@7.29.7 OK for: babel-preset-expo@57.0.6 want: ^7.24.7
2532 silly placeDep ROOT @babel/plugin-transform-parameters@7.29.7 OK for: babel-preset-expo@57.0.6 want: ^7.24.7
2533 silly placeDep ROOT @babel/plugin-transform-react-jsx-development@7.29.7 OK for: babel-preset-expo@57.0.6 want: ^7.27.1
2534 silly placeDep ROOT @babel/plugin-transform-react-pure-annotations@7.29.7 OK for: babel-preset-expo@57.0.6 want: ^7.27.1
2535 silly placeDep ROOT @babel/preset-typescript@7.29.7 OK for: babel-preset-expo@57.0.6 want: ^7.23.0
2536 silly placeDep node_modules/babel-preset-expo @react-native/babel-plugin-codegen@0.86.2 OK for: babel-preset-expo@57.0.6 want: 0.86.2
2537 silly placeDep ROOT babel-plugin-react-compiler@1.0.0 OK for: babel-preset-expo@57.0.6 want: ^1.0.0
2538 silly placeDep ROOT babel-plugin-react-native-web@0.21.2 OK for: babel-preset-expo@57.0.6 want: ~0.21.0
2539 silly fetch manifest @babel/plugin-syntax-decorators@^7.29.7
2540 silly packumentCache full:https://registry.npmjs.org/@babel%2fplugin-syntax-decorators cache-miss
2541 silly fetch manifest @babel/plugin-transform-parameters@^7.29.7
2542 silly packumentCache full:https://registry.npmjs.org/@babel%2fplugin-transform-parameters cache-miss
2543 http cache https://registry.npmjs.org/@babel%2fplugin-transform-parameters 14ms (cache hit)
2544 silly packumentCache full:https://registry.npmjs.org/@babel%2fplugin-transform-parameters set size:282283 disposed:false
2545 http fetch GET 200 https://registry.npmjs.org/@babel%2fplugin-syntax-decorators 101ms (cache miss)
2546 silly packumentCache full:https://registry.npmjs.org/@babel%2fplugin-syntax-decorators set size:undefined disposed:false
2547 silly placeDep ROOT @babel/plugin-syntax-decorators@7.29.7 OK for: @babel/plugin-proposal-decorators@7.29.7 want: ^7.29.7
2548 silly placeDep ROOT ansi-styles@4.3.0 OK for: chalk@4.1.2 want: ^4.1.0
2549 silly placeDep ROOT supports-color@7.2.0 OK for: chalk@4.1.2 want: ^7.1.0
2550 silly fetch manifest color-convert@^2.0.1
2551 silly packumentCache full:https://registry.npmjs.org/color-convert cache-miss
2552 silly fetch manifest has-flag@^4.0.0
2553 silly packumentCache full:https://registry.npmjs.org/has-flag cache-miss
2554 http fetch GET 200 https://registry.npmjs.org/color-convert 76ms (cache miss)
2555 silly packumentCache full:https://registry.npmjs.org/color-convert set size:undefined disposed:false
2556 http fetch GET 200 https://registry.npmjs.org/has-flag 80ms (cache miss)
2557 silly packumentCache full:https://registry.npmjs.org/has-flag set size:undefined disposed:false
2558 silly placeDep ROOT color-convert@2.0.1 OK for: ansi-styles@4.3.0 want: ^2.0.1
2559 silly fetch manifest color-name@~1.1.4
2560 silly packumentCache full:https://registry.npmjs.org/color-name cache-miss
2561 http fetch GET 200 https://registry.npmjs.org/color-name 111ms (cache miss)
2562 silly packumentCache full:https://registry.npmjs.org/color-name set size:undefined disposed:false
2563 silly placeDep ROOT color-name@1.1.4 OK for: color-convert@2.0.1 want: ~1.1.4
2564 silly placeDep ROOT path-key@3.1.1 OK for: cross-spawn@7.0.6 want: ^3.1.0
2565 silly placeDep ROOT shebang-command@2.0.0 OK for: cross-spawn@7.0.6 want: ^2.0.0
2566 silly placeDep ROOT which@2.0.2 OK for: cross-spawn@7.0.6 want: ^2.0.1
2567 silly fetch manifest shebang-regex@^3.0.0
2568 silly packumentCache full:https://registry.npmjs.org/shebang-regex cache-miss
2569 silly fetch manifest isexe@^2.0.0
2570 silly packumentCache full:https://registry.npmjs.org/isexe cache-miss
2571 http fetch GET 200 https://registry.npmjs.org/shebang-regex 90ms (cache miss)
2572 silly packumentCache full:https://registry.npmjs.org/shebang-regex set size:undefined disposed:false
2573 http fetch GET 200 https://registry.npmjs.org/isexe 95ms (cache miss)
2574 silly packumentCache full:https://registry.npmjs.org/isexe set size:undefined disposed:false
2575 silly placeDep ROOT @expo/image-utils@0.11.4 OK for: expo-asset@57.0.10 want: ^0.11.4
2576 silly fetch manifest parse-png@^2.1.0
2577 silly packumentCache full:https://registry.npmjs.org/parse-png cache-miss
2578 silly fetch manifest jimp-compact@0.16.1
2579 silly packumentCache full:https://registry.npmjs.org/jimp-compact cache-miss
2580 http fetch GET 200 https://registry.npmjs.org/parse-png 180ms (cache miss)
2581 silly packumentCache full:https://registry.npmjs.org/parse-png set size:undefined disposed:false
2582 http fetch GET 200 https://registry.npmjs.org/jimp-compact 190ms (cache miss)
2583 silly packumentCache full:https://registry.npmjs.org/jimp-compact set size:undefined disposed:false
2584 silly placeDep ROOT jimp-compact@0.16.1 OK for: @expo/image-utils@0.11.4 want: 0.16.1
2585 silly placeDep ROOT parse-png@2.1.0 OK for: @expo/image-utils@0.11.4 want: ^2.1.0
2586 silly fetch manifest pngjs@^3.3.0
2587 silly packumentCache full:https://registry.npmjs.org/pngjs cache-miss
2588 http fetch GET 200 https://registry.npmjs.org/pngjs 75ms (cache miss)
2589 silly packumentCache full:https://registry.npmjs.org/pngjs set size:undefined disposed:false
2590 silly placeDep ROOT ua-parser-js@0.7.41 OK for: expo-device@57.0.1 want: ^0.7.33
2591 silly placeDep ROOT fontfaceobserver@2.3.0 OK for: expo-font@57.0.1 want: ^2.1.0
2592 silly placeDep ROOT commander@7.2.0 OK for: expo-modules-autolinking@57.0.9 want: ^7.2.0
2593 silly placeDep ROOT @expo/expo-modules-macros-plugin@0.6.1 OK for: expo-modules-core@57.0.10 want: 0.6.1
2594 silly placeDep ROOT expo-modules-jsi@57.0.4 OK for: expo-modules-core@57.0.10 want: ~57.0.4
2595 silly fetch manifest @types/react@*
2596 silly packumentCache full:https://registry.npmjs.org/@types%2freact cache-miss
2597 http cache https://registry.npmjs.org/@types%2freact 36ms (cache hit)
2598 silly packumentCache full:https://registry.npmjs.org/@types%2freact set size:2637439 disposed:false
2599 silly fetch manifest @types/react-dom@*
2600 silly packumentCache full:https://registry.npmjs.org/@types%2freact-dom cache-miss
2601 http fetch GET 200 https://registry.npmjs.org/@types%2freact-dom 116ms (cache miss)
2602 silly packumentCache full:https://registry.npmjs.org/@types%2freact-dom set size:undefined disposed:false
2603 silly fetch manifest @testing-library/dom@>=7.21.4
2604 silly packumentCache full:https://registry.npmjs.org/@testing-library%2fdom cache-miss
2605 http fetch GET 200 https://registry.npmjs.org/@testing-library%2fdom 141ms (cache miss)
2606 silly packumentCache full:https://registry.npmjs.org/@testing-library%2fdom set size:undefined disposed:false
2607 silly placeDep ROOT @expo/metro-runtime@57.0.9 OK for: expo-router@57.0.12 want: ^57.0.9
2608 silly placeDep ROOT @expo/schema-utils@57.0.2 OK for: expo-router@57.0.12 want: ^57.0.2
2609 silly placeDep ROOT @radix-ui/react-slot@1.3.3 OK for: expo-router@57.0.12 want: ^1.2.0
2610 silly placeDep ROOT @radix-ui/react-tabs@1.1.21 OK for: expo-router@57.0.12 want: ^1.1.12
2611 silly placeDep ROOT @react-native-masked-view/masked-view@0.3.2 OK for: expo-router@57.0.12 want: ^0.3.2
2612 silly placeDep ROOT @testing-library/jest-dom@6.9.1 OK for: expo-router@57.0.12 want: ^6.9.1
2613 silly placeDep ROOT @testing-library/user-event@14.6.4 OK for: expo-router@57.0.12 want: ^14.6.1
2614 silly placeDep ROOT @testing-library/dom@10.4.1 OK for: @testing-library/user-event@14.6.4 want: >=7.21.4
2615 silly placeDep ROOT client-only@0.0.1 OK for: expo-router@57.0.12 want: ^0.0.1
2616 silly placeDep ROOT color@4.2.3 OK for: expo-router@57.0.12 want: ^4.2.3
2617 silly placeDep ROOT escape-string-regexp@4.0.0 OK for: expo-router@57.0.12 want: ^4.0.0
2618 silly placeDep ROOT expo-server@57.0.2 OK for: expo-router@57.0.12 want: ^57.0.2
2619 silly placeDep ROOT fast-deep-equal@3.1.3 OK for: expo-router@57.0.12 want: ^3.1.3
2620 silly placeDep ROOT nanoid@3.3.18 OK for: expo-router@57.0.12 want: ^3.3.8
2621 silly placeDep ROOT query-string@7.1.3 OK for: expo-router@57.0.12 want: ^7.1.3
2622 silly placeDep ROOT react-fast-compare@3.2.2 OK for: expo-router@57.0.12 want: ^3.2.2
2623 silly placeDep ROOT react-is@19.2.8 OK for: expo-router@57.0.12 want: ^19.1.0
2624 silly placeDep ROOT react-native-drawer-layout@4.2.10 OK for: expo-router@57.0.12 want: ^4.2.2
2625 silly placeDep ROOT server-only@0.0.1 OK for: expo-router@57.0.12 want: ^0.0.1
2626 silly placeDep ROOT shallowequal@1.1.0 OK for: expo-router@57.0.12 want: ^1.1.0
2627 silly placeDep ROOT standard-navigation@0.0.5 OK for: expo-router@57.0.12 want: ^0.0.5
2628 silly fetch manifest @radix-ui/react-compose-refs@1.1.5
2629 silly packumentCache full:https://registry.npmjs.org/@radix-ui%2freact-compose-refs cache-miss
2630 silly fetch manifest @radix-ui/react-id@1.1.4
2631 silly packumentCache full:https://registry.npmjs.org/@radix-ui%2freact-id cache-miss
2632 silly fetch manifest @radix-ui/primitive@1.1.7
2633 silly packumentCache full:https://registry.npmjs.org/@radix-ui%2fprimitive cache-miss
2634 silly fetch manifest @radix-ui/react-context@1.2.2
2635 silly packumentCache full:https://registry.npmjs.org/@radix-ui%2freact-context cache-miss
2636 silly fetch manifest @radix-ui/react-presence@1.1.10
2637 silly packumentCache full:https://registry.npmjs.org/@radix-ui%2freact-presence cache-miss
2638 silly fetch manifest @radix-ui/react-direction@1.1.4
2639 silly packumentCache full:https://registry.npmjs.org/@radix-ui%2freact-direction cache-miss
2640 silly fetch manifest @radix-ui/react-primitive@2.1.10
2641 silly packumentCache full:https://registry.npmjs.org/@radix-ui%2freact-primitive cache-miss
2642 http fetch GET 200 https://registry.npmjs.org/@radix-ui%2freact-compose-refs 168ms (cache miss)
2643 silly packumentCache full:https://registry.npmjs.org/@radix-ui%2freact-compose-refs set size:undefined disposed:false
2644 silly fetch manifest @radix-ui/react-roving-focus@1.1.19
2645 silly packumentCache full:https://registry.npmjs.org/@radix-ui%2freact-roving-focus cache-miss
2646 http fetch GET 200 https://registry.npmjs.org/@radix-ui%2fprimitive 183ms (cache miss)
2647 silly packumentCache full:https://registry.npmjs.org/@radix-ui%2fprimitive set size:undefined disposed:false
2648 silly fetch manifest @radix-ui/react-use-controllable-state@1.2.6
2649 silly packumentCache full:https://registry.npmjs.org/@radix-ui%2freact-use-controllable-state cache-miss
2650 http fetch GET 200 https://registry.npmjs.org/@radix-ui%2freact-context 213ms (cache miss)
2651 silly packumentCache full:https://registry.npmjs.org/@radix-ui%2freact-context set size:undefined disposed:false
2652 silly fetch manifest redent@^3.0.0
2653 silly packumentCache full:https://registry.npmjs.org/redent cache-miss
2654 http fetch GET 200 https://registry.npmjs.org/@radix-ui%2freact-direction 237ms (cache miss)
2655 silly packumentCache full:https://registry.npmjs.org/@radix-ui%2freact-direction set size:undefined disposed:false
2656 silly fetch manifest aria-query@^5.0.0
2657 silly packumentCache full:https://registry.npmjs.org/aria-query cache-miss
2658 http fetch GET 200 https://registry.npmjs.org/@radix-ui%2freact-id 259ms (cache miss)
2659 silly packumentCache full:https://registry.npmjs.org/@radix-ui%2freact-id set size:undefined disposed:false
2660 silly fetch manifest css.escape@^1.5.1
2661 silly packumentCache full:https://registry.npmjs.org/css.escape cache-miss
2662 http fetch GET 200 https://registry.npmjs.org/redent 101ms (cache miss)
2663 silly packumentCache full:https://registry.npmjs.org/redent set size:undefined disposed:false
2664 silly fetch manifest @adobe/css-tools@^4.4.0
2665 silly packumentCache full:https://registry.npmjs.org/@adobe%2fcss-tools cache-miss
2666 http fetch GET 200 https://registry.npmjs.org/@radix-ui%2freact-primitive 330ms (cache miss)
2667 silly packumentCache full:https://registry.npmjs.org/@radix-ui%2freact-primitive set size:undefined disposed:false
2668 silly fetch manifest dom-accessibility-api@^0.6.3
2669 silly packumentCache full:https://registry.npmjs.org/dom-accessibility-api cache-miss
2670 http fetch GET 200 https://registry.npmjs.org/@radix-ui%2freact-presence 382ms (cache miss)
2671 silly packumentCache full:https://registry.npmjs.org/@radix-ui%2freact-presence set size:undefined disposed:false
2672 silly fetch manifest lz-string@^1.5.0
2673 silly packumentCache full:https://registry.npmjs.org/lz-string cache-miss
2674 http fetch GET 200 https://registry.npmjs.org/aria-query 178ms (cache miss)
2675 silly packumentCache full:https://registry.npmjs.org/aria-query set size:undefined disposed:false
2676 silly fetch manifest aria-query@5.3.0
2677 silly packumentCache full:https://registry.npmjs.org/aria-query cache-miss
2678 http fetch GET 200 https://registry.npmjs.org/css.escape 171ms (cache miss)
2679 silly packumentCache full:https://registry.npmjs.org/css.escape set size:undefined disposed:false
2680 silly fetch manifest pretty-format@^27.0.2
2681 silly packumentCache full:https://registry.npmjs.org/pretty-format cache-miss
2682 http fetch GET 200 https://registry.npmjs.org/@radix-ui%2freact-use-controllable-state 258ms (cache miss)
2683 silly packumentCache full:https://registry.npmjs.org/@radix-ui%2freact-use-controllable-state set size:undefined disposed:false
2684 silly fetch manifest @types/aria-query@^5.0.1
2685 silly packumentCache full:https://registry.npmjs.org/@types%2faria-query cache-miss
2686 http fetch GET 200 https://registry.npmjs.org/@adobe%2fcss-tools 144ms (cache miss)
2687 silly packumentCache full:https://registry.npmjs.org/@adobe%2fcss-tools set size:undefined disposed:false
2688 silly fetch manifest dom-accessibility-api@^0.5.9
2689 silly packumentCache full:https://registry.npmjs.org/dom-accessibility-api cache-miss
2690 http cache https://registry.npmjs.org/aria-query 60ms (cache hit)
2691 silly packumentCache full:https://registry.npmjs.org/aria-query set size:98864 disposed:false
2692 silly fetch manifest color-string@^1.9.0
2693 silly packumentCache full:https://registry.npmjs.org/color-string cache-miss
2694 http cache https://registry.npmjs.org/pretty-format 69ms (cache hit)
2695 silly packumentCache full:https://registry.npmjs.org/pretty-format set size:598313 disposed:false
2696 silly fetch manifest filter-obj@^1.1.0
2697 silly packumentCache full:https://registry.npmjs.org/filter-obj cache-miss
2698 http fetch GET 200 https://registry.npmjs.org/lz-string 156ms (cache miss)
2699 silly packumentCache full:https://registry.npmjs.org/lz-string set size:undefined disposed:false
2700 silly fetch manifest split-on-first@^1.0.0
2701 silly packumentCache full:https://registry.npmjs.org/split-on-first cache-miss
2702 http fetch GET 200 https://registry.npmjs.org/dom-accessibility-api 203ms (cache miss)
2703 silly packumentCache full:https://registry.npmjs.org/dom-accessibility-api set size:undefined disposed:false
2704 silly fetch manifest strict-uri-encode@^2.0.0
2705 silly packumentCache full:https://registry.npmjs.org/strict-uri-encode cache-miss
2706 http fetch GET 200 https://registry.npmjs.org/@radix-ui%2freact-roving-focus 438ms (cache miss)
2707 silly packumentCache full:https://registry.npmjs.org/@radix-ui%2freact-roving-focus set size:undefined disposed:false
2708 silly fetch manifest decode-uri-component@^0.2.2
2709 silly packumentCache full:https://registry.npmjs.org/decode-uri-component cache-miss
2710 http fetch GET 200 https://registry.npmjs.org/@types%2faria-query 193ms (cache miss)
2711 silly packumentCache full:https://registry.npmjs.org/@types%2faria-query set size:undefined disposed:false
2712 silly fetch manifest use-latest-callback@^0.2.4
2713 silly packumentCache full:https://registry.npmjs.org/use-latest-callback cache-miss
2714 http fetch GET 200 https://registry.npmjs.org/filter-obj 123ms (cache miss)
2715 silly packumentCache full:https://registry.npmjs.org/filter-obj set size:undefined disposed:false
2716 http fetch GET 200 https://registry.npmjs.org/color-string 166ms (cache miss)
2717 silly packumentCache full:https://registry.npmjs.org/color-string set size:undefined disposed:false
2718 http fetch GET 200 https://registry.npmjs.org/dom-accessibility-api 197ms (cache miss)
2719 silly packumentCache full:https://registry.npmjs.org/dom-accessibility-api set size:undefined disposed:false
2720 http fetch GET 200 https://registry.npmjs.org/strict-uri-encode 116ms (cache miss)
2721 silly packumentCache full:https://registry.npmjs.org/strict-uri-encode set size:undefined disposed:false
2722 http fetch GET 200 https://registry.npmjs.org/split-on-first 133ms (cache miss)
2723 silly packumentCache full:https://registry.npmjs.org/split-on-first set size:undefined disposed:false
2724 http cache https://registry.npmjs.org/use-latest-callback 37ms (cache hit)
2725 silly packumentCache full:https://registry.npmjs.org/use-latest-callback set size:71002 disposed:false
2726 http fetch GET 200 https://registry.npmjs.org/decode-uri-component 72ms (cache miss)
2727 silly packumentCache full:https://registry.npmjs.org/decode-uri-component set size:undefined disposed:false
2728 silly placeDep ROOT whatwg-fetch@3.6.20 OK for: @expo/metro-runtime@57.0.9 want: ^3.0.0
2729 silly fetch manifest react@^16.8 || ^17.0 || ^18.0 || ^19.0 || ^19.0.0-rc
2730 silly packumentCache full:https://registry.npmjs.org/react cache-miss
2731 http cache https://registry.npmjs.org/react 77ms (cache hit)
2732 silly packumentCache full:https://registry.npmjs.org/react set size:6888185 disposed:false
2733 silly placeDep ROOT @radix-ui/react-compose-refs@1.1.5 OK for: @radix-ui/react-slot@1.3.3 want: 1.1.5
2734 silly fetch manifest react-dom@^16.8 || ^17.0 || ^18.0 || ^19.0 || ^19.0.0-rc
2735 silly packumentCache full:https://registry.npmjs.org/react-dom cache-miss
2736 http cache https://registry.npmjs.org/react-dom 104ms (cache hit)
2737 silly packumentCache full:https://registry.npmjs.org/react-dom set size:9252416 disposed:false
2738 silly placeDep ROOT @radix-ui/primitive@1.1.7 OK for: @radix-ui/react-tabs@1.1.21 want: 1.1.7
2739 silly placeDep ROOT @radix-ui/react-context@1.2.2 OK for: @radix-ui/react-tabs@1.1.21 want: 1.2.2
2740 silly placeDep ROOT @radix-ui/react-direction@1.1.4 OK for: @radix-ui/react-tabs@1.1.21 want: 1.1.4
2741 silly placeDep ROOT @radix-ui/react-id@1.1.4 OK for: @radix-ui/react-tabs@1.1.21 want: 1.1.4
2742 silly placeDep ROOT @radix-ui/react-presence@1.1.10 OK for: @radix-ui/react-tabs@1.1.21 want: 1.1.10
2743 silly placeDep ROOT @radix-ui/react-primitive@2.1.10 OK for: @radix-ui/react-tabs@1.1.21 want: 2.1.10
2744 silly placeDep ROOT @radix-ui/react-roving-focus@1.1.19 OK for: @radix-ui/react-tabs@1.1.21 want: 1.1.19
2745 silly placeDep ROOT @radix-ui/react-use-controllable-state@1.2.6 OK for: @radix-ui/react-tabs@1.1.21 want: 1.2.6
2746 silly fetch manifest @radix-ui/react-use-layout-effect@1.1.4
2747 silly packumentCache full:https://registry.npmjs.org/@radix-ui%2freact-use-layout-effect cache-miss
2748 silly fetch manifest @radix-ui/react-use-layout-effect@1.1.4
2749 silly packumentCache full:https://registry.npmjs.org/@radix-ui%2freact-use-layout-effect cache-miss
2750 silly fetch manifest @radix-ui/react-collection@1.1.15
2751 silly packumentCache full:https://registry.npmjs.org/@radix-ui%2freact-collection cache-miss
2752 silly fetch manifest @radix-ui/react-use-is-hydrated@0.1.3
2753 silly packumentCache full:https://registry.npmjs.org/@radix-ui%2freact-use-is-hydrated cache-miss
2754 silly fetch manifest @radix-ui/react-use-callback-ref@1.1.4
2755 silly packumentCache full:https://registry.npmjs.org/@radix-ui%2freact-use-callback-ref cache-miss
2756 silly fetch manifest @radix-ui/react-use-layout-effect@1.1.4
2757 silly packumentCache full:https://registry.npmjs.org/@radix-ui%2freact-use-layout-effect cache-miss
2758 silly fetch manifest @radix-ui/react-use-effect-event@0.0.5
2759 silly packumentCache full:https://registry.npmjs.org/@radix-ui%2freact-use-effect-event cache-miss
2760 http fetch GET 200 https://registry.npmjs.org/@radix-ui%2freact-use-is-hydrated 154ms (cache miss)
2761 silly packumentCache full:https://registry.npmjs.org/@radix-ui%2freact-use-is-hydrated set size:undefined disposed:false
2762 silly fetch manifest @radix-ui/react-use-layout-effect@1.1.4
2763 silly packumentCache full:https://registry.npmjs.org/@radix-ui%2freact-use-layout-effect cache-miss
2764 http fetch GET 200 https://registry.npmjs.org/@radix-ui%2freact-use-layout-effect 174ms (cache miss)
2765 silly packumentCache full:https://registry.npmjs.org/@radix-ui%2freact-use-layout-effect set size:undefined disposed:false
2766 http fetch GET 200 https://registry.npmjs.org/@radix-ui%2freact-use-effect-event 174ms (cache miss)
2767 silly packumentCache full:https://registry.npmjs.org/@radix-ui%2freact-use-effect-event set size:undefined disposed:false
2768 http fetch GET 200 https://registry.npmjs.org/@radix-ui%2freact-use-layout-effect 194ms (cache miss)
2769 silly packumentCache full:https://registry.npmjs.org/@radix-ui%2freact-use-layout-effect set size:undefined disposed:false
2770 http fetch GET 200 https://registry.npmjs.org/@radix-ui%2freact-use-callback-ref 202ms (cache miss)
2771 silly packumentCache full:https://registry.npmjs.org/@radix-ui%2freact-use-callback-ref set size:undefined disposed:false
2772 http fetch GET 200 https://registry.npmjs.org/@radix-ui%2freact-use-layout-effect 211ms (cache miss)
2773 silly packumentCache full:https://registry.npmjs.org/@radix-ui%2freact-use-layout-effect set size:undefined disposed:false
2774 http fetch GET 200 https://registry.npmjs.org/@radix-ui%2freact-use-layout-effect 104ms (cache miss)
2775 silly packumentCache full:https://registry.npmjs.org/@radix-ui%2freact-use-layout-effect set size:undefined disposed:false
2776 http fetch GET 200 https://registry.npmjs.org/@radix-ui%2freact-collection 276ms (cache miss)
2777 silly packumentCache full:https://registry.npmjs.org/@radix-ui%2freact-collection set size:undefined disposed:false
2778 silly placeDep ROOT @radix-ui/react-use-layout-effect@1.1.4 OK for: @radix-ui/react-id@1.1.4 want: 1.1.4
2779 silly placeDep ROOT @radix-ui/react-collection@1.1.15 OK for: @radix-ui/react-roving-focus@1.1.19 want: 1.1.15
2780 silly placeDep ROOT @radix-ui/react-use-callback-ref@1.1.4 OK for: @radix-ui/react-roving-focus@1.1.19 want: 1.1.4
2781 silly placeDep ROOT @radix-ui/react-use-is-hydrated@0.1.3 OK for: @radix-ui/react-roving-focus@1.1.19 want: 0.1.3
2782 silly placeDep ROOT @radix-ui/react-use-effect-event@0.0.5 OK for: @radix-ui/react-use-controllable-state@1.2.6 want: 0.0.5
2783 silly placeDep ROOT @types/aria-query@5.0.4 OK for: @testing-library/dom@10.4.1 want: ^5.0.1
2784 silly placeDep ROOT aria-query@5.3.0 OK for: @testing-library/dom@10.4.1 want: 5.3.0
2785 silly placeDep ROOT dom-accessibility-api@0.5.16 OK for: @testing-library/dom@10.4.1 want: ^0.5.9
2786 silly placeDep ROOT lz-string@1.5.0 OK for: @testing-library/dom@10.4.1 want: ^1.5.0
2787 silly placeDep node_modules/@testing-library/dom pretty-format@27.5.1 OK for: @testing-library/dom@10.4.1 want: ^27.0.2
2788 silly fetch manifest dequal@^2.0.3
2789 silly packumentCache full:https://registry.npmjs.org/dequal cache-miss
2790 silly fetch manifest react-is@^17.0.1
2791 silly packumentCache full:https://registry.npmjs.org/react-is cache-miss
2792 silly fetch manifest ansi-regex@^5.0.1
2793 silly packumentCache full:https://registry.npmjs.org/ansi-regex cache-miss
2794 http cache https://registry.npmjs.org/ansi-regex 15ms (cache hit)
2795 silly packumentCache full:https://registry.npmjs.org/ansi-regex set size:48203 disposed:false
2796 http cache https://registry.npmjs.org/react-is 87ms (cache hit)
2797 silly packumentCache full:https://registry.npmjs.org/react-is set size:5573815 disposed:false
2798 http fetch GET 200 https://registry.npmjs.org/dequal 349ms (cache miss)
2799 silly packumentCache full:https://registry.npmjs.org/dequal set size:undefined disposed:false
2800 silly placeDep ROOT @adobe/css-tools@4.5.0 OK for: @testing-library/jest-dom@6.9.1 want: ^4.4.0
2801 silly placeDep ROOT css.escape@1.5.1 OK for: @testing-library/jest-dom@6.9.1 want: ^1.5.1
2802 silly placeDep node_modules/@testing-library/jest-dom dom-accessibility-api@0.6.3 OK for: @testing-library/jest-dom@6.9.1 want: ^0.6.3
2803 silly placeDep ROOT redent@3.0.0 OK for: @testing-library/jest-dom@6.9.1 want: ^3.0.0
2804 silly fetch manifest indent-string@^4.0.0
2805 silly packumentCache full:https://registry.npmjs.org/indent-string cache-miss
2806 silly fetch manifest strip-indent@^3.0.0
2807 silly packumentCache full:https://registry.npmjs.org/strip-indent cache-miss
2808 http fetch GET 200 https://registry.npmjs.org/indent-string 82ms (cache miss)
2809 silly packumentCache full:https://registry.npmjs.org/indent-string set size:undefined disposed:false
2810 http fetch GET 200 https://registry.npmjs.org/strip-indent 86ms (cache miss)
2811 silly packumentCache full:https://registry.npmjs.org/strip-indent set size:undefined disposed:false
2812 silly placeDep ROOT dequal@2.0.3 OK for: aria-query@5.3.0 want: ^2.0.3
2813 silly placeDep ROOT color-string@1.9.1 OK for: color@4.2.3 want: ^1.9.0
2814 silly fetch manifest simple-swizzle@^0.2.2
2815 silly packumentCache full:https://registry.npmjs.org/simple-swizzle cache-miss
2816 http fetch GET 200 https://registry.npmjs.org/simple-swizzle 75ms (cache miss)
2817 silly packumentCache full:https://registry.npmjs.org/simple-swizzle set size:undefined disposed:false
2818 silly placeDep ROOT simple-swizzle@0.2.4 OK for: color-string@1.9.1 want: ^0.2.2
2819 silly fetch manifest is-arrayish@^0.3.1
2820 silly packumentCache full:https://registry.npmjs.org/is-arrayish cache-miss
2821 http fetch GET 200 https://registry.npmjs.org/is-arrayish 70ms (cache miss)
2822 silly packumentCache full:https://registry.npmjs.org/is-arrayish set size:undefined disposed:false
2823 silly placeDep ROOT @expo-google-fonts/material-symbols@0.4.43 OK for: expo-symbols@57.0.2 want: ^0.4.1
2824 silly placeDep ROOT @react-native/normalize-colors@0.86.2 OK for: expo-system-ui@57.0.2 want: 0.86.2
2825 silly placeDep ROOT asynckit@0.4.0 OK for: form-data@4.0.6 want: ^0.4.0
2826 silly placeDep ROOT combined-stream@1.0.8 OK for: form-data@4.0.6 want: ^1.0.8
2827 silly placeDep ROOT es-set-tostringtag@2.1.0 OK for: form-data@4.0.6 want: ^2.1.0
2828 silly placeDep ROOT hasown@2.0.4 OK for: form-data@4.0.6 want: ^2.0.4
2829 silly placeDep ROOT mime-types@2.1.35 OK for: form-data@4.0.6 want: ^2.1.35
2830 silly fetch manifest delayed-stream@~1.0.0
2831 silly packumentCache full:https://registry.npmjs.org/delayed-stream cache-miss
2832 silly fetch manifest get-intrinsic@^1.2.6
2833 silly packumentCache full:https://registry.npmjs.org/get-intrinsic cache-miss
2834 silly fetch manifest has-tostringtag@^1.0.2
2835 silly packumentCache full:https://registry.npmjs.org/has-tostringtag cache-miss
2836 silly fetch manifest hasown@^2.0.2
2837 silly packumentCache full:https://registry.npmjs.org/hasown cache-miss
2838 silly fetch manifest function-bind@^1.1.2
2839 silly packumentCache full:https://registry.npmjs.org/function-bind cache-miss
2840 silly fetch manifest mime-db@1.52.0
2841 silly packumentCache full:https://registry.npmjs.org/mime-db cache-miss
2842 http cache https://registry.npmjs.org/hasown 26ms (cache hit)
2843 silly packumentCache full:https://registry.npmjs.org/hasown set size:18361 disposed:false
2844 http fetch GET 200 https://registry.npmjs.org/delayed-stream 80ms (cache miss)
2845 silly packumentCache full:https://registry.npmjs.org/delayed-stream set size:undefined disposed:false
2846 http fetch GET 200 https://registry.npmjs.org/get-intrinsic 81ms (cache miss)
2847 silly packumentCache full:https://registry.npmjs.org/get-intrinsic set size:undefined disposed:false
2848 http fetch GET 200 https://registry.npmjs.org/has-tostringtag 248ms (cache miss)
2849 silly packumentCache full:https://registry.npmjs.org/has-tostringtag set size:undefined disposed:false
2850 http fetch GET 200 https://registry.npmjs.org/function-bind 250ms (cache miss)
2851 silly packumentCache full:https://registry.npmjs.org/function-bind set size:undefined disposed:false
2852 http fetch GET 200 https://registry.npmjs.org/mime-db 258ms (cache miss)
2853 silly packumentCache full:https://registry.npmjs.org/mime-db set size:undefined disposed:false
2854 silly placeDep ROOT delayed-stream@1.0.0 OK for: combined-stream@1.0.8 want: ~1.0.0
2855 silly placeDep ROOT es-errors@1.3.0 OK for: es-set-tostringtag@2.1.0 want: ^1.3.0
2856 silly placeDep ROOT get-intrinsic@1.3.0 OK for: es-set-tostringtag@2.1.0 want: ^1.2.6
2857 silly placeDep ROOT has-tostringtag@1.0.2 OK for: es-set-tostringtag@2.1.0 want: ^1.0.2
2858 silly fetch manifest gopd@^1.2.0
2859 silly packumentCache full:https://registry.npmjs.org/gopd cache-miss
2860 silly fetch manifest get-proto@^1.0.1
2861 silly packumentCache full:https://registry.npmjs.org/get-proto cache-miss
2862 silly fetch manifest has-symbols@^1.1.0
2863 silly packumentCache full:https://registry.npmjs.org/has-symbols cache-miss
2864 silly fetch manifest es-object-atoms@^1.1.1
2865 silly packumentCache full:https://registry.npmjs.org/es-object-atoms cache-miss
2866 silly fetch manifest math-intrinsics@^1.1.0
2867 silly packumentCache full:https://registry.npmjs.org/math-intrinsics cache-miss
2868 silly fetch manifest es-define-property@^1.0.1
2869 silly packumentCache full:https://registry.npmjs.org/es-define-property cache-miss
2870 silly fetch manifest call-bind-apply-helpers@^1.0.2
2871 silly packumentCache full:https://registry.npmjs.org/call-bind-apply-helpers cache-miss
2872 http fetch GET 200 https://registry.npmjs.org/get-proto 162ms (cache miss)
2873 silly packumentCache full:https://registry.npmjs.org/get-proto set size:undefined disposed:false
2874 silly fetch manifest has-symbols@^1.0.3
2875 silly packumentCache full:https://registry.npmjs.org/has-symbols cache-miss
2876 http fetch GET 200 https://registry.npmjs.org/math-intrinsics 164ms (cache miss)
2877 silly packumentCache full:https://registry.npmjs.org/math-intrinsics set size:undefined disposed:false
2878 http fetch GET 200 https://registry.npmjs.org/es-define-property 166ms (cache miss)
2879 silly packumentCache full:https://registry.npmjs.org/es-define-property set size:undefined disposed:false
2880 http fetch GET 200 https://registry.npmjs.org/call-bind-apply-helpers 166ms (cache miss)
2881 silly packumentCache full:https://registry.npmjs.org/call-bind-apply-helpers set size:undefined disposed:false
2882 http fetch GET 200 https://registry.npmjs.org/es-object-atoms 175ms (cache miss)
2883 silly packumentCache full:https://registry.npmjs.org/es-object-atoms set size:undefined disposed:false
2884 http fetch GET 200 https://registry.npmjs.org/gopd 183ms (cache miss)
2885 silly packumentCache full:https://registry.npmjs.org/gopd set size:undefined disposed:false
2886 http fetch GET 200 https://registry.npmjs.org/has-symbols 184ms (cache miss)
2887 silly packumentCache full:https://registry.npmjs.org/has-symbols set size:undefined disposed:false
2888 http cache https://registry.npmjs.org/has-symbols 32ms (cache hit)
2889 silly packumentCache full:https://registry.npmjs.org/has-symbols set size:21550 disposed:false
2890 silly placeDep ROOT call-bind-apply-helpers@1.0.2 OK for: get-intrinsic@1.3.0 want: ^1.0.2
2891 silly placeDep ROOT es-define-property@1.0.1 OK for: get-intrinsic@1.3.0 want: ^1.0.1
2892 silly placeDep ROOT es-object-atoms@1.1.2 OK for: get-intrinsic@1.3.0 want: ^1.1.1
2893 silly placeDep ROOT function-bind@1.1.2 OK for: get-intrinsic@1.3.0 want: ^1.1.2
2894 silly placeDep ROOT get-proto@1.0.1 OK for: get-intrinsic@1.3.0 want: ^1.0.1
2895 silly placeDep ROOT gopd@1.2.0 OK for: get-intrinsic@1.3.0 want: ^1.2.0
2896 silly placeDep ROOT has-symbols@1.1.0 OK for: get-intrinsic@1.3.0 want: ^1.1.0
2897 silly placeDep ROOT math-intrinsics@1.1.0 OK for: get-intrinsic@1.3.0 want: ^1.1.0
2898 silly fetch manifest dunder-proto@^1.0.1
2899 silly packumentCache full:https://registry.npmjs.org/dunder-proto cache-miss
2900 http fetch GET 200 https://registry.npmjs.org/dunder-proto 72ms (cache miss)
2901 silly packumentCache full:https://registry.npmjs.org/dunder-proto set size:undefined disposed:false
2902 silly placeDep ROOT dunder-proto@1.0.1 OK for: get-proto@1.0.1 want: ^1.0.1
2903 silly placeDep ROOT minipass@7.1.3 OK for: glob@13.0.6 want: ^7.1.3
2904 silly placeDep ROOT path-scurry@2.0.2 OK for: glob@13.0.6 want: ^2.0.2
2905 silly placeDep ROOT hermes-estree@0.36.1 OK for: hermes-parser@0.36.1 want: 0.36.1
2906 silly placeDep ROOT agent-base@6.0.2 OK for: https-proxy-agent@5.0.1 want: 6
2907 silly placeDep ROOT loose-envify@1.4.0 OK for: invariant@2.2.4 want: ^1.0.0
2908 silly placeDep ROOT detect-libc@2.1.2 OK for: lightningcss@1.33.0 want: ^2.0.3
2909 silly placeDep ROOT lightningcss-android-arm64@1.33.0 OK for: lightningcss@1.33.0 want: 1.33.0
2910 silly placeDep ROOT lightningcss-darwin-arm64@1.33.0 OK for: lightningcss@1.33.0 want: 1.33.0
2911 silly placeDep ROOT lightningcss-darwin-x64@1.33.0 OK for: lightningcss@1.33.0 want: 1.33.0
2912 silly placeDep ROOT lightningcss-freebsd-x64@1.33.0 OK for: lightningcss@1.33.0 want: 1.33.0
2913 silly placeDep ROOT lightningcss-linux-arm-gnueabihf@1.33.0 OK for: lightningcss@1.33.0 want: 1.33.0
2914 silly placeDep ROOT lightningcss-linux-arm64-gnu@1.33.0 OK for: lightningcss@1.33.0 want: 1.33.0
2915 silly placeDep ROOT lightningcss-linux-arm64-musl@1.33.0 OK for: lightningcss@1.33.0 want: 1.33.0
2916 silly placeDep ROOT lightningcss-linux-x64-gnu@1.33.0 OK for: lightningcss@1.33.0 want: 1.33.0
2917 silly placeDep ROOT lightningcss-linux-x64-musl@1.33.0 OK for: lightningcss@1.33.0 want: 1.33.0
2918 silly placeDep ROOT lightningcss-win32-arm64-msvc@1.33.0 OK for: lightningcss@1.33.0 want: 1.33.0
2919 silly placeDep ROOT lightningcss-win32-x64-msvc@1.33.0 OK for: lightningcss@1.33.0 want: 1.33.0
2920 silly placeDep ROOT yallist@3.1.1 OK for: lru-cache@5.1.1 want: ^3.0.2
2921 silly fetch manifest bufferutil@^4.0.1
2922 silly packumentCache full:https://registry.npmjs.org/bufferutil cache-miss
2923 http fetch GET 200 https://registry.npmjs.org/bufferutil 76ms (cache miss)
2924 silly packumentCache full:https://registry.npmjs.org/bufferutil set size:undefined disposed:false
2925 silly fetch manifest utf-8-validate@^5.0.2
2926 silly packumentCache full:https://registry.npmjs.org/utf-8-validate cache-miss
2927 http fetch GET 200 https://registry.npmjs.org/utf-8-validate 82ms (cache miss)
2928 silly packumentCache full:https://registry.npmjs.org/utf-8-validate set size:undefined disposed:false
2929 silly placeDep ROOT accepts@2.0.0 OK for: metro@0.84.4 want: ^2.0.0
2930 silly placeDep ROOT ci-info@2.0.0 OK for: metro@0.84.4 want: ^2.0.0
2931 silly placeDep ROOT connect@3.7.0 OK for: metro@0.84.4 want: ^3.6.5
2932 silly placeDep ROOT error-stack-parser@2.1.4 OK for: metro@0.84.4 want: ^2.0.6
2933 silly placeDep ROOT flow-enums-runtime@0.0.6 OK for: metro@0.84.4 want: ^0.0.6
2934 silly placeDep ROOT graceful-fs@4.2.11 OK for: metro@0.84.4 want: ^4.2.4
2935 silly placeDep node_modules/metro hermes-parser@0.35.0 OK for: metro@0.84.4 want: 0.35.0
2936 silly placeDep ROOT image-size@1.2.1 OK for: metro@0.84.4 want: ^1.0.2
2937 silly placeDep ROOT jest-worker@29.7.0 OK for: metro@0.84.4 want: ^29.7.0
2938 silly placeDep ROOT lodash.throttle@4.1.1 OK for: metro@0.84.4 want: ^4.1.1
2939 silly placeDep node_modules/metro metro-config@0.84.4 OK for: metro@0.84.4 want: 0.84.4
2940 silly placeDep node_modules/metro metro-runtime@0.84.4 OK for: metro@0.84.4 want: 0.84.4
2941 silly placeDep node_modules/metro mime-types@3.0.2 OK for: metro@0.84.4 want: ^3.0.1
2942 silly placeDep ROOT serialize-error@2.1.0 OK for: metro@0.84.4 want: ^2.1.0
2943 silly placeDep ROOT source-map@0.5.7 OK for: metro@0.84.4 want: ^0.5.6
2944 silly placeDep ROOT throat@5.0.0 OK for: metro@0.84.4 want: ^5.0.0
2945 silly placeDep ROOT ws@7.5.13 OK for: metro@0.84.4 want: ^7.5.10
2946 silly fetch manifest mime-types@^3.0.0
2947 silly packumentCache full:https://registry.npmjs.org/mime-types cache-hit
2948 silly fetch manifest negotiator@^1.0.0
2949 silly packumentCache full:https://registry.npmjs.org/negotiator cache-miss
2950 silly fetch manifest debug@2.6.9
2951 silly packumentCache full:https://registry.npmjs.org/debug cache-hit
2952 silly fetch manifest finalhandler@1.1.2
2953 silly packumentCache full:https://registry.npmjs.org/finalhandler cache-miss
2954 silly fetch manifest parseurl@~1.3.3
2955 silly packumentCache full:https://registry.npmjs.org/parseurl cache-miss
2956 silly fetch manifest utils-merge@1.0.1
2957 silly packumentCache full:https://registry.npmjs.org/utils-merge cache-miss
2958 silly fetch manifest stackframe@^1.3.4
2959 silly packumentCache full:https://registry.npmjs.org/stackframe cache-miss
2960 silly fetch manifest hermes-estree@0.35.0
2961 silly packumentCache full:https://registry.npmjs.org/hermes-estree cache-miss
2962 silly fetch manifest queue@6.0.2
2963 silly packumentCache full:https://registry.npmjs.org/queue cache-miss
2964 http cache https://registry.npmjs.org/hermes-estree 28ms (cache hit)
2965 silly packumentCache full:https://registry.npmjs.org/hermes-estree set size:132569 disposed:false
2966 silly fetch manifest jest-util@^29.7.0
2967 silly packumentCache full:https://registry.npmjs.org/jest-util cache-miss
2968 http fetch GET 200 https://registry.npmjs.org/parseurl 116ms (cache miss)
2969 silly packumentCache full:https://registry.npmjs.org/parseurl set size:undefined disposed:false
2970 silly fetch manifest @types/node@*
2971 silly packumentCache full:https://registry.npmjs.org/@types%2fnode cache-miss
2972 http fetch GET 200 https://registry.npmjs.org/utils-merge 122ms (cache miss)
2973 silly packumentCache full:https://registry.npmjs.org/utils-merge set size:undefined disposed:false
2974 silly fetch manifest merge-stream@^2.0.0
2975 silly packumentCache full:https://registry.npmjs.org/merge-stream cache-miss
2976 http fetch GET 200 https://registry.npmjs.org/negotiator 138ms (cache miss)
2977 silly packumentCache full:https://registry.npmjs.org/negotiator set size:undefined disposed:false
2978 silly fetch manifest supports-color@^8.0.0
2979 silly packumentCache full:https://registry.npmjs.org/supports-color cache-miss
2980 http fetch GET 200 https://registry.npmjs.org/finalhandler 145ms (cache miss)
2981 silly packumentCache full:https://registry.npmjs.org/finalhandler set size:undefined disposed:false
2982 silly fetch manifest mime-db@^1.54.0
2983 silly packumentCache full:https://registry.npmjs.org/mime-db cache-miss
2984 http fetch GET 200 https://registry.npmjs.org/stackframe 150ms (cache miss)
2985 silly packumentCache full:https://registry.npmjs.org/stackframe set size:undefined disposed:false
2986 http fetch GET 200 https://registry.npmjs.org/queue 151ms (cache miss)
2987 silly packumentCache full:https://registry.npmjs.org/queue set size:undefined disposed:false
2988 http cache https://registry.npmjs.org/supports-color 43ms (cache hit)
2989 silly packumentCache full:https://registry.npmjs.org/supports-color set size:124169 disposed:false
2990 http cache https://registry.npmjs.org/mime-db 39ms (cache hit)
2991 silly packumentCache full:https://registry.npmjs.org/mime-db set size:164953 disposed:false
2992 http fetch GET 200 https://registry.npmjs.org/merge-stream 88ms (cache miss)
2993 silly packumentCache full:https://registry.npmjs.org/merge-stream set size:undefined disposed:false
2994 http fetch GET 200 https://registry.npmjs.org/jest-util 198ms (cache miss)
2995 silly packumentCache full:https://registry.npmjs.org/jest-util set size:undefined disposed:false
2996 http fetch GET 200 https://registry.npmjs.org/@types%2fnode 897ms (cache miss)
2997 silly packumentCache full:https://registry.npmjs.org/@types%2fnode set size:undefined disposed:false
2998 silly placeDep node_modules/accepts mime-types@3.0.2 OK for: accepts@2.0.0 want: ^3.0.0
2999 silly placeDep ROOT negotiator@1.0.0 OK for: accepts@2.0.0 want: ^1.0.0
3000 silly placeDep node_modules/connect debug@2.6.9 OK for: connect@3.7.0 want: 2.6.9
3001 silly placeDep ROOT finalhandler@1.1.2 OK for: connect@3.7.0 want: 1.1.2
3002 silly placeDep ROOT parseurl@1.3.3 OK for: connect@3.7.0 want: ~1.3.3
3003 silly placeDep ROOT utils-merge@1.0.1 OK for: connect@3.7.0 want: 1.0.1
3004 silly fetch manifest ms@2.0.0
3005 silly packumentCache full:https://registry.npmjs.org/ms cache-miss
3006 silly fetch manifest unpipe@~1.0.0
3007 silly packumentCache full:https://registry.npmjs.org/unpipe cache-miss
3008 silly fetch manifest statuses@~1.5.0
3009 silly packumentCache full:https://registry.npmjs.org/statuses cache-miss
3010 silly fetch manifest encodeurl@~1.0.2
3011 silly packumentCache full:https://registry.npmjs.org/encodeurl cache-miss
3012 silly fetch manifest escape-html@~1.0.3
3013 silly packumentCache full:https://registry.npmjs.org/escape-html cache-miss
3014 silly fetch manifest on-finished@~2.3.0
3015 silly packumentCache full:https://registry.npmjs.org/on-finished cache-miss
3016 http cache https://registry.npmjs.org/ms 41ms (cache hit)
3017 silly packumentCache full:https://registry.npmjs.org/ms set size:92208 disposed:false
3018 http fetch GET 200 https://registry.npmjs.org/escape-html 106ms (cache miss)
3019 silly packumentCache full:https://registry.npmjs.org/escape-html set size:undefined disposed:false
3020 http fetch GET 200 https://registry.npmjs.org/statuses 112ms (cache miss)
3021 silly packumentCache full:https://registry.npmjs.org/statuses set size:undefined disposed:false
3022 http fetch GET 200 https://registry.npmjs.org/on-finished 109ms (cache miss)
3023 silly packumentCache full:https://registry.npmjs.org/on-finished set size:undefined disposed:false
3024 http fetch GET 200 https://registry.npmjs.org/encodeurl 117ms (cache miss)
3025 silly packumentCache full:https://registry.npmjs.org/encodeurl set size:undefined disposed:false
3026 http fetch GET 200 https://registry.npmjs.org/unpipe 124ms (cache miss)
3027 silly packumentCache full:https://registry.npmjs.org/unpipe set size:undefined disposed:false
3028 silly placeDep ROOT stackframe@1.3.4 OK for: error-stack-parser@2.1.4 want: ^1.3.4
3029 silly placeDep node_modules/finalhandler debug@2.6.9 OK for: finalhandler@1.1.2 want: 2.6.9
3030 silly placeDep ROOT encodeurl@1.0.2 OK for: finalhandler@1.1.2 want: ~1.0.2
3031 silly placeDep ROOT escape-html@1.0.3 OK for: finalhandler@1.1.2 want: ~1.0.3
3032 silly placeDep ROOT on-finished@2.3.0 OK for: finalhandler@1.1.2 want: ~2.3.0
3033 silly placeDep ROOT statuses@1.5.0 OK for: finalhandler@1.1.2 want: ~1.5.0
3034 silly placeDep ROOT unpipe@1.0.0 OK for: finalhandler@1.1.2 want: ~1.0.0
3035 silly fetch manifest ee-first@1.1.1
3036 silly packumentCache full:https://registry.npmjs.org/ee-first cache-miss
3037 http fetch GET 200 https://registry.npmjs.org/ee-first 66ms (cache miss)
3038 silly packumentCache full:https://registry.npmjs.org/ee-first set size:undefined disposed:false
3039 silly placeDep ROOT queue@6.0.2 OK for: image-size@1.2.1 want: 6.0.2
3040 silly fetch manifest inherits@~2.0.3
3041 silly packumentCache full:https://registry.npmjs.org/inherits cache-miss
3042 http fetch GET 200 https://registry.npmjs.org/inherits 69ms (cache miss)
3043 silly packumentCache full:https://registry.npmjs.org/inherits set size:undefined disposed:false
3044 silly placeDep ROOT @types/node@26.2.0 OK for: jest-worker@29.7.0 want: *
3045 silly placeDep ROOT jest-util@29.7.0 OK for: jest-worker@29.7.0 want: ^29.7.0
3046 silly placeDep ROOT merge-stream@2.0.0 OK for: jest-worker@29.7.0 want: ^2.0.0
3047 silly placeDep node_modules/jest-worker supports-color@8.1.1 OK for: jest-worker@29.7.0 want: ^8.0.0
3048 silly fetch manifest undici-types@~8.3.0
3049 silly packumentCache full:https://registry.npmjs.org/undici-types cache-miss
3050 silly fetch manifest ci-info@^3.2.0
3051 silly packumentCache full:https://registry.npmjs.org/ci-info cache-hit
3052 silly fetch manifest picomatch@^2.2.3
3053 silly packumentCache full:https://registry.npmjs.org/picomatch cache-miss
3054 silly fetch manifest @jest/types@^29.6.3
3055 silly packumentCache full:https://registry.npmjs.org/@jest%2ftypes cache-miss
3056 http cache https://registry.npmjs.org/picomatch 19ms (cache hit)
3057 silly packumentCache full:https://registry.npmjs.org/picomatch set size:128942 disposed:false
3058 http fetch GET 200 https://registry.npmjs.org/undici-types 97ms (cache miss)
3059 silly packumentCache full:https://registry.npmjs.org/undici-types set size:undefined disposed:false
3060 http fetch GET 200 https://registry.npmjs.org/@jest%2ftypes 111ms (cache miss)
3061 silly packumentCache full:https://registry.npmjs.org/@jest%2ftypes set size:undefined disposed:false
3062 silly placeDep ROOT undici-types@8.3.0 OK for: @types/node@26.2.0 want: ~8.3.0
3063 silly placeDep ROOT @jest/types@29.6.3 OK for: jest-util@29.7.0 want: ^29.6.3
3064 silly placeDep node_modules/jest-util ci-info@3.9.0 OK for: jest-util@29.7.0 want: ^3.2.0
3065 silly placeDep node_modules/jest-util picomatch@2.3.2 OK for: jest-util@29.7.0 want: ^2.2.3
3066 silly fetch manifest @types/yargs@^17.0.8
3067 silly packumentCache full:https://registry.npmjs.org/@types%2fyargs cache-miss
3068 silly fetch manifest @types/istanbul-reports@^3.0.0
3069 silly packumentCache full:https://registry.npmjs.org/@types%2fistanbul-reports cache-miss
3070 silly fetch manifest @types/istanbul-lib-coverage@^2.0.0
3071 silly packumentCache full:https://registry.npmjs.org/@types%2fistanbul-lib-coverage cache-miss
3072 http fetch GET 200 https://registry.npmjs.org/@types%2fistanbul-lib-coverage 129ms (cache miss)
3073 silly packumentCache full:https://registry.npmjs.org/@types%2fistanbul-lib-coverage set size:undefined disposed:false
3074 http fetch GET 200 https://registry.npmjs.org/@types%2fistanbul-reports 136ms (cache miss)
3075 silly packumentCache full:https://registry.npmjs.org/@types%2fistanbul-reports set size:undefined disposed:false
3076 http fetch GET 200 https://registry.npmjs.org/@types%2fyargs 154ms (cache miss)
3077 silly packumentCache full:https://registry.npmjs.org/@types%2fyargs set size:undefined disposed:false
3078 silly placeDep ROOT @jest/schemas@29.6.3 OK for: @jest/types@29.6.3 want: ^29.6.3
3079 silly placeDep ROOT @types/istanbul-lib-coverage@2.0.6 OK for: @jest/types@29.6.3 want: ^2.0.0
3080 silly placeDep ROOT @types/istanbul-reports@3.0.4 OK for: @jest/types@29.6.3 want: ^3.0.0
3081 silly placeDep ROOT @types/yargs@17.0.35 OK for: @jest/types@29.6.3 want: ^17.0.8
3082 silly fetch manifest @sinclair/typebox@^0.27.8
3083 silly packumentCache full:https://registry.npmjs.org/@sinclair%2ftypebox cache-miss
3084 silly fetch manifest @types/istanbul-lib-report@*
3085 silly packumentCache full:https://registry.npmjs.org/@types%2fistanbul-lib-report cache-miss
3086 silly fetch manifest @types/yargs-parser@*
3087 silly packumentCache full:https://registry.npmjs.org/@types%2fyargs-parser cache-miss
3088 http cache https://registry.npmjs.org/@sinclair%2ftypebox 31ms (cache hit)
3089 silly packumentCache full:https://registry.npmjs.org/@sinclair%2ftypebox set size:1212785 disposed:false
3090 http fetch GET 200 https://registry.npmjs.org/@types%2fistanbul-lib-report 85ms (cache miss)
3091 silly packumentCache full:https://registry.npmjs.org/@types%2fistanbul-lib-report set size:undefined disposed:false
3092 http fetch GET 200 https://registry.npmjs.org/@types%2fyargs-parser 86ms (cache miss)
3093 silly packumentCache full:https://registry.npmjs.org/@types%2fyargs-parser set size:undefined disposed:false
3094 silly placeDep ROOT @sinclair/typebox@0.27.12 OK for: @jest/schemas@29.6.3 want: ^0.27.8
3095 silly placeDep ROOT @types/istanbul-lib-report@3.0.3 OK for: @types/istanbul-reports@3.0.4 want: *
3096 silly placeDep ROOT @types/yargs-parser@21.0.3 OK for: @types/yargs@17.0.35 want: *
3097 silly placeDep node_modules/metro-babel-transformer hermes-parser@0.35.0 OK for: metro-babel-transformer@0.84.4 want: 0.35.0
3098 silly placeDep ROOT exponential-backoff@3.1.3 OK for: metro-cache@0.84.4 want: ^3.1.1
3099 silly placeDep node_modules/metro-cache https-proxy-agent@7.0.6 OK for: metro-cache@0.84.4 want: ^7.0.5
3100 silly fetch manifest agent-base@^7.1.2
3101 silly packumentCache full:https://registry.npmjs.org/agent-base cache-miss
3102 http cache https://registry.npmjs.org/agent-base 14ms (cache hit)
3103 silly packumentCache full:https://registry.npmjs.org/agent-base set size:72085 disposed:false
3104 silly placeDep ROOT jest-validate@29.7.0 OK for: metro-config@0.87.0 want: ^29.7.0
3105 silly placeDep node_modules/metro-config metro@0.87.0 OK for: metro-config@0.87.0 want: 0.87.0
3106 silly placeDep node_modules/metro-config metro-cache@0.87.0 OK for: metro-config@0.87.0 want: 0.87.0
3107 silly placeDep node_modules/metro-config metro-core@0.87.0 OK for: metro-config@0.87.0 want: 0.87.0
3108 silly fetch manifest leven@^3.1.0
3109 silly packumentCache full:https://registry.npmjs.org/leven cache-miss
3110 silly fetch manifest camelcase@^6.2.0
3111 silly packumentCache full:https://registry.npmjs.org/camelcase cache-miss
3112 silly fetch manifest jest-get-type@^29.6.3
3113 silly packumentCache full:https://registry.npmjs.org/jest-get-type cache-miss
3114 silly fetch manifest metro-babel-transformer@0.87.0
3115 silly packumentCache full:https://registry.npmjs.org/metro-babel-transformer cache-miss
3116 silly fetch manifest metro-cache-key@0.87.0
3117 silly packumentCache full:https://registry.npmjs.org/metro-cache-key cache-miss
3118 silly fetch manifest metro-file-map@0.87.0
3119 silly packumentCache full:https://registry.npmjs.org/metro-file-map cache-miss
3120 silly fetch manifest metro-resolver@0.87.0
3121 silly packumentCache full:https://registry.npmjs.org/metro-resolver cache-miss
3122 http cache https://registry.npmjs.org/metro-resolver 27ms (cache hit)
3123 silly packumentCache full:https://registry.npmjs.org/metro-resolver set size:365046 disposed:false
3124 silly fetch manifest metro-source-map@0.87.0
3125 silly packumentCache full:https://registry.npmjs.org/metro-source-map cache-hit
3126 silly fetch manifest metro-symbolicate@0.87.0
3127 silly packumentCache full:https://registry.npmjs.org/metro-symbolicate cache-miss
3128 http cache https://registry.npmjs.org/metro-file-map 44ms (cache hit)
3129 silly packumentCache full:https://registry.npmjs.org/metro-file-map set size:195293 disposed:false
3130 silly fetch manifest metro-transform-plugins@0.87.0
3131 silly packumentCache full:https://registry.npmjs.org/metro-transform-plugins cache-miss
3132 http cache https://registry.npmjs.org/metro-babel-transformer 63ms (cache hit)
3133 silly packumentCache full:https://registry.npmjs.org/metro-babel-transformer set size:263987 disposed:false
3134 silly fetch manifest metro-transform-worker@0.87.0
3135 silly packumentCache full:https://registry.npmjs.org/metro-transform-worker cache-miss
3136 http cache https://registry.npmjs.org/metro-cache-key 85ms (cache hit)
3137 silly packumentCache full:https://registry.npmjs.org/metro-cache-key set size:206329 disposed:false
3138 http fetch GET 200 https://registry.npmjs.org/leven 128ms (cache miss)
3139 silly packumentCache full:https://registry.npmjs.org/leven set size:undefined disposed:false
3140 http cache https://registry.npmjs.org/metro-symbolicate 87ms (cache hit)
3141 silly packumentCache full:https://registry.npmjs.org/metro-symbolicate set size:266199 disposed:false
3142 http cache https://registry.npmjs.org/metro-transform-plugins 87ms (cache hit)
3143 silly packumentCache full:https://registry.npmjs.org/metro-transform-plugins set size:253865 disposed:false
3144 http cache https://registry.npmjs.org/metro-transform-worker 85ms (cache hit)
3145 silly packumentCache full:https://registry.npmjs.org/metro-transform-worker set size:262451 disposed:false
3146 http fetch GET 200 https://registry.npmjs.org/camelcase 176ms (cache miss)
3147 silly packumentCache full:https://registry.npmjs.org/camelcase set size:undefined disposed:false
3148 http fetch GET 200 https://registry.npmjs.org/jest-get-type 181ms (cache miss)
3149 silly packumentCache full:https://registry.npmjs.org/jest-get-type set size:undefined disposed:false
3150 silly placeDep ROOT camelcase@6.3.0 OK for: jest-validate@29.7.0 want: ^6.2.0
3151 silly placeDep ROOT jest-get-type@29.6.3 OK for: jest-validate@29.7.0 want: ^29.6.3
3152 silly placeDep ROOT leven@3.1.0 OK for: jest-validate@29.7.0 want: ^3.1.0
3153 silly placeDep ROOT fb-watchman@2.0.2 OK for: metro-file-map@0.84.4 want: ^2.0.0
3154 silly placeDep ROOT micromatch@4.0.8 OK for: metro-file-map@0.84.4 want: ^4.0.4
3155 silly placeDep ROOT walker@1.0.8 OK for: metro-file-map@0.84.4 want: ^1.0.7
3156 silly fetch manifest bser@2.1.1
3157 silly packumentCache full:https://registry.npmjs.org/bser cache-miss
3158 silly fetch manifest braces@^3.0.3
3159 silly packumentCache full:https://registry.npmjs.org/braces cache-miss
3160 silly fetch manifest picomatch@^2.3.1
3161 silly packumentCache full:https://registry.npmjs.org/picomatch cache-hit
3162 silly fetch manifest makeerror@1.0.12
3163 silly packumentCache full:https://registry.npmjs.org/makeerror cache-miss
3164 http fetch GET 200 https://registry.npmjs.org/bser 92ms (cache miss)
3165 silly packumentCache full:https://registry.npmjs.org/bser set size:undefined disposed:false
3166 http fetch GET 200 https://registry.npmjs.org/makeerror 95ms (cache miss)
3167 silly packumentCache full:https://registry.npmjs.org/makeerror set size:undefined disposed:false
3168 http fetch GET 200 https://registry.npmjs.org/braces 104ms (cache miss)
3169 silly packumentCache full:https://registry.npmjs.org/braces set size:undefined disposed:false
3170 silly placeDep ROOT bser@2.1.1 OK for: fb-watchman@2.0.2 want: 2.1.1
3171 silly fetch manifest node-int64@^0.4.0
3172 silly packumentCache full:https://registry.npmjs.org/node-int64 cache-miss
3173 http fetch GET 200 https://registry.npmjs.org/node-int64 70ms (cache miss)
3174 silly packumentCache full:https://registry.npmjs.org/node-int64 set size:undefined disposed:false
3175 silly placeDep ROOT node-int64@0.4.0 OK for: bser@2.1.1 want: ^0.4.0
3176 silly placeDep ROOT terser@5.50.0 OK for: metro-minify-terser@0.84.4 want: ^5.15.0
3177 silly fetch manifest acorn@^8.15.0
3178 silly packumentCache full:https://registry.npmjs.org/acorn cache-miss
3179 silly fetch manifest commander@^2.20.0
3180 silly packumentCache full:https://registry.npmjs.org/commander cache-hit
3181 silly fetch manifest source-map-support@~0.5.20
3182 silly packumentCache full:https://registry.npmjs.org/source-map-support cache-miss
3183 silly fetch manifest @jridgewell/source-map@^0.3.3
3184 silly packumentCache full:https://registry.npmjs.org/@jridgewell%2fsource-map cache-miss
3185 http fetch GET 200 https://registry.npmjs.org/@jridgewell%2fsource-map 98ms (cache miss)
3186 silly packumentCache full:https://registry.npmjs.org/@jridgewell%2fsource-map set size:undefined disposed:false
3187 http fetch GET 200 https://registry.npmjs.org/source-map-support 109ms (cache miss)
3188 silly packumentCache full:https://registry.npmjs.org/source-map-support set size:undefined disposed:false
3189 http fetch GET 200 https://registry.npmjs.org/acorn 124ms (cache miss)
3190 silly packumentCache full:https://registry.npmjs.org/acorn set size:undefined disposed:false
3191 silly placeDep ROOT ob1@0.84.4 OK for: metro-source-map@0.84.4 want: 0.84.4
3192 silly placeDep ROOT vlq@1.0.1 OK for: metro-source-map@0.84.4 want: ^1.0.0
3193 silly placeDep ROOT braces@3.0.3 OK for: micromatch@4.0.8 want: ^3.0.3
3194 silly placeDep node_modules/micromatch picomatch@2.3.2 OK for: micromatch@4.0.8 want: ^2.3.1
3195 silly fetch manifest fill-range@^7.1.1
3196 silly packumentCache full:https://registry.npmjs.org/fill-range cache-miss
3197 http fetch GET 200 https://registry.npmjs.org/fill-range 70ms (cache miss)
3198 silly packumentCache full:https://registry.npmjs.org/fill-range set size:undefined disposed:false
3199 silly placeDep ROOT fill-range@7.1.1 OK for: braces@3.0.3 want: ^7.1.1
3200 silly fetch manifest to-regex-range@^5.0.1
3201 silly packumentCache full:https://registry.npmjs.org/to-regex-range cache-miss
3202 http fetch GET 200 https://registry.npmjs.org/to-regex-range 72ms (cache miss)
3203 silly packumentCache full:https://registry.npmjs.org/to-regex-range set size:undefined disposed:false
3204 silly placeDep ROOT to-regex-range@5.0.1 OK for: fill-range@7.1.1 want: ^5.0.1
3205 silly fetch manifest is-number@^7.0.0
3206 silly packumentCache full:https://registry.npmjs.org/is-number cache-miss
3207 http fetch GET 200 https://registry.npmjs.org/is-number 69ms (cache miss)
3208 silly packumentCache full:https://registry.npmjs.org/is-number set size:undefined disposed:false
3209 silly placeDep ROOT mime-db@1.52.0 OK for: mime-types@2.1.35 want: 1.52.0
3210 silly placeDep ROOT brace-expansion@5.0.9 OK for: minimatch@10.2.6 want: ^5.0.8
3211 silly fetch manifest balanced-match@^4.0.2
3212 silly packumentCache full:https://registry.npmjs.org/balanced-match cache-miss
3213 http fetch GET 200 https://registry.npmjs.org/balanced-match 70ms (cache miss)
3214 silly packumentCache full:https://registry.npmjs.org/balanced-match set size:undefined disposed:false
3215 silly placeDep ROOT balanced-match@4.0.4 OK for: brace-expansion@5.0.9 want: ^4.0.2
3216 silly placeDep ROOT ee-first@1.1.1 OK for: on-finished@2.3.0 want: 1.1.1
3217 silly placeDep ROOT pngjs@3.4.0 OK for: parse-png@2.1.0 want: ^3.3.0
3218 silly placeDep node_modules/path-scurry lru-cache@11.5.2 OK for: path-scurry@2.0.2 want: ^11.0.0
3219 silly placeDep ROOT source-map-js@1.2.1 OK for: postcss@8.5.26 want: ^1.2.1
3220 silly placeDep node_modules/pretty-format ansi-styles@5.2.0 OK for: pretty-format@29.7.0 want: ^5.0.0
3221 silly placeDep node_modules/pretty-format react-is@18.3.1 OK for: pretty-format@29.7.0 want: ^18.0.0
3222 silly placeDep ROOT decode-uri-component@0.2.2 OK for: query-string@7.1.3 want: ^0.2.2
3223 silly placeDep ROOT filter-obj@1.1.0 OK for: query-string@7.1.3 want: ^1.1.0
3224 silly placeDep ROOT split-on-first@1.1.0 OK for: query-string@7.1.3 want: ^1.0.0
3225 silly placeDep ROOT strict-uri-encode@2.0.0 OK for: query-string@7.1.3 want: ^2.0.0
3226 silly placeDep ROOT inherits@2.0.4 OK for: queue@6.0.2 want: ~2.0.3
3227 silly placeDep ROOT scheduler@0.27.0 OK for: react-dom@19.2.3 want: ^0.27.0
3228 silly fetch manifest react@^19.2.3
3229 silly packumentCache full:https://registry.npmjs.org/react cache-miss
3230 http cache https://registry.npmjs.org/react 80ms (cache hit)
3231 silly packumentCache full:https://registry.npmjs.org/react set size:6888185 disposed:false
3232 silly fetch manifest @react-native-community/cli@*
3233 silly packumentCache full:https://registry.npmjs.org/@react-native-community%2fcli cache-miss
3234 http fetch GET 200 https://registry.npmjs.org/@react-native-community%2fcli 166ms (cache miss)
3235 silly packumentCache full:https://registry.npmjs.org/@react-native-community%2fcli set size:undefined disposed:false
3236 silly fetch manifest @react-native/metro-config@0.86.2
3237 silly packumentCache full:https://registry.npmjs.org/@react-native%2fmetro-config cache-miss
3238 http cache https://registry.npmjs.org/@react-native%2fmetro-config 29ms (cache hit)
3239 silly packumentCache full:https://registry.npmjs.org/@react-native%2fmetro-config set size:2368300 disposed:false
3240 silly placeDep ROOT @react-native/assets-registry@0.86.2 OK for: react-native@0.86.2 want: 0.86.2
3241 silly placeDep node_modules/react-native @react-native/codegen@0.86.2 OK for: react-native@0.86.2 want: 0.86.2
3242 silly placeDep ROOT @react-native/community-cli-plugin@0.86.2 OK for: react-native@0.86.2 want: 0.86.2
3243 silly placeDep ROOT @react-native/metro-config@0.86.2 REPLACE for: @react-native/community-cli-plugin@0.86.2 want: 0.86.2
3244 silly placeDep ROOT @react-native/gradle-plugin@0.86.2 OK for: react-native@0.86.2 want: 0.86.2
3245 silly placeDep ROOT @react-native/js-polyfills@0.86.2 OK for: react-native@0.86.2 want: 0.86.2
3246 silly placeDep ROOT @react-native/virtualized-lists@0.86.2 OK for: react-native@0.86.2 want: 0.86.2
3247 silly placeDep ROOT abort-controller@3.0.0 OK for: react-native@0.86.2 want: ^3.0.0
3248 silly placeDep ROOT ansi-regex@5.0.1 OK for: react-native@0.86.2 want: ^5.0.0
3249 silly placeDep node_modules/react-native babel-plugin-syntax-hermes-parser@0.36.0 OK for: react-native@0.86.2 want: 0.36.0
3250 silly placeDep node_modules/react-native commander@12.1.0 OK for: react-native@0.86.2 want: ^12.0.0
3251 silly placeDep ROOT hermes-compiler@250829098.0.16 OK for: react-native@0.86.2 want: 250829098.0.16
3252 silly placeDep ROOT memoize-one@5.2.1 OK for: react-native@0.86.2 want: ^5.0.0
3253 silly placeDep ROOT metro-runtime@0.84.4 OK for: react-native@0.86.2 want: ^0.84.3
3254 silly placeDep ROOT promise@8.3.0 OK for: react-native@0.86.2 want: ^8.3.0
3255 silly placeDep ROOT react-devtools-core@6.1.5 OK for: react-native@0.86.2 want: ^6.1.5
3256 silly placeDep ROOT regenerator-runtime@0.13.11 OK for: react-native@0.86.2 want: ^0.13.2
3257 silly fetch manifest hermes-parser@0.36.0
3258 silly packumentCache full:https://registry.npmjs.org/hermes-parser cache-hit
3259 silly fetch manifest metro-config@^0.84.3
3260 silly packumentCache full:https://registry.npmjs.org/metro-config cache-hit
3261 silly fetch manifest metro-config@^0.84.3
3262 silly packumentCache full:https://registry.npmjs.org/metro-config cache-hit
3263 silly fetch manifest @react-native/metro-babel-transformer@0.86.2
3264 silly packumentCache full:https://registry.npmjs.org/@react-native%2fmetro-babel-transformer cache-miss
3265 silly fetch manifest event-target-shim@^5.0.0
3266 silly packumentCache full:https://registry.npmjs.org/event-target-shim cache-miss
3267 silly fetch manifest hermes-parser@0.36.0
3268 silly packumentCache full:https://registry.npmjs.org/hermes-parser cache-hit
3269 silly fetch manifest asap@~2.0.6
3270 silly packumentCache full:https://registry.npmjs.org/asap cache-miss
3271 silly fetch manifest shell-quote@^1.6.1
3272 silly packumentCache full:https://registry.npmjs.org/shell-quote cache-miss
3273 http cache https://registry.npmjs.org/@react-native%2fmetro-babel-transformer 87ms (cache hit)
3274 silly packumentCache full:https://registry.npmjs.org/@react-native%2fmetro-babel-transformer set size:2288294 disposed:false
3275 http fetch GET 200 https://registry.npmjs.org/asap 204ms (cache miss)
3276 silly packumentCache full:https://registry.npmjs.org/asap set size:undefined disposed:false
3277 http fetch GET 200 https://registry.npmjs.org/shell-quote 211ms (cache miss)
3278 silly packumentCache full:https://registry.npmjs.org/shell-quote set size:undefined disposed:false
3279 http fetch GET 200 https://registry.npmjs.org/event-target-shim 224ms (cache miss)
3280 silly packumentCache full:https://registry.npmjs.org/event-target-shim set size:undefined disposed:false
3281 silly placeDep ROOT @react-native/dev-middleware@0.86.2 OK for: @react-native/community-cli-plugin@0.86.2 want: 0.86.2
3282 silly placeDep ROOT metro-config@0.84.4 OK for: @react-native/community-cli-plugin@0.86.2 want: ^0.84.3
3283 silly fetch manifest open@^7.0.3
3284 silly packumentCache full:https://registry.npmjs.org/open cache-miss
3285 silly fetch manifest serve-static@^1.16.2
3286 silly packumentCache full:https://registry.npmjs.org/serve-static cache-miss
3287 silly fetch manifest chrome-launcher@^0.15.2
3288 silly packumentCache full:https://registry.npmjs.org/chrome-launcher cache-miss
3289 silly fetch manifest @isaacs/ttlcache@^1.4.1
3290 silly packumentCache full:https://registry.npmjs.org/@isaacs%2fttlcache cache-miss
3291 silly fetch manifest chromium-edge-launcher@^0.3.0
3292 silly packumentCache full:https://registry.npmjs.org/chromium-edge-launcher cache-miss
3293 silly fetch manifest @react-native/debugger-shell@0.86.2
3294 silly packumentCache full:https://registry.npmjs.org/@react-native%2fdebugger-shell cache-miss
3295 silly fetch manifest @react-native/debugger-frontend@0.86.2
3296 silly packumentCache full:https://registry.npmjs.org/@react-native%2fdebugger-frontend cache-miss
3297 http fetch GET 200 https://registry.npmjs.org/@isaacs%2fttlcache 129ms (cache miss)
3298 silly packumentCache full:https://registry.npmjs.org/@isaacs%2fttlcache set size:undefined disposed:false
3299 http fetch GET 200 https://registry.npmjs.org/chromium-edge-launcher 137ms (cache miss)
3300 silly packumentCache full:https://registry.npmjs.org/chromium-edge-launcher set size:undefined disposed:false
3301 http fetch GET 200 https://registry.npmjs.org/open 147ms (cache miss)
3302 silly packumentCache full:https://registry.npmjs.org/open set size:undefined disposed:false
3303 http fetch GET 200 https://registry.npmjs.org/chrome-launcher 152ms (cache miss)
3304 silly packumentCache full:https://registry.npmjs.org/chrome-launcher set size:undefined disposed:false
3305 http fetch GET 200 https://registry.npmjs.org/serve-static 163ms (cache miss)
3306 silly packumentCache full:https://registry.npmjs.org/serve-static set size:undefined disposed:false
3307 http fetch GET 200 https://registry.npmjs.org/@react-native%2fdebugger-shell 224ms (cache miss)
3308 silly packumentCache full:https://registry.npmjs.org/@react-native%2fdebugger-shell set size:undefined disposed:false
3309 http fetch GET 200 https://registry.npmjs.org/@react-native%2fdebugger-frontend 313ms (cache miss)
3310 silly packumentCache full:https://registry.npmjs.org/@react-native%2fdebugger-frontend set size:undefined disposed:false
3311 silly placeDep ROOT @isaacs/ttlcache@1.4.1 OK for: @react-native/dev-middleware@0.86.2 want: ^1.4.1
3312 silly placeDep ROOT @react-native/debugger-frontend@0.86.2 OK for: @react-native/dev-middleware@0.86.2 want: 0.86.2
3313 silly placeDep ROOT @react-native/debugger-shell@0.86.2 OK for: @react-native/dev-middleware@0.86.2 want: 0.86.2
3314 silly placeDep ROOT chrome-launcher@0.15.2 OK for: @react-native/dev-middleware@0.86.2 want: ^0.15.2
3315 silly placeDep ROOT chromium-edge-launcher@0.3.0 OK for: @react-native/dev-middleware@0.86.2 want: ^0.3.0
3316 silly placeDep ROOT open@7.4.2 OK for: @react-native/dev-middleware@0.86.2 want: ^7.0.3
3317 silly placeDep ROOT serve-static@1.16.3 OK for: @react-native/dev-middleware@0.86.2 want: ^1.16.2
3318 silly fetch manifest fb-dotslash@0.5.8
3319 silly packumentCache full:https://registry.npmjs.org/fb-dotslash cache-miss
3320 silly fetch manifest is-wsl@^2.2.0
3321 silly packumentCache full:https://registry.npmjs.org/is-wsl cache-miss
3322 silly fetch manifest lighthouse-logger@^1.0.0
3323 silly packumentCache full:https://registry.npmjs.org/lighthouse-logger cache-miss
3324 silly fetch manifest is-wsl@^2.2.0
3325 silly packumentCache full:https://registry.npmjs.org/is-wsl cache-miss
3326 silly fetch manifest mkdirp@^1.0.4
3327 silly packumentCache full:https://registry.npmjs.org/mkdirp cache-miss
3328 silly fetch manifest lighthouse-logger@^1.0.0
3329 silly packumentCache full:https://registry.npmjs.org/lighthouse-logger cache-miss
3330 silly fetch manifest is-wsl@^2.1.1
3331 silly packumentCache full:https://registry.npmjs.org/is-wsl cache-miss
3332 http fetch GET 200 https://registry.npmjs.org/fb-dotslash 107ms (cache miss)
3333 silly packumentCache full:https://registry.npmjs.org/fb-dotslash set size:undefined disposed:false
3334 silly fetch manifest is-docker@^2.0.0
3335 silly packumentCache full:https://registry.npmjs.org/is-docker cache-miss
3336 http fetch GET 200 https://registry.npmjs.org/is-wsl 115ms (cache miss)
3337 silly packumentCache full:https://registry.npmjs.org/is-wsl set size:undefined disposed:false
3338 silly fetch manifest send@~0.19.1
3339 silly packumentCache full:https://registry.npmjs.org/send cache-miss
3340 http fetch GET 200 https://registry.npmjs.org/lighthouse-logger 118ms (cache miss)
3341 silly packumentCache full:https://registry.npmjs.org/lighthouse-logger set size:undefined disposed:false
3342 silly fetch manifest encodeurl@~2.0.0
3343 silly packumentCache full:https://registry.npmjs.org/encodeurl cache-miss
3344 http fetch GET 200 https://registry.npmjs.org/lighthouse-logger 121ms (cache miss)
3345 silly packumentCache full:https://registry.npmjs.org/lighthouse-logger set size:undefined disposed:false
3346 http fetch GET 200 https://registry.npmjs.org/is-wsl 123ms (cache miss)
3347 silly packumentCache full:https://registry.npmjs.org/is-wsl set size:undefined disposed:false
3348 http fetch GET 200 https://registry.npmjs.org/is-wsl 130ms (cache miss)
3349 silly packumentCache full:https://registry.npmjs.org/is-wsl set size:undefined disposed:false
3350 http fetch GET 200 https://registry.npmjs.org/mkdirp 133ms (cache miss)
3351 silly packumentCache full:https://registry.npmjs.org/mkdirp set size:undefined disposed:false
3352 http cache https://registry.npmjs.org/send 36ms (cache hit)
3353 silly packumentCache full:https://registry.npmjs.org/send set size:152810 disposed:false
3354 http cache https://registry.npmjs.org/encodeurl 41ms (cache hit)
3355 silly packumentCache full:https://registry.npmjs.org/encodeurl set size:12296 disposed:false
3356 http fetch GET 200 https://registry.npmjs.org/is-docker 72ms (cache miss)
3357 silly packumentCache full:https://registry.npmjs.org/is-docker set size:undefined disposed:false
3358 silly placeDep ROOT fb-dotslash@0.5.8 OK for: @react-native/debugger-shell@0.86.2 want: 0.5.8
3359 silly placeDep ROOT @react-native/metro-babel-transformer@0.86.2 OK for: @react-native/metro-config@0.86.2 want: 0.86.2
3360 silly fetch manifest @react-native/babel-preset@0.86.2
3361 silly packumentCache full:https://registry.npmjs.org/@react-native%2fbabel-preset cache-miss
3362 http cache https://registry.npmjs.org/@react-native%2fbabel-preset 49ms (cache hit)
3363 silly packumentCache full:https://registry.npmjs.org/@react-native%2fbabel-preset set size:4483611 disposed:false
3364 silly placeDep ROOT @react-native/babel-preset@0.86.2 OK for: @react-native/metro-babel-transformer@0.86.2 want: 0.86.2
3365 silly placeDep node_modules/@react-native/metro-babel-transformer hermes-parser@0.36.0 OK for: @react-native/metro-babel-transformer@0.86.2 want: 0.36.0
3366 silly fetch manifest hermes-estree@0.36.0
3367 silly packumentCache full:https://registry.npmjs.org/hermes-estree cache-hit
3368 silly placeDep ROOT @babel/plugin-transform-react-jsx-self@7.29.7 OK for: @react-native/babel-preset@0.86.2 want: ^7.24.7
3369 silly placeDep ROOT @babel/plugin-transform-react-jsx-source@7.29.7 OK for: @react-native/babel-preset@0.86.2 want: ^7.24.7
3370 silly placeDep ROOT @babel/plugin-transform-regenerator@7.29.8 OK for: @react-native/babel-preset@0.86.2 want: ^7.24.7
3371 silly placeDep ROOT @react-native/babel-plugin-codegen@0.86.2 OK for: @react-native/babel-preset@0.86.2 want: 0.86.2
3372 silly placeDep node_modules/@react-native/babel-preset babel-plugin-syntax-hermes-parser@0.36.0 OK for: @react-native/babel-preset@0.86.2 want: 0.36.0
3373 silly placeDep ROOT @react-native/codegen@0.86.2 OK for: @react-native/babel-plugin-codegen@0.86.2 want: 0.86.2
3374 silly placeDep node_modules/@react-native/codegen hermes-parser@0.36.0 OK for: @react-native/codegen@0.86.2 want: 0.36.0
3375 silly placeDep ROOT event-target-shim@5.0.1 OK for: abort-controller@3.0.0 want: ^5.0.0
3376 silly placeDep ROOT is-wsl@2.2.0 OK for: chrome-launcher@0.15.2 want: ^2.2.0
3377 silly placeDep ROOT lighthouse-logger@1.4.2 OK for: chrome-launcher@0.15.2 want: ^1.0.0
3378 silly fetch manifest debug@^2.6.9
3379 silly packumentCache full:https://registry.npmjs.org/debug cache-hit
3380 silly fetch manifest marky@^1.2.2
3381 silly packumentCache full:https://registry.npmjs.org/marky cache-miss
3382 http fetch GET 200 https://registry.npmjs.org/marky 67ms (cache miss)
3383 silly packumentCache full:https://registry.npmjs.org/marky set size:undefined disposed:false
3384 silly placeDep ROOT mkdirp@1.0.4 OK for: chromium-edge-launcher@0.3.0 want: ^1.0.4
3385 silly placeDep ROOT is-docker@2.2.1 OK for: is-wsl@2.2.0 want: ^2.0.0
3386 silly placeDep node_modules/lighthouse-logger debug@2.6.9 OK for: lighthouse-logger@1.4.2 want: ^2.6.9
3387 silly placeDep ROOT marky@1.3.0 OK for: lighthouse-logger@1.4.2 want: ^1.2.2
3388 silly placeDep ROOT yaml@2.9.0 OK for: metro-config@0.84.4 want: ^2.6.1
3389 silly placeDep ROOT asap@2.0.6 OK for: promise@8.3.0 want: ~2.0.6
3390 silly placeDep ROOT shell-quote@1.10.0 OK for: react-devtools-core@6.1.5 want: ^1.6.1
3391 silly fetch manifest react@>= 18.2.0
3392 silly packumentCache full:https://registry.npmjs.org/react cache-miss
3393 http cache https://registry.npmjs.org/react 83ms (cache hit)
3394 silly packumentCache full:https://registry.npmjs.org/react set size:6888185 disposed:false
3395 silly placeDep ROOT use-latest-callback@0.2.6 OK for: react-native-drawer-layout@4.2.10 want: ^0.2.4
3396 silly placeDep ROOT @egjs/hammerjs@2.0.17 OK for: react-native-gesture-handler@2.32.0 want: ^2.0.17
3397 silly placeDep ROOT @types/react-test-renderer@19.1.0 OK for: react-native-gesture-handler@2.32.0 want: ^19.1.0
3398 silly placeDep ROOT hoist-non-react-statics@3.3.2 OK for: react-native-gesture-handler@2.32.0 want: ^3.3.0
3399 silly fetch manifest @types/hammerjs@^2.0.36
3400 silly packumentCache full:https://registry.npmjs.org/@types%2fhammerjs cache-miss
3401 silly fetch manifest react-is@^16.7.0
3402 silly packumentCache full:https://registry.npmjs.org/react-is cache-miss
3403 http cache https://registry.npmjs.org/react-is 75ms (cache hit)
3404 silly packumentCache full:https://registry.npmjs.org/react-is set size:5573815 disposed:false
3405 http fetch GET 200 https://registry.npmjs.org/@types%2fhammerjs 321ms (cache miss)
3406 silly packumentCache full:https://registry.npmjs.org/@types%2fhammerjs set size:undefined disposed:false
3407 silly placeDep ROOT @types/hammerjs@2.0.46 OK for: @egjs/hammerjs@2.0.17 want: ^2.0.36
3408 silly placeDep node_modules/hoist-non-react-statics react-is@16.13.1 OK for: hoist-non-react-statics@3.3.2 want: ^16.7.0
3409 silly placeDep ROOT @callstack/react-theme-provider@3.0.9 OK for: react-native-paper@5.15.3 want: ^3.0.9
3410 silly placeDep node_modules/react-native-paper color@3.2.1 OK for: react-native-paper@5.15.3 want: ^3.1.2
3411 silly fetch manifest deepmerge@^3.2.0
3412 silly packumentCache full:https://registry.npmjs.org/deepmerge cache-miss
3413 silly fetch manifest color-convert@^1.9.3
3414 silly packumentCache full:https://registry.npmjs.org/color-convert cache-miss
3415 http cache https://registry.npmjs.org/color-convert 19ms (cache hit)
3416 silly packumentCache full:https://registry.npmjs.org/color-convert set size:72663 disposed:false
3417 http cache https://registry.npmjs.org/deepmerge 28ms (cache hit)
3418 silly packumentCache full:https://registry.npmjs.org/deepmerge set size:101897 disposed:false
3419 silly placeDep node_modules/@callstack/react-theme-provider deepmerge@3.3.0 OK for: @callstack/react-theme-provider@3.0.9 want: ^3.2.0
3420 silly placeDep ROOT react-native-is-edge-to-edge@1.3.1 OK for: react-native-reanimated@4.5.1 want: ^1.3.1
3421 silly placeDep ROOT react-freeze@1.0.4 OK for: react-native-screens@4.26.2 want: ^1.0.0
3422 silly placeDep ROOT warn-once@0.1.1 OK for: react-native-screens@4.26.2 want: ^0.1.0
3423 silly placeDep ROOT css-select@5.2.2 OK for: react-native-svg@15.15.5 want: ^5.1.0
3424 silly placeDep ROOT css-tree@1.1.3 OK for: react-native-svg@15.15.5 want: ^1.1.3
3425 silly fetch manifest boolbase@^1.0.0
3426 silly packumentCache full:https://registry.npmjs.org/boolbase cache-miss
3427 silly fetch manifest css-what@^6.1.0
3428 silly packumentCache full:https://registry.npmjs.org/css-what cache-miss
3429 silly fetch manifest domutils@^3.0.1
3430 silly packumentCache full:https://registry.npmjs.org/domutils cache-miss
3431 silly fetch manifest nth-check@^2.0.1
3432 silly packumentCache full:https://registry.npmjs.org/nth-check cache-miss
3433 silly fetch manifest domhandler@^5.0.2
3434 silly packumentCache full:https://registry.npmjs.org/domhandler cache-miss
3435 silly fetch manifest mdn-data@2.0.14
3436 silly packumentCache full:https://registry.npmjs.org/mdn-data cache-miss
3437 silly fetch manifest source-map@^0.6.1
3438 silly packumentCache full:https://registry.npmjs.org/source-map cache-miss
3439 http cache https://registry.npmjs.org/source-map 24ms (cache hit)
3440 silly packumentCache full:https://registry.npmjs.org/source-map set size:231637 disposed:false
3441 http fetch GET 200 https://registry.npmjs.org/boolbase 114ms (cache miss)
3442 silly packumentCache full:https://registry.npmjs.org/boolbase set size:undefined disposed:false
3443 http fetch GET 200 https://registry.npmjs.org/css-what 117ms (cache miss)
3444 silly packumentCache full:https://registry.npmjs.org/css-what set size:undefined disposed:false
3445 http fetch GET 200 https://registry.npmjs.org/domhandler 121ms (cache miss)
3446 silly packumentCache full:https://registry.npmjs.org/domhandler set size:undefined disposed:false
3447 http fetch GET 200 https://registry.npmjs.org/domutils 129ms (cache miss)
3448 silly packumentCache full:https://registry.npmjs.org/domutils set size:undefined disposed:false
3449 http fetch GET 200 https://registry.npmjs.org/mdn-data 133ms (cache miss)
3450 silly packumentCache full:https://registry.npmjs.org/mdn-data set size:undefined disposed:false
3451 http fetch GET 200 https://registry.npmjs.org/nth-check 182ms (cache miss)
3452 silly packumentCache full:https://registry.npmjs.org/nth-check set size:undefined disposed:false
3453 silly placeDep ROOT boolbase@1.0.0 OK for: css-select@5.2.2 want: ^1.0.0
3454 silly placeDep ROOT css-what@6.2.2 OK for: css-select@5.2.2 want: ^6.1.0
3455 silly placeDep ROOT domhandler@5.0.3 OK for: css-select@5.2.2 want: ^5.0.2
3456 silly placeDep ROOT domutils@3.2.2 OK for: css-select@5.2.2 want: ^3.0.1
3457 silly placeDep ROOT nth-check@2.1.1 OK for: css-select@5.2.2 want: ^2.0.1
3458 silly fetch manifest domelementtype@^2.3.0
3459 silly packumentCache full:https://registry.npmjs.org/domelementtype cache-miss
3460 silly fetch manifest dom-serializer@^2.0.0
3461 silly packumentCache full:https://registry.npmjs.org/dom-serializer cache-miss
3462 silly fetch manifest domelementtype@^2.3.0
3463 silly packumentCache full:https://registry.npmjs.org/domelementtype cache-miss
3464 http fetch GET 200 https://registry.npmjs.org/domelementtype 86ms (cache miss)
3465 silly packumentCache full:https://registry.npmjs.org/domelementtype set size:undefined disposed:false
3466 http fetch GET 200 https://registry.npmjs.org/domelementtype 89ms (cache miss)
3467 silly packumentCache full:https://registry.npmjs.org/domelementtype set size:undefined disposed:false
3468 http fetch GET 200 https://registry.npmjs.org/dom-serializer 110ms (cache miss)
3469 silly packumentCache full:https://registry.npmjs.org/dom-serializer set size:undefined disposed:false
3470 silly placeDep ROOT mdn-data@2.0.14 OK for: css-tree@1.1.3 want: 2.0.14
3471 silly placeDep node_modules/css-tree source-map@0.6.1 OK for: css-tree@1.1.3 want: ^0.6.1
3472 silly placeDep ROOT domelementtype@2.3.0 OK for: domhandler@5.0.3 want: ^2.3.0
3473 silly placeDep ROOT dom-serializer@2.0.0 OK for: domutils@3.2.2 want: ^2.0.0
3474 silly fetch manifest entities@^4.2.0
3475 silly packumentCache full:https://registry.npmjs.org/entities cache-miss
3476 http fetch GET 200 https://registry.npmjs.org/entities 78ms (cache miss)
3477 silly packumentCache full:https://registry.npmjs.org/entities set size:undefined disposed:false
3478 silly placeDep ROOT entities@4.5.0 OK for: dom-serializer@2.0.0 want: ^4.2.0
3479 silly placeDep node_modules/react-native-web @react-native/normalize-colors@0.74.89 OK for: react-native-web@0.21.2 want: ^0.74.1
3480 silly placeDep ROOT fbjs@3.0.5 OK for: react-native-web@0.21.2 want: ^3.0.4
3481 silly placeDep ROOT inline-style-prefixer@7.0.1 OK for: react-native-web@0.21.2 want: ^7.0.1
3482 silly placeDep node_modules/react-native-web memoize-one@6.0.0 OK for: react-native-web@0.21.2 want: ^6.0.0
3483 silly placeDep ROOT postcss-value-parser@4.2.0 OK for: react-native-web@0.21.2 want: ^4.2.0
3484 silly placeDep ROOT styleq@0.1.3 OK for: react-native-web@0.21.2 want: ^0.1.3
3485 silly fetch manifest promise@^7.1.1
3486 silly packumentCache full:https://registry.npmjs.org/promise cache-miss
3487 silly fetch manifest cross-fetch@^3.1.5
3488 silly packumentCache full:https://registry.npmjs.org/cross-fetch cache-miss
3489 silly fetch manifest setimmediate@^1.0.5
3490 silly packumentCache full:https://registry.npmjs.org/setimmediate cache-miss
3491 silly fetch manifest ua-parser-js@^1.0.35
3492 silly packumentCache full:https://registry.npmjs.org/ua-parser-js cache-miss
3493 silly fetch manifest fbjs-css-vars@^1.0.0
3494 silly packumentCache full:https://registry.npmjs.org/fbjs-css-vars cache-miss
3495 silly fetch manifest object-assign@^4.1.0
3496 silly packumentCache full:https://registry.npmjs.org/object-assign cache-miss
3497 silly fetch manifest css-in-js-utils@^3.1.0
3498 silly packumentCache full:https://registry.npmjs.org/css-in-js-utils cache-miss
3499 http cache https://registry.npmjs.org/promise 40ms (cache hit)
3500 silly packumentCache full:https://registry.npmjs.org/promise set size:112704 disposed:false
3501 http cache https://registry.npmjs.org/ua-parser-js 47ms (cache hit)
3502 silly packumentCache full:https://registry.npmjs.org/ua-parser-js set size:719507 disposed:false
3503 http fetch GET 200 https://registry.npmjs.org/fbjs-css-vars 101ms (cache miss)
3504 silly packumentCache full:https://registry.npmjs.org/fbjs-css-vars set size:undefined disposed:false
3505 http fetch GET 200 https://registry.npmjs.org/setimmediate 106ms (cache miss)
3506 silly packumentCache full:https://registry.npmjs.org/setimmediate set size:undefined disposed:false
3507 http fetch GET 200 https://registry.npmjs.org/css-in-js-utils 105ms (cache miss)
3508 silly packumentCache full:https://registry.npmjs.org/css-in-js-utils set size:undefined disposed:false
3509 http fetch GET 200 https://registry.npmjs.org/object-assign 110ms (cache miss)
3510 silly packumentCache full:https://registry.npmjs.org/object-assign set size:undefined disposed:false
3511 http fetch GET 200 https://registry.npmjs.org/cross-fetch 159ms (cache miss)
3512 silly packumentCache full:https://registry.npmjs.org/cross-fetch set size:undefined disposed:false
3513 silly placeDep ROOT cross-fetch@3.2.0 OK for: fbjs@3.0.5 want: ^3.1.5
3514 silly placeDep ROOT fbjs-css-vars@1.0.2 OK for: fbjs@3.0.5 want: ^1.0.0
3515 silly placeDep ROOT object-assign@4.1.1 OK for: fbjs@3.0.5 want: ^4.1.0
3516 silly placeDep node_modules/fbjs promise@7.3.1 OK for: fbjs@3.0.5 want: ^7.1.1
3517 silly placeDep ROOT setimmediate@1.0.5 OK for: fbjs@3.0.5 want: ^1.0.5
3518 silly placeDep node_modules/fbjs ua-parser-js@1.0.41 OK for: fbjs@3.0.5 want: ^1.0.35
3519 silly fetch manifest node-fetch@^2.7.0
3520 silly packumentCache full:https://registry.npmjs.org/node-fetch cache-miss
3521 http fetch GET 200 https://registry.npmjs.org/node-fetch 123ms (cache miss)
3522 silly packumentCache full:https://registry.npmjs.org/node-fetch set size:undefined disposed:false
3523 silly fetch manifest encoding@^0.1.0
3524 silly packumentCache full:https://registry.npmjs.org/encoding cache-miss
3525 http fetch GET 200 https://registry.npmjs.org/encoding 67ms (cache miss)
3526 silly packumentCache full:https://registry.npmjs.org/encoding set size:undefined disposed:false
3527 silly placeDep ROOT node-fetch@2.7.0 OK for: cross-fetch@3.2.0 want: ^2.7.0
3528 silly fetch manifest whatwg-url@^5.0.0
3529 silly packumentCache full:https://registry.npmjs.org/whatwg-url cache-miss
3530 http fetch GET 200 https://registry.npmjs.org/whatwg-url 84ms (cache miss)
3531 silly packumentCache full:https://registry.npmjs.org/whatwg-url set size:undefined disposed:false
3532 silly placeDep ROOT css-in-js-utils@3.1.0 OK for: inline-style-prefixer@7.0.1 want: ^3.1.0
3533 silly fetch manifest hyphenate-style-name@^1.0.3
3534 silly packumentCache full:https://registry.npmjs.org/hyphenate-style-name cache-miss
3535 http fetch GET 200 https://registry.npmjs.org/hyphenate-style-name 70ms (cache miss)
3536 silly packumentCache full:https://registry.npmjs.org/hyphenate-style-name set size:undefined disposed:false
3537 silly placeDep ROOT hyphenate-style-name@1.1.0 OK for: css-in-js-utils@3.1.0 want: ^1.0.3
3538 silly placeDep ROOT whatwg-url@5.0.0 OK for: node-fetch@2.7.0 want: ^5.0.0
3539 silly fetch manifest tr46@~0.0.3
3540 silly packumentCache full:https://registry.npmjs.org/tr46 cache-miss
3541 silly fetch manifest webidl-conversions@^3.0.0
3542 silly packumentCache full:https://registry.npmjs.org/webidl-conversions cache-miss
3543 http fetch GET 200 https://registry.npmjs.org/tr46 85ms (cache miss)
3544 silly packumentCache full:https://registry.npmjs.org/tr46 set size:undefined disposed:false
3545 http fetch GET 200 https://registry.npmjs.org/webidl-conversions 428ms (cache miss)
3546 silly packumentCache full:https://registry.npmjs.org/webidl-conversions set size:undefined disposed:false
3547 silly placeDep ROOT @babel/plugin-transform-arrow-functions@7.29.7 OK for: react-native-worklets@0.10.1 want: ^7.27.1
3548 silly placeDep ROOT @babel/plugin-transform-shorthand-properties@7.29.7 OK for: react-native-worklets@0.10.1 want: ^7.27.1
3549 silly placeDep ROOT @babel/plugin-transform-template-literals@7.29.7 OK for: react-native-worklets@0.10.1 want: ^7.27.1
3550 silly placeDep ROOT indent-string@4.0.0 OK for: redent@3.0.0 want: ^4.0.0
3551 silly placeDep ROOT strip-indent@3.0.0 OK for: redent@3.0.0 want: ^3.0.0
3552 silly fetch manifest min-indent@^1.0.0
3553 silly packumentCache full:https://registry.npmjs.org/min-indent cache-miss
3554 http fetch GET 200 https://registry.npmjs.org/min-indent 214ms (cache miss)
3555 silly packumentCache full:https://registry.npmjs.org/min-indent set size:undefined disposed:false
3556 silly placeDep ROOT regenerate@1.4.2 OK for: regexpu-core@6.4.0 want: ^1.4.2
3557 silly placeDep ROOT regenerate-unicode-properties@10.2.2 OK for: regexpu-core@6.4.0 want: ^10.2.2
3558 silly placeDep ROOT regjsgen@0.8.0 OK for: regexpu-core@6.4.0 want: ^0.8.0
3559 silly placeDep ROOT regjsparser@0.13.2 OK for: regexpu-core@6.4.0 want: ^0.13.0
3560 silly placeDep ROOT unicode-match-property-ecmascript@2.0.0 OK for: regexpu-core@6.4.0 want: ^2.0.0
3561 silly placeDep ROOT unicode-match-property-value-ecmascript@2.2.1 OK for: regexpu-core@6.4.0 want: ^2.2.1
3562 silly fetch manifest unicode-canonical-property-names-ecmascript@^2.0.0
3563 silly packumentCache full:https://registry.npmjs.org/unicode-canonical-property-names-ecmascript cache-miss
3564 silly fetch manifest unicode-property-aliases-ecmascript@^2.0.0
3565 silly packumentCache full:https://registry.npmjs.org/unicode-property-aliases-ecmascript cache-miss
3566 http fetch GET 200 https://registry.npmjs.org/unicode-property-aliases-ecmascript 71ms (cache miss)
3567 silly packumentCache full:https://registry.npmjs.org/unicode-property-aliases-ecmascript set size:undefined disposed:false
3568 http fetch GET 200 https://registry.npmjs.org/unicode-canonical-property-names-ecmascript 173ms (cache miss)
3569 silly packumentCache full:https://registry.npmjs.org/unicode-canonical-property-names-ecmascript set size:undefined disposed:false
3570 silly placeDep ROOT is-core-module@2.16.2 OK for: resolve@1.22.12 want: ^2.16.1
3571 silly placeDep ROOT path-parse@1.0.7 OK for: resolve@1.22.12 want: ^1.0.7
3572 silly placeDep ROOT supports-preserve-symlinks-flag@1.0.0 OK for: resolve@1.22.12 want: ^1.0.0
3573 silly placeDep node_modules/serve-static encodeurl@2.0.0 OK for: serve-static@1.16.3 want: ~2.0.0
3574 silly placeDep ROOT send@0.19.2 OK for: serve-static@1.16.3 want: ~0.19.1
3575 silly fetch manifest depd@2.0.0
3576 silly packumentCache full:https://registry.npmjs.org/depd cache-miss
3577 silly fetch manifest etag@~1.8.1
3578 silly packumentCache full:https://registry.npmjs.org/etag cache-miss
3579 silly fetch manifest mime@1.6.0
3580 silly packumentCache full:https://registry.npmjs.org/mime cache-miss
3581 silly fetch manifest fresh@~0.5.2
3582 silly packumentCache full:https://registry.npmjs.org/fresh cache-miss
3583 silly fetch manifest destroy@1.2.0
3584 silly packumentCache full:https://registry.npmjs.org/destroy cache-miss
3585 silly fetch manifest statuses@~2.0.2
3586 silly packumentCache full:https://registry.npmjs.org/statuses cache-miss
3587 silly fetch manifest http-errors@~2.0.1
3588 silly packumentCache full:https://registry.npmjs.org/http-errors cache-miss
3589 http cache https://registry.npmjs.org/statuses 38ms (cache hit)
3590 silly packumentCache full:https://registry.npmjs.org/statuses set size:37117 disposed:false
3591 silly fetch manifest on-finished@~2.4.1
3592 silly packumentCache full:https://registry.npmjs.org/on-finished cache-miss
3593 http cache https://registry.npmjs.org/on-finished 6ms (cache hit)
3594 silly packumentCache full:https://registry.npmjs.org/on-finished set size:23212 disposed:false
3595 silly fetch manifest range-parser@~1.2.1
3596 silly packumentCache full:https://registry.npmjs.org/range-parser cache-miss
3597 http fetch GET 200 https://registry.npmjs.org/depd 123ms (cache miss)
3598 silly packumentCache full:https://registry.npmjs.org/depd set size:undefined disposed:false
3599 http fetch GET 200 https://registry.npmjs.org/destroy 132ms (cache miss)
3600 silly packumentCache full:https://registry.npmjs.org/destroy set size:undefined disposed:false
3601 http fetch GET 200 https://registry.npmjs.org/etag 141ms (cache miss)
3602 silly packumentCache full:https://registry.npmjs.org/etag set size:undefined disposed:false
3603 http fetch GET 200 https://registry.npmjs.org/fresh 147ms (cache miss)
3604 silly packumentCache full:https://registry.npmjs.org/fresh set size:undefined disposed:false
3605 http fetch GET 200 https://registry.npmjs.org/http-errors 139ms (cache miss)
3606 silly packumentCache full:https://registry.npmjs.org/http-errors set size:undefined disposed:false
3607 http fetch GET 200 https://registry.npmjs.org/mime 161ms (cache miss)
3608 silly packumentCache full:https://registry.npmjs.org/mime set size:undefined disposed:false
3609 http fetch GET 200 https://registry.npmjs.org/range-parser 111ms (cache miss)
3610 silly packumentCache full:https://registry.npmjs.org/range-parser set size:undefined disposed:false
3611 silly placeDep node_modules/send debug@2.6.9 OK for: send@0.19.2 want: 2.6.9
3612 silly placeDep ROOT depd@2.0.0 OK for: send@0.19.2 want: 2.0.0
3613 silly placeDep ROOT destroy@1.2.0 OK for: send@0.19.2 want: 1.2.0
3614 silly placeDep node_modules/send encodeurl@2.0.0 OK for: send@0.19.2 want: ~2.0.0
3615 silly placeDep ROOT etag@1.8.1 OK for: send@0.19.2 want: ~1.8.1
3616 silly placeDep ROOT fresh@0.5.2 OK for: send@0.19.2 want: ~0.5.2
3617 silly placeDep ROOT http-errors@2.0.1 OK for: send@0.19.2 want: ~2.0.1
3618 silly placeDep ROOT mime@1.6.0 OK for: send@0.19.2 want: 1.6.0
3619 silly placeDep node_modules/send on-finished@2.4.1 OK for: send@0.19.2 want: ~2.4.1
3620 silly placeDep ROOT range-parser@1.2.1 OK for: send@0.19.2 want: ~1.2.1
3621 silly placeDep node_modules/send statuses@2.0.2 OK for: send@0.19.2 want: ~2.0.2
3622 silly fetch manifest setprototypeof@~1.2.0
3623 silly packumentCache full:https://registry.npmjs.org/setprototypeof cache-miss
3624 silly fetch manifest toidentifier@~1.0.1
3625 silly packumentCache full:https://registry.npmjs.org/toidentifier cache-miss
3626 http fetch GET 200 https://registry.npmjs.org/setprototypeof 82ms (cache miss)
3627 silly packumentCache full:https://registry.npmjs.org/setprototypeof set size:undefined disposed:false
3628 http fetch GET 200 https://registry.npmjs.org/toidentifier 83ms (cache miss)
3629 silly packumentCache full:https://registry.npmjs.org/toidentifier set size:undefined disposed:false
3630 silly placeDep ROOT setprototypeof@1.2.0 OK for: http-errors@2.0.1 want: ~1.2.0
3631 silly placeDep node_modules/http-errors statuses@2.0.2 OK for: http-errors@2.0.1 want: ~2.0.2
3632 silly placeDep ROOT toidentifier@1.0.1 OK for: http-errors@2.0.1 want: ~1.0.1
3633 silly placeDep ROOT shebang-regex@3.0.0 OK for: shebang-command@2.0.0 want: ^3.0.0
3634 silly placeDep ROOT is-arrayish@0.3.4 OK for: simple-swizzle@0.2.4 want: ^0.3.1
3635 silly placeDep ROOT type-fest@0.7.1 OK for: stacktrace-parser@0.1.11 want: ^0.7.1
3636 silly placeDep ROOT min-indent@1.0.1 OK for: strip-indent@3.0.0 want: ^1.0.0
3637 silly placeDep ROOT has-flag@4.0.0 OK for: supports-color@7.2.0 want: ^4.0.0
3638 silly placeDep ROOT @jridgewell/source-map@0.3.11 OK for: terser@5.50.0 want: ^0.3.3
3639 silly placeDep ROOT acorn@8.18.0 OK for: terser@5.50.0 want: ^8.15.0
3640 silly placeDep node_modules/terser commander@2.20.3 OK for: terser@5.50.0 want: ^2.20.0
3641 silly placeDep ROOT source-map-support@0.5.21 OK for: terser@5.50.0 want: ~0.5.20
3642 silly fetch manifest buffer-from@^1.0.0
3643 silly packumentCache full:https://registry.npmjs.org/buffer-from cache-miss
3644 silly fetch manifest source-map@^0.6.0
3645 silly packumentCache full:https://registry.npmjs.org/source-map cache-hit
3646 http fetch GET 200 https://registry.npmjs.org/buffer-from 72ms (cache miss)
3647 silly packumentCache full:https://registry.npmjs.org/buffer-from set size:undefined disposed:false
3648 silly placeDep ROOT buffer-from@1.1.2 OK for: source-map-support@0.5.21 want: ^1.0.0
3649 silly placeDep node_modules/source-map-support source-map@0.6.1 OK for: source-map-support@0.5.21 want: ^0.6.0
3650 silly placeDep ROOT fdir@6.5.0 OK for: tinyglobby@0.2.17 want: ^6.5.0
3651 silly placeDep ROOT is-number@7.0.0 OK for: to-regex-range@5.0.1 want: ^7.0.0
3652 silly placeDep ROOT unicode-canonical-property-names-ecmascript@2.0.1 OK for: unicode-match-property-ecmascript@2.0.0 want: ^2.0.0
3653 silly placeDep ROOT unicode-property-aliases-ecmascript@2.2.0 OK for: unicode-match-property-ecmascript@2.0.0 want: ^2.0.0
3654 silly placeDep ROOT escalade@3.2.0 OK for: update-browserslist-db@1.3.1 want: ^3.2.0
3655 silly fetch manifest react@^16.8 || ^17.0 || ^18.0 || ^19.0.0 || ^19.0.0-rc
3656 silly packumentCache full:https://registry.npmjs.org/react cache-miss
3657 http cache https://registry.npmjs.org/react 74ms (cache hit)
3658 silly packumentCache full:https://registry.npmjs.org/react set size:6888185 disposed:false
3659 silly fetch manifest react-dom@^16.8 || ^17.0 || ^18.0 || ^19.0.0 || ^19.0.0-rc
3660 silly packumentCache full:https://registry.npmjs.org/react-dom cache-miss
3661 http cache https://registry.npmjs.org/react-dom 116ms (cache hit)
3662 silly packumentCache full:https://registry.npmjs.org/react-dom set size:9252416 disposed:false
3663 silly placeDep ROOT @radix-ui/react-dialog@1.1.23 OK for: vaul@1.1.2 want: ^1.1.1
3664 silly fetch manifest aria-hidden@^1.2.4
3665 silly packumentCache full:https://registry.npmjs.org/aria-hidden cache-miss
3666 silly fetch manifest react-remove-scroll@^2.7.2
3667 silly packumentCache full:https://registry.npmjs.org/react-remove-scroll cache-miss
3668 silly fetch manifest @radix-ui/react-portal@1.1.17
3669 silly packumentCache full:https://registry.npmjs.org/@radix-ui%2freact-portal cache-miss
3670 silly fetch manifest @radix-ui/react-focus-scope@1.1.16
3671 silly packumentCache full:https://registry.npmjs.org/@radix-ui%2freact-focus-scope cache-miss
3672 silly fetch manifest @radix-ui/react-focus-guards@1.1.6
3673 silly packumentCache full:https://registry.npmjs.org/@radix-ui%2freact-focus-guards cache-miss
3674 silly fetch manifest @radix-ui/react-dismissable-layer@1.1.19
3675 silly packumentCache full:https://registry.npmjs.org/@radix-ui%2freact-dismissable-layer cache-miss
3676 http fetch GET 200 https://registry.npmjs.org/aria-hidden 179ms (cache miss)
3677 silly packumentCache full:https://registry.npmjs.org/aria-hidden set size:undefined disposed:false
3678 http fetch GET 200 https://registry.npmjs.org/react-remove-scroll 207ms (cache miss)
3679 silly packumentCache full:https://registry.npmjs.org/react-remove-scroll set size:undefined disposed:false
3680 http fetch GET 200 https://registry.npmjs.org/@radix-ui%2freact-focus-guards 234ms (cache miss)
3681 silly packumentCache full:https://registry.npmjs.org/@radix-ui%2freact-focus-guards set size:undefined disposed:false
3682 http fetch GET 200 https://registry.npmjs.org/@radix-ui%2freact-portal 283ms (cache miss)
3683 silly packumentCache full:https://registry.npmjs.org/@radix-ui%2freact-portal set size:undefined disposed:false
3684 http fetch GET 200 https://registry.npmjs.org/@radix-ui%2freact-focus-scope 307ms (cache miss)
3685 silly packumentCache full:https://registry.npmjs.org/@radix-ui%2freact-focus-scope set size:undefined disposed:false
3686 http fetch GET 200 https://registry.npmjs.org/@radix-ui%2freact-dismissable-layer 333ms (cache miss)
3687 silly packumentCache full:https://registry.npmjs.org/@radix-ui%2freact-dismissable-layer set size:undefined disposed:false
3688 silly placeDep ROOT @radix-ui/react-dismissable-layer@1.1.19 OK for: @radix-ui/react-dialog@1.1.23 want: 1.1.19
3689 silly placeDep ROOT @radix-ui/react-focus-guards@1.1.6 OK for: @radix-ui/react-dialog@1.1.23 want: 1.1.6
3690 silly placeDep ROOT @radix-ui/react-focus-scope@1.1.16 OK for: @radix-ui/react-dialog@1.1.23 want: 1.1.16
3691 silly placeDep ROOT @radix-ui/react-portal@1.1.17 OK for: @radix-ui/react-dialog@1.1.23 want: 1.1.17
3692 silly placeDep ROOT aria-hidden@1.2.6 OK for: @radix-ui/react-dialog@1.1.23 want: ^1.2.4
3693 silly placeDep ROOT react-remove-scroll@2.7.2 OK for: @radix-ui/react-dialog@1.1.23 want: ^2.7.2
3694 silly fetch manifest tslib@^2.0.0
3695 silly packumentCache full:https://registry.npmjs.org/tslib cache-miss
3696 silly fetch manifest react-remove-scroll-bar@^2.3.7
3697 silly packumentCache full:https://registry.npmjs.org/react-remove-scroll-bar cache-miss
3698 silly fetch manifest react-style-singleton@^2.2.3
3699 silly packumentCache full:https://registry.npmjs.org/react-style-singleton cache-miss
3700 silly fetch manifest tslib@^2.1.0
3701 silly packumentCache full:https://registry.npmjs.org/tslib cache-miss
3702 silly fetch manifest use-callback-ref@^1.3.3
3703 silly packumentCache full:https://registry.npmjs.org/use-callback-ref cache-miss
3704 silly fetch manifest use-sidecar@^1.1.3
3705 silly packumentCache full:https://registry.npmjs.org/use-sidecar cache-miss
3706 http fetch GET 200 https://registry.npmjs.org/react-style-singleton 124ms (cache miss)
3707 silly packumentCache full:https://registry.npmjs.org/react-style-singleton set size:undefined disposed:false
3708 http fetch GET 200 https://registry.npmjs.org/use-callback-ref 127ms (cache miss)
3709 silly packumentCache full:https://registry.npmjs.org/use-callback-ref set size:undefined disposed:false
3710 http fetch GET 200 https://registry.npmjs.org/use-sidecar 130ms (cache miss)
3711 silly packumentCache full:https://registry.npmjs.org/use-sidecar set size:undefined disposed:false
3712 http fetch GET 200 https://registry.npmjs.org/tslib 141ms (cache miss)
3713 silly packumentCache full:https://registry.npmjs.org/tslib set size:undefined disposed:false
3714 http fetch GET 200 https://registry.npmjs.org/tslib 154ms (cache miss)
3715 silly packumentCache full:https://registry.npmjs.org/tslib set size:undefined disposed:false
3716 http fetch GET 200 https://registry.npmjs.org/react-remove-scroll-bar 157ms (cache miss)
3717 silly packumentCache full:https://registry.npmjs.org/react-remove-scroll-bar set size:undefined disposed:false
3718 silly placeDep ROOT tslib@2.8.1 OK for: aria-hidden@1.2.6 want: ^2.0.0
3719 silly fetch manifest react@^16.8.0 || ^17.0.0 || ^18.0.0 || ^19.0.0 || ^19.0.0-rc
3720 silly packumentCache full:https://registry.npmjs.org/react cache-miss
3721 http cache https://registry.npmjs.org/react 75ms (cache hit)
3722 silly packumentCache full:https://registry.npmjs.org/react set size:6888185 disposed:false
3723 silly placeDep ROOT react-remove-scroll-bar@2.3.8 OK for: react-remove-scroll@2.7.2 want: ^2.3.7
3724 silly placeDep ROOT react-style-singleton@2.2.3 OK for: react-remove-scroll@2.7.2 want: ^2.2.3
3725 silly placeDep ROOT use-callback-ref@1.3.3 OK for: react-remove-scroll@2.7.2 want: ^1.3.3
3726 silly placeDep ROOT use-sidecar@1.1.3 OK for: react-remove-scroll@2.7.2 want: ^1.1.3
3727 silly fetch manifest react-style-singleton@^2.2.2
3728 silly packumentCache full:https://registry.npmjs.org/react-style-singleton cache-miss
3729 silly fetch manifest get-nonce@^1.0.0
3730 silly packumentCache full:https://registry.npmjs.org/get-nonce cache-miss
3731 silly fetch manifest detect-node-es@^1.1.0
3732 silly packumentCache full:https://registry.npmjs.org/detect-node-es cache-miss
3733 http cache https://registry.npmjs.org/react-style-singleton 16ms (cache hit)
3734 silly packumentCache full:https://registry.npmjs.org/react-style-singleton set size:33682 disposed:false
3735 http fetch GET 200 https://registry.npmjs.org/detect-node-es 73ms (cache miss)
3736 silly packumentCache full:https://registry.npmjs.org/detect-node-es set size:undefined disposed:false
3737 http fetch GET 200 https://registry.npmjs.org/get-nonce 77ms (cache miss)
3738 silly packumentCache full:https://registry.npmjs.org/get-nonce set size:undefined disposed:false
3739 silly placeDep ROOT get-nonce@1.0.1 OK for: react-style-singleton@2.2.3 want: ^1.0.0
3740 silly placeDep ROOT detect-node-es@1.1.0 OK for: use-sidecar@1.1.3 want: ^1.1.0
3741 silly placeDep ROOT makeerror@1.0.12 OK for: walker@1.0.8 want: 1.0.12
3742 silly fetch manifest tmpl@1.0.5
3743 silly packumentCache full:https://registry.npmjs.org/tmpl cache-miss
3744 http fetch GET 200 https://registry.npmjs.org/tmpl 64ms (cache miss)
3745 silly packumentCache full:https://registry.npmjs.org/tmpl set size:undefined disposed:false
3746 silly placeDep ROOT tmpl@1.0.5 OK for: makeerror@1.0.12 want: 1.0.5
3747 silly placeDep ROOT tr46@0.0.3 OK for: whatwg-url@5.0.0 want: ~0.0.3
3748 silly placeDep ROOT webidl-conversions@3.0.1 OK for: whatwg-url@5.0.0 want: ^3.0.0
3749 silly placeDep ROOT isexe@2.0.0 OK for: which@2.0.2 want: ^2.0.0
3750 silly placeDep ROOT simple-plist@1.3.1 OK for: xcode@3.0.1 want: ^1.1.0
3751 silly placeDep ROOT uuid@7.0.3 OK for: xcode@3.0.1 want: ^7.0.3
3752 silly fetch manifest bplist-parser@0.3.1
3753 silly packumentCache full:https://registry.npmjs.org/bplist-parser cache-miss
3754 silly fetch manifest plist@^3.0.5
3755 silly packumentCache full:https://registry.npmjs.org/plist cache-miss
3756 http cache https://registry.npmjs.org/bplist-parser 11ms (cache hit)
3757 silly packumentCache full:https://registry.npmjs.org/bplist-parser set size:21877 disposed:false
3758 http fetch GET 200 https://registry.npmjs.org/plist 77ms (cache miss)
3759 silly packumentCache full:https://registry.npmjs.org/plist set size:undefined disposed:false
3760 silly placeDep ROOT bplist-creator@0.1.0 OK for: simple-plist@1.3.1 want: 0.1.0
3761 silly placeDep ROOT bplist-parser@0.3.1 OK for: simple-plist@1.3.1 want: 0.3.1
3762 silly placeDep ROOT plist@3.1.1 OK for: simple-plist@1.3.1 want: ^3.0.5
3763 silly fetch manifest stream-buffers@2.2.x
3764 silly packumentCache full:https://registry.npmjs.org/stream-buffers cache-miss
3765 silly fetch manifest big-integer@1.6.x
3766 silly packumentCache full:https://registry.npmjs.org/big-integer cache-miss
3767 silly fetch manifest @xmldom/xmldom@^0.9.10
3768 silly packumentCache full:https://registry.npmjs.org/@xmldom%2fxmldom cache-miss
3769 http cache https://registry.npmjs.org/@xmldom%2fxmldom 14ms (cache hit)
3770 silly packumentCache full:https://registry.npmjs.org/@xmldom%2fxmldom set size:172247 disposed:false
3771 http fetch GET 200 https://registry.npmjs.org/stream-buffers 80ms (cache miss)
3772 silly packumentCache full:https://registry.npmjs.org/stream-buffers set size:undefined disposed:false
3773 http fetch GET 200 https://registry.npmjs.org/big-integer 102ms (cache miss)
3774 silly packumentCache full:https://registry.npmjs.org/big-integer set size:undefined disposed:false
3775 silly placeDep ROOT stream-buffers@2.2.0 OK for: bplist-creator@0.1.0 want: 2.2.x
3776 silly placeDep ROOT big-integer@1.6.52 OK for: bplist-parser@0.3.1 want: 1.6.x
3777 silly placeDep node_modules/plist @xmldom/xmldom@0.9.11 OK for: plist@3.1.1 want: ^0.9.10
3778 silly placeDep ROOT sax@1.6.1 OK for: xml2js@0.6.0 want: >=0.6.0
3779 silly placeDep node_modules/xml2js xmlbuilder@11.0.1 OK for: xml2js@0.6.0 want: ~11.0.0
3780 silly placeDep ROOT cliui@8.0.1 OK for: yargs@17.7.3 want: ^8.0.1
3781 silly placeDep ROOT get-caller-file@2.0.5 OK for: yargs@17.7.3 want: ^2.0.5
3782 silly placeDep ROOT require-directory@2.1.1 OK for: yargs@17.7.3 want: ^2.1.1
3783 silly placeDep ROOT string-width@4.2.3 OK for: yargs@17.7.3 want: ^4.2.3
3784 silly placeDep ROOT y18n@5.0.8 OK for: yargs@17.7.3 want: ^5.0.5
3785 silly placeDep ROOT yargs-parser@21.1.1 OK for: yargs@17.7.3 want: ^21.1.1
3786 silly fetch manifest strip-ansi@^6.0.1
3787 silly packumentCache full:https://registry.npmjs.org/strip-ansi cache-miss
3788 silly fetch manifest string-width@^4.2.0
3789 silly packumentCache full:https://registry.npmjs.org/string-width cache-miss
3790 silly fetch manifest strip-ansi@^6.0.1
3791 silly packumentCache full:https://registry.npmjs.org/strip-ansi cache-miss
3792 silly fetch manifest emoji-regex@^8.0.0
3793 silly packumentCache full:https://registry.npmjs.org/emoji-regex cache-miss
3794 silly fetch manifest is-fullwidth-code-point@^3.0.0
3795 silly packumentCache full:https://registry.npmjs.org/is-fullwidth-code-point cache-miss
3796 http cache https://registry.npmjs.org/string-width 29ms (cache hit)
3797 silly packumentCache full:https://registry.npmjs.org/string-width set size:72458 disposed:false
3798 http fetch GET 200 https://registry.npmjs.org/is-fullwidth-code-point 115ms (cache miss)
3799 silly packumentCache full:https://registry.npmjs.org/is-fullwidth-code-point set size:undefined disposed:false
3800 http fetch GET 200 https://registry.npmjs.org/strip-ansi 122ms (cache miss)
3801 silly packumentCache full:https://registry.npmjs.org/strip-ansi set size:undefined disposed:false
3802 http fetch GET 200 https://registry.npmjs.org/strip-ansi 124ms (cache miss)
3803 silly packumentCache full:https://registry.npmjs.org/strip-ansi set size:undefined disposed:false
3804 http fetch GET 200 https://registry.npmjs.org/emoji-regex 127ms (cache miss)
3805 silly packumentCache full:https://registry.npmjs.org/emoji-regex set size:undefined disposed:false
3806 silly placeDep ROOT strip-ansi@6.0.1 OK for: cliui@8.0.1 want: ^6.0.1
3807 silly placeDep ROOT wrap-ansi@7.0.0 OK for: cliui@8.0.1 want: ^7.0.0
3808 silly placeDep ROOT emoji-regex@8.0.0 OK for: string-width@4.2.3 want: ^8.0.0
3809 silly placeDep ROOT is-fullwidth-code-point@3.0.0 OK for: string-width@4.2.3 want: ^3.0.0
3810 silly placeDep node_modules/@react-native/babel-preset hermes-parser@0.36.0 OK for: babel-plugin-syntax-hermes-parser@0.36.0 want: 0.36.0
3811 silly placeDep node_modules/@react-native/babel-preset hermes-estree@0.36.0 OK for: hermes-parser@0.36.0 want: 0.36.0
3812 silly placeDep node_modules/@react-native/codegen hermes-estree@0.36.0 OK for: hermes-parser@0.36.0 want: 0.36.0
3813 silly placeDep node_modules/@react-native/metro-babel-transformer hermes-estree@0.36.0 OK for: hermes-parser@0.36.0 want: 0.36.0
3814 silly placeDep node_modules/@testing-library/dom ansi-styles@5.2.0 OK for: pretty-format@27.5.1 want: ^5.0.0
3815 silly placeDep node_modules/@testing-library/dom react-is@17.0.2 OK for: pretty-format@27.5.1 want: ^17.0.1
3816 silly placeDep node_modules/accepts mime-db@1.54.0 OK for: mime-types@3.0.2 want: ^1.54.0
3817 silly placeDep node_modules/connect ms@2.0.0 OK for: debug@2.6.9 want: 2.0.0
3818 silly fetch manifest utf-8-validate@>=5.0.2
3819 silly packumentCache full:https://registry.npmjs.org/utf-8-validate cache-miss
3820 http cache https://registry.npmjs.org/utf-8-validate 19ms (cache hit)
3821 silly packumentCache full:https://registry.npmjs.org/utf-8-validate set size:77012 disposed:false
3822 silly fetch manifest @expo/metro-runtime@^57.0.8
3823 silly packumentCache full:https://registry.npmjs.org/@expo%2fmetro-runtime cache-hit
3824 silly fetch manifest expo-constants@^57.0.9
3825 silly packumentCache full:https://registry.npmjs.org/expo-constants cache-miss
3826 http cache https://registry.npmjs.org/expo-constants 25ms (cache hit)
3827 silly packumentCache full:https://registry.npmjs.org/expo-constants set size:1182005 disposed:false
3828 silly fetch manifest expo-font@^57.0.1
3829 silly packumentCache full:https://registry.npmjs.org/expo-font cache-miss
3830 http cache https://registry.npmjs.org/expo-font 21ms (cache hit)
3831 silly packumentCache full:https://registry.npmjs.org/expo-font set size:988126 disposed:false
3832 silly placeDep ROOT @expo/code-signing-certificates@0.0.6 OK for: @expo/cli@57.0.14 want: ^0.0.6
3833 silly placeDep ROOT @expo/devcert@1.2.1 OK for: @expo/cli@57.0.14 want: ^1.2.1
3834 silly placeDep ROOT @expo/inline-modules@0.1.5 OK for: @expo/cli@57.0.14 want: ^0.1.5
3835 silly placeDep ROOT @expo/metro-file-map@57.0.1 OK for: @expo/cli@57.0.14 want: ^57.0.1
3836 silly placeDep ROOT @expo/osascript@2.7.1 OK for: @expo/cli@57.0.14 want: ^2.7.1
3837 silly placeDep ROOT @expo/package-manager@1.13.1 OK for: @expo/cli@57.0.14 want: ^1.13.1
3838 silly placeDep ROOT @expo/prebuild-config@57.0.11 OK for: @expo/cli@57.0.14 want: ^57.0.11
3839 silly placeDep node_modules/expo/node_modules/@expo/cli @expo/router-server@57.0.5 CONFLICT for: @expo/cli@57.0.14 want: ^57.0.5
3840 silly placeDep node_modules/expo @expo/ws-tunnel@2.0.0 OK for: @expo/cli@57.0.14 want: ^2.0.0
3841 silly placeDep node_modules/expo ws@8.21.3 OK for: @expo/ws-tunnel@2.0.0 want: ^8.0.0
3842 silly placeDep ROOT @expo/xcpretty@4.4.4 OK for: @expo/cli@57.0.14 want: ^4.4.4
3843 silly placeDep node_modules/expo accepts@1.3.8 OK for: @expo/cli@57.0.14 want: ^1.3.8
3844 silly placeDep ROOT agent-cli-detector@0.1.5 OK for: @expo/cli@57.0.14 want: ^0.1.2
3845 silly placeDep node_modules/expo ci-info@3.9.0 OK for: @expo/cli@57.0.14 want: ^3.3.0
3846 silly placeDep ROOT compression@1.8.1 OK for: @expo/cli@57.0.14 want: ^1.7.4
3847 silly placeDep ROOT dnssd-advertise@1.1.6 OK for: @expo/cli@57.0.14 want: ^1.1.4
3848 silly placeDep ROOT fetch-nodeshim@0.4.10 OK for: @expo/cli@57.0.14 want: ^0.4.10
3849 silly placeDep ROOT lan-network@0.2.1 OK for: @expo/cli@57.0.14 want: ^0.2.1
3850 silly placeDep ROOT multitars@1.0.2 OK for: @expo/cli@57.0.14 want: ^1.0.0
3851 silly placeDep ROOT node-forge@1.4.0 OK for: @expo/cli@57.0.14 want: ^1.3.3
3852 silly placeDep ROOT npm-package-arg@11.0.3 OK for: @expo/cli@57.0.14 want: ^11.0.0
3853 silly placeDep ROOT ora@3.4.0 OK for: @expo/cli@57.0.14 want: ^3.4.0
3854 silly placeDep ROOT progress@2.0.3 OK for: @expo/cli@57.0.14 want: ^2.0.3
3855 silly placeDep ROOT prompts@2.4.2 OK for: @expo/cli@57.0.14 want: ^2.3.2
3856 silly placeDep ROOT structured-headers@0.4.1 OK for: @expo/cli@57.0.14 want: ^0.4.1
3857 silly placeDep ROOT terminal-link@2.1.1 OK for: @expo/cli@57.0.14 want: ^2.1.1
3858 silly placeDep ROOT toqr@0.1.1 OK for: @expo/cli@57.0.14 want: ^0.1.1
3859 silly placeDep node_modules/expo zod@3.25.76 OK for: @expo/cli@57.0.14 want: ^3.25.76
3860 silly fetch manifest debug@^3.1.0
3861 silly packumentCache full:https://registry.npmjs.org/debug cache-hit
3862 silly fetch manifest @expo/sudo-prompt@^9.3.1
3863 silly packumentCache full:https://registry.npmjs.org/@expo%2fsudo-prompt cache-miss
3864 silly fetch manifest js-yaml@^4.1.0
3865 silly packumentCache full:https://registry.npmjs.org/js-yaml cache-miss
3866 silly fetch manifest negotiator@0.6.3
3867 silly packumentCache full:https://registry.npmjs.org/negotiator cache-miss
3868 silly fetch manifest vary@~1.1.2
3869 silly packumentCache full:https://registry.npmjs.org/vary cache-miss
3870 silly fetch manifest bytes@3.1.2
3871 silly packumentCache full:https://registry.npmjs.org/bytes cache-miss
3872 silly fetch manifest negotiator@~0.6.4
3873 silly packumentCache full:https://registry.npmjs.org/negotiator cache-miss
3874 silly fetch manifest on-headers@~1.1.0
3875 silly packumentCache full:https://registry.npmjs.org/on-headers cache-miss
3876 http cache https://registry.npmjs.org/negotiator 58ms (cache hit)
3877 silly packumentCache full:https://registry.npmjs.org/negotiator set size:48046 disposed:false
3878 silly fetch manifest safe-buffer@5.2.1
3879 silly packumentCache full:https://registry.npmjs.org/safe-buffer cache-miss
3880 http cache https://registry.npmjs.org/negotiator 59ms (cache hit)
3881 silly packumentCache full:https://registry.npmjs.org/negotiator set size:48046 disposed:false
3882 silly packumentCache full:https://registry.npmjs.org/negotiator dispose
3883 silly fetch manifest compressible@~2.0.18
3884 silly packumentCache full:https://registry.npmjs.org/compressible cache-miss
3885 http fetch GET 200 https://registry.npmjs.org/vary 125ms (cache miss)
3886 silly packumentCache full:https://registry.npmjs.org/vary set size:undefined disposed:false
3887 silly fetch manifest proc-log@^4.0.0
3888 silly packumentCache full:https://registry.npmjs.org/proc-log cache-miss
3889 http fetch GET 200 https://registry.npmjs.org/@expo%2fsudo-prompt 147ms (cache miss)
3890 silly packumentCache full:https://registry.npmjs.org/@expo%2fsudo-prompt set size:undefined disposed:false
3891 silly fetch manifest hosted-git-info@^7.0.0
3892 silly packumentCache full:https://registry.npmjs.org/hosted-git-info cache-miss
3893 http fetch GET 200 https://registry.npmjs.org/bytes 144ms (cache miss)
3894 silly packumentCache full:https://registry.npmjs.org/bytes set size:undefined disposed:false
3895 silly fetch manifest validate-npm-package-name@^5.0.0
3896 silly packumentCache full:https://registry.npmjs.org/validate-npm-package-name cache-miss
3897 http fetch GET 200 https://registry.npmjs.org/on-headers 146ms (cache miss)
3898 silly packumentCache full:https://registry.npmjs.org/on-headers set size:undefined disposed:false
3899 silly fetch manifest chalk@^2.4.2
3900 silly packumentCache full:https://registry.npmjs.org/chalk cache-hit
3901 silly fetch manifest wcwidth@^1.0.1
3902 silly packumentCache full:https://registry.npmjs.org/wcwidth cache-miss
3903 http fetch GET 200 https://registry.npmjs.org/safe-buffer 114ms (cache miss)
3904 silly packumentCache full:https://registry.npmjs.org/safe-buffer set size:undefined disposed:false
3905 silly fetch manifest cli-cursor@^2.1.0
3906 silly packumentCache full:https://registry.npmjs.org/cli-cursor cache-miss
3907 http fetch GET 200 https://registry.npmjs.org/js-yaml 186ms (cache miss)
3908 silly packumentCache full:https://registry.npmjs.org/js-yaml set size:undefined disposed:false
3909 silly fetch manifest strip-ansi@^5.2.0
3910 silly packumentCache full:https://registry.npmjs.org/strip-ansi cache-miss
3911 http fetch GET 200 https://registry.npmjs.org/compressible 136ms (cache miss)
3912 silly packumentCache full:https://registry.npmjs.org/compressible set size:undefined disposed:false
3913 silly fetch manifest log-symbols@^2.2.0
3914 silly packumentCache full:https://registry.npmjs.org/log-symbols cache-miss
3915 http cache https://registry.npmjs.org/strip-ansi 37ms (cache hit)
3916 silly packumentCache full:https://registry.npmjs.org/strip-ansi set size:44998 disposed:false
3917 silly fetch manifest cli-spinners@^2.0.0
3918 silly packumentCache full:https://registry.npmjs.org/cli-spinners cache-miss
3919 http fetch GET 200 https://registry.npmjs.org/proc-log 107ms (cache miss)
3920 silly packumentCache full:https://registry.npmjs.org/proc-log set size:undefined disposed:false
3921 silly fetch manifest kleur@^3.0.3
3922 silly packumentCache full:https://registry.npmjs.org/kleur cache-miss
3923 http fetch GET 200 https://registry.npmjs.org/validate-npm-package-name 105ms (cache miss)
3924 silly packumentCache full:https://registry.npmjs.org/validate-npm-package-name set size:undefined disposed:false
3925 silly fetch manifest sisteransi@^1.0.5
3926 silly packumentCache full:https://registry.npmjs.org/sisteransi cache-miss
3927 http fetch GET 200 https://registry.npmjs.org/hosted-git-info 136ms (cache miss)
3928 silly packumentCache full:https://registry.npmjs.org/hosted-git-info set size:undefined disposed:false
3929 silly fetch manifest ansi-escapes@^4.2.1
3930 silly packumentCache full:https://registry.npmjs.org/ansi-escapes cache-miss
3931 http fetch GET 200 https://registry.npmjs.org/cli-cursor 122ms (cache miss)
3932 silly packumentCache full:https://registry.npmjs.org/cli-cursor set size:undefined disposed:false
3933 silly fetch manifest supports-hyperlinks@^2.0.0
3934 silly packumentCache full:https://registry.npmjs.org/supports-hyperlinks cache-miss
3935 http fetch GET 200 https://registry.npmjs.org/log-symbols 118ms (cache miss)
3936 silly packumentCache full:https://registry.npmjs.org/log-symbols set size:undefined disposed:false
3937 http fetch GET 200 https://registry.npmjs.org/wcwidth 178ms (cache miss)
3938 silly packumentCache full:https://registry.npmjs.org/wcwidth set size:undefined disposed:false
3939 http fetch GET 200 https://registry.npmjs.org/kleur 101ms (cache miss)
3940 silly packumentCache full:https://registry.npmjs.org/kleur set size:undefined disposed:false
3941 http fetch GET 200 https://registry.npmjs.org/sisteransi 86ms (cache miss)
3942 silly packumentCache full:https://registry.npmjs.org/sisteransi set size:undefined disposed:false
3943 http fetch GET 200 https://registry.npmjs.org/cli-spinners 121ms (cache miss)
3944 silly packumentCache full:https://registry.npmjs.org/cli-spinners set size:undefined disposed:false
3945 http fetch GET 200 https://registry.npmjs.org/ansi-escapes 85ms (cache miss)
3946 silly packumentCache full:https://registry.npmjs.org/ansi-escapes set size:undefined disposed:false
3947 http fetch GET 200 https://registry.npmjs.org/supports-hyperlinks 81ms (cache miss)
3948 silly packumentCache full:https://registry.npmjs.org/supports-hyperlinks set size:undefined disposed:false
3949 silly placeDep ROOT @expo/sudo-prompt@9.3.2 OK for: @expo/devcert@1.2.1 want: ^9.3.1
3950 silly placeDep node_modules/@expo/devcert debug@3.2.7 OK for: @expo/devcert@1.2.1 want: ^3.1.0
3951 silly placeDep ROOT js-yaml@4.3.1 OK for: @expo/xcpretty@4.4.4 want: ^4.1.0
3952 silly fetch manifest argparse@^2.0.1
3953 silly packumentCache full:https://registry.npmjs.org/argparse cache-miss
3954 http fetch GET 200 https://registry.npmjs.org/argparse 81ms (cache miss)
3955 silly packumentCache full:https://registry.npmjs.org/argparse set size:undefined disposed:false
3956 silly placeDep ROOT bytes@3.1.2 OK for: compression@1.8.1 want: 3.1.2
3957 silly placeDep ROOT compressible@2.0.18 OK for: compression@1.8.1 want: ~2.0.18
3958 silly placeDep node_modules/compression debug@2.6.9 OK for: compression@1.8.1 want: 2.6.9
3959 silly placeDep node_modules/compression negotiator@0.6.4 OK for: compression@1.8.1 want: ~0.6.4
3960 silly placeDep ROOT on-headers@1.1.0 OK for: compression@1.8.1 want: ~1.1.0
3961 silly placeDep ROOT safe-buffer@5.2.1 OK for: compression@1.8.1 want: 5.2.1
3962 silly placeDep ROOT vary@1.1.2 OK for: compression@1.8.1 want: ~1.1.2
3963 silly placeDep ROOT argparse@2.0.1 OK for: js-yaml@4.3.1 want: ^2.0.1
3964 silly placeDep ROOT hosted-git-info@7.0.2 OK for: npm-package-arg@11.0.3 want: ^7.0.0
3965 silly placeDep ROOT proc-log@4.2.0 OK for: npm-package-arg@11.0.3 want: ^4.0.0
3966 silly placeDep ROOT validate-npm-package-name@5.0.1 OK for: npm-package-arg@11.0.3 want: ^5.0.0
3967 silly fetch manifest lru-cache@^10.0.1
3968 silly packumentCache full:https://registry.npmjs.org/lru-cache cache-hit
3969 silly placeDep node_modules/hosted-git-info lru-cache@10.4.3 OK for: hosted-git-info@7.0.2 want: ^10.0.1
3970 silly placeDep node_modules/ora chalk@2.4.2 OK for: ora@3.4.0 want: ^2.4.2
3971 silly placeDep ROOT cli-cursor@2.1.0 OK for: ora@3.4.0 want: ^2.1.0
3972 silly placeDep ROOT cli-spinners@2.9.2 OK for: ora@3.4.0 want: ^2.0.0
3973 silly placeDep ROOT log-symbols@2.2.0 OK for: ora@3.4.0 want: ^2.2.0
3974 silly placeDep node_modules/ora strip-ansi@5.2.0 OK for: ora@3.4.0 want: ^5.2.0
3975 silly placeDep ROOT wcwidth@1.0.1 OK for: ora@3.4.0 want: ^1.0.1
3976 silly fetch manifest ansi-styles@^3.2.1
3977 silly packumentCache full:https://registry.npmjs.org/ansi-styles cache-hit
3978 silly fetch manifest supports-color@^5.3.0
3979 silly packumentCache full:https://registry.npmjs.org/supports-color cache-hit
3980 silly fetch manifest escape-string-regexp@^1.0.5
3981 silly packumentCache full:https://registry.npmjs.org/escape-string-regexp cache-miss
3982 silly fetch manifest restore-cursor@^2.0.0
3983 silly packumentCache full:https://registry.npmjs.org/restore-cursor cache-miss
3984 silly fetch manifest chalk@^2.0.1
3985 silly packumentCache full:https://registry.npmjs.org/chalk cache-hit
3986 silly fetch manifest ansi-regex@^4.1.0
3987 silly packumentCache full:https://registry.npmjs.org/ansi-regex cache-hit
3988 silly fetch manifest defaults@^1.0.3
3989 silly packumentCache full:https://registry.npmjs.org/defaults cache-miss
3990 http cache https://registry.npmjs.org/escape-string-regexp 24ms (cache hit)
3991 silly packumentCache full:https://registry.npmjs.org/escape-string-regexp set size:22244 disposed:false
3992 http fetch GET 200 https://registry.npmjs.org/defaults 150ms (cache miss)
3993 silly packumentCache full:https://registry.npmjs.org/defaults set size:undefined disposed:false
3994 http fetch GET 200 https://registry.npmjs.org/restore-cursor 158ms (cache miss)
3995 silly packumentCache full:https://registry.npmjs.org/restore-cursor set size:undefined disposed:false
3996 silly placeDep ROOT restore-cursor@2.0.0 OK for: cli-cursor@2.1.0 want: ^2.0.0
3997 silly fetch manifest onetime@^2.0.0
3998 silly packumentCache full:https://registry.npmjs.org/onetime cache-miss
3999 silly fetch manifest signal-exit@^3.0.2
4000 silly packumentCache full:https://registry.npmjs.org/signal-exit cache-miss
4001 http fetch GET 200 https://registry.npmjs.org/onetime 75ms (cache miss)
4002 silly packumentCache full:https://registry.npmjs.org/onetime set size:undefined disposed:false
4003 http fetch GET 200 https://registry.npmjs.org/signal-exit 77ms (cache miss)
4004 silly packumentCache full:https://registry.npmjs.org/signal-exit set size:undefined disposed:false
4005 silly placeDep node_modules/log-symbols chalk@2.4.2 OK for: log-symbols@2.2.0 want: ^2.0.1
4006 silly placeDep ROOT kleur@3.0.3 OK for: prompts@2.4.2 want: ^3.0.3
4007 silly placeDep ROOT sisteransi@1.0.5 OK for: prompts@2.4.2 want: ^1.0.5
4008 silly placeDep ROOT onetime@2.0.1 OK for: restore-cursor@2.0.0 want: ^2.0.0
4009 silly placeDep ROOT signal-exit@3.0.7 OK for: restore-cursor@2.0.0 want: ^3.0.2
4010 silly fetch manifest mimic-fn@^1.0.0
4011 silly packumentCache full:https://registry.npmjs.org/mimic-fn cache-miss
4012 http fetch GET 200 https://registry.npmjs.org/mimic-fn 67ms (cache miss)
4013 silly packumentCache full:https://registry.npmjs.org/mimic-fn set size:undefined disposed:false
4014 silly placeDep ROOT mimic-fn@1.2.0 OK for: onetime@2.0.1 want: ^1.0.0
4015 silly placeDep ROOT ansi-escapes@4.3.2 OK for: terminal-link@2.1.1 want: ^4.2.1
4016 silly placeDep ROOT supports-hyperlinks@2.3.0 OK for: terminal-link@2.1.1 want: ^2.0.0
4017 silly fetch manifest type-fest@^0.21.3
4018 silly packumentCache full:https://registry.npmjs.org/type-fest cache-miss
4019 http cache https://registry.npmjs.org/type-fest 23ms (cache hit)
4020 silly packumentCache full:https://registry.npmjs.org/type-fest set size:566201 disposed:false
4021 silly placeDep node_modules/ansi-escapes type-fest@0.21.3 OK for: ansi-escapes@4.3.2 want: ^0.21.3
4022 silly placeDep ROOT defaults@1.0.4 OK for: wcwidth@1.0.1 want: ^1.0.3
4023 silly fetch manifest clone@^1.0.2
4024 silly packumentCache full:https://registry.npmjs.org/clone cache-miss
4025 http fetch GET 200 https://registry.npmjs.org/clone 71ms (cache miss)
4026 silly packumentCache full:https://registry.npmjs.org/clone set size:undefined disposed:false
4027 silly placeDep ROOT clone@1.0.4 OK for: defaults@1.0.4 want: ^1.0.2
4028 silly placeDep node_modules/compression ms@2.0.0 OK for: debug@2.6.9 want: 2.0.0
4029 silly placeDep node_modules/expo negotiator@0.6.3 OK for: accepts@1.3.8 want: 0.6.3
4030 silly placeDep node_modules/finalhandler ms@2.0.0 OK for: debug@2.6.9 want: 2.0.0
4031 silly placeDep node_modules/lighthouse-logger ms@2.0.0 OK for: debug@2.6.9 want: 2.0.0
4032 silly placeDep node_modules/log-symbols ansi-styles@3.2.1 OK for: chalk@2.4.2 want: ^3.2.1
4033 silly placeDep node_modules/log-symbols escape-string-regexp@1.0.5 OK for: chalk@2.4.2 want: ^1.0.5
4034 silly placeDep node_modules/log-symbols supports-color@5.5.0 OK for: chalk@2.4.2 want: ^5.3.0
4035 silly fetch manifest color-convert@^1.9.0
4036 silly packumentCache full:https://registry.npmjs.org/color-convert cache-hit
4037 silly fetch manifest has-flag@^3.0.0
4038 silly packumentCache full:https://registry.npmjs.org/has-flag cache-miss
4039 http cache https://registry.npmjs.org/has-flag 17ms (cache hit)
4040 silly packumentCache full:https://registry.npmjs.org/has-flag set size:15180 disposed:false
4041 silly placeDep node_modules/log-symbols color-convert@1.9.3 OK for: ansi-styles@3.2.1 want: ^1.9.0
4042 silly fetch manifest color-name@1.1.3
4043 silly packumentCache full:https://registry.npmjs.org/color-name cache-miss
4044 http cache https://registry.npmjs.org/color-name 17ms (cache hit)
4045 silly packumentCache full:https://registry.npmjs.org/color-name set size:20968 disposed:false
4046 silly placeDep node_modules/log-symbols color-name@1.1.3 OK for: color-convert@1.9.3 want: 1.1.3
4047 silly placeDep node_modules/log-symbols has-flag@3.0.0 OK for: supports-color@5.5.0 want: ^3.0.0
4048 silly placeDep node_modules/metro-babel-transformer hermes-estree@0.35.0 OK for: hermes-parser@0.35.0 want: 0.35.0
4049 silly placeDep node_modules/metro-cache agent-base@7.1.4 OK for: https-proxy-agent@7.0.6 want: ^7.1.2
4050 silly placeDep node_modules/metro hermes-estree@0.35.0 OK for: hermes-parser@0.35.0 want: 0.35.0
4051 silly placeDep node_modules/metro mime-db@1.54.0 OK for: mime-types@3.0.2 want: ^1.54.0
4052 silly placeDep node_modules/ora ansi-styles@3.2.1 OK for: chalk@2.4.2 want: ^3.2.1
4053 silly placeDep node_modules/ora escape-string-regexp@1.0.5 OK for: chalk@2.4.2 want: ^1.0.5
4054 silly placeDep node_modules/ora supports-color@5.5.0 OK for: chalk@2.4.2 want: ^5.3.0
4055 silly placeDep node_modules/ora color-convert@1.9.3 OK for: ansi-styles@3.2.1 want: ^1.9.0
4056 silly placeDep node_modules/ora color-name@1.1.3 OK for: color-convert@1.9.3 want: 1.1.3
4057 silly placeDep node_modules/ora ansi-regex@4.1.1 OK for: strip-ansi@5.2.0 want: ^4.1.0
4058 silly placeDep node_modules/ora has-flag@3.0.0 OK for: supports-color@5.5.0 want: ^3.0.0
4059 silly placeDep node_modules/react-native-paper color-convert@1.9.3 OK for: color@3.2.1 want: ^1.9.3
4060 silly placeDep node_modules/react-native-paper color-name@1.1.3 OK for: color-convert@1.9.3 want: 1.1.3
4061 silly placeDep node_modules/react-native hermes-parser@0.36.0 OK for: babel-plugin-syntax-hermes-parser@0.36.0 want: 0.36.0
4062 silly placeDep node_modules/react-native hermes-estree@0.36.0 OK for: hermes-parser@0.36.0 want: 0.36.0
4063 silly placeDep node_modules/send/node_modules/debug ms@2.0.0 OK for: debug@2.6.9 want: 2.0.0
4064 silly reify moves {}
4065 http cache clone@https://registry.npmjs.org/clone/-/clone-1.0.4.tgz 0ms (cache hit)
4066 http cache defaults@https://registry.npmjs.org/defaults/-/defaults-1.0.4.tgz 0ms (cache hit)
4067 http cache supports-hyperlinks@https://registry.npmjs.org/supports-hyperlinks/-/supports-hyperlinks-2.3.0.tgz 0ms (cache hit)
4068 http cache ansi-escapes@https://registry.npmjs.org/ansi-escapes/-/ansi-escapes-4.3.2.tgz 0ms (cache hit)
4069 http cache mimic-fn@https://registry.npmjs.org/mimic-fn/-/mimic-fn-1.2.0.tgz 0ms (cache hit)
4070 http cache signal-exit@https://registry.npmjs.org/signal-exit/-/signal-exit-3.0.7.tgz 0ms (cache hit)
4071 http cache onetime@https://registry.npmjs.org/onetime/-/onetime-2.0.1.tgz 0ms (cache hit)
4072 http cache sisteransi@https://registry.npmjs.org/sisteransi/-/sisteransi-1.0.5.tgz 0ms (cache hit)
4073 http cache kleur@https://registry.npmjs.org/kleur/-/kleur-3.0.3.tgz 0ms (cache hit)
4074 http cache restore-cursor@https://registry.npmjs.org/restore-cursor/-/restore-cursor-2.0.0.tgz 0ms (cache hit)
4075 http cache wcwidth@https://registry.npmjs.org/wcwidth/-/wcwidth-1.0.1.tgz 0ms (cache hit)
4076 http cache log-symbols@https://registry.npmjs.org/log-symbols/-/log-symbols-2.2.0.tgz 0ms (cache hit)
4077 http cache cli-spinners@https://registry.npmjs.org/cli-spinners/-/cli-spinners-2.9.2.tgz 0ms (cache hit)
4078 http cache cli-cursor@https://registry.npmjs.org/cli-cursor/-/cli-cursor-2.1.0.tgz 0ms (cache hit)
4079 http cache validate-npm-package-name@https://registry.npmjs.org/validate-npm-package-name/-/validate-npm-package-name-5.0.1.tgz 0ms (cache hit)
4080 http cache proc-log@https://registry.npmjs.org/proc-log/-/proc-log-4.2.0.tgz 0ms (cache hit)
4081 http cache hosted-git-info@https://registry.npmjs.org/hosted-git-info/-/hosted-git-info-7.0.2.tgz 0ms (cache hit)
4082 http cache argparse@https://registry.npmjs.org/argparse/-/argparse-2.0.1.tgz 0ms (cache hit)
4083 http cache vary@https://registry.npmjs.org/vary/-/vary-1.1.2.tgz 0ms (cache hit)
4084 http cache safe-buffer@https://registry.npmjs.org/safe-buffer/-/safe-buffer-5.2.1.tgz 0ms (cache hit)
4085 http cache on-headers@https://registry.npmjs.org/on-headers/-/on-headers-1.1.0.tgz 0ms (cache hit)
4086 http cache compressible@https://registry.npmjs.org/compressible/-/compressible-2.0.18.tgz 0ms (cache hit)
4087 http cache bytes@https://registry.npmjs.org/bytes/-/bytes-3.1.2.tgz 0ms (cache hit)
4088 http cache js-yaml@https://registry.npmjs.org/js-yaml/-/js-yaml-4.3.1.tgz 0ms (cache hit)
4089 http cache @expo/sudo-prompt@https://registry.npmjs.org/@expo/sudo-prompt/-/sudo-prompt-9.3.2.tgz 0ms (cache hit)
4090 http cache toqr@https://registry.npmjs.org/toqr/-/toqr-0.1.1.tgz 0ms (cache hit)
4091 http cache terminal-link@https://registry.npmjs.org/terminal-link/-/terminal-link-2.1.1.tgz 0ms (cache hit)
4092 http cache structured-headers@https://registry.npmjs.org/structured-headers/-/structured-headers-0.4.1.tgz 0ms (cache hit)
4093 http cache prompts@https://registry.npmjs.org/prompts/-/prompts-2.4.2.tgz 0ms (cache hit)
4094 http cache progress@https://registry.npmjs.org/progress/-/progress-2.0.3.tgz 1ms (cache hit)
4095 http cache ora@https://registry.npmjs.org/ora/-/ora-3.4.0.tgz 1ms (cache hit)
4096 http cache npm-package-arg@https://registry.npmjs.org/npm-package-arg/-/npm-package-arg-11.0.3.tgz 0ms (cache hit)
4097 http cache node-forge@https://registry.npmjs.org/node-forge/-/node-forge-1.4.0.tgz 0ms (cache hit)
4098 http cache multitars@https://registry.npmjs.org/multitars/-/multitars-1.0.2.tgz 0ms (cache hit)
4099 http cache lan-network@https://registry.npmjs.org/lan-network/-/lan-network-0.2.1.tgz 0ms (cache hit)
4100 http cache fetch-nodeshim@https://registry.npmjs.org/fetch-nodeshim/-/fetch-nodeshim-0.4.10.tgz 0ms (cache hit)
4101 http cache dnssd-advertise@https://registry.npmjs.org/dnssd-advertise/-/dnssd-advertise-1.1.6.tgz 0ms (cache hit)
4102 http cache compression@https://registry.npmjs.org/compression/-/compression-1.8.1.tgz 0ms (cache hit)
4103 http cache agent-cli-detector@https://registry.npmjs.org/agent-cli-detector/-/agent-cli-detector-0.1.5.tgz 0ms (cache hit)
4104 http cache @expo/xcpretty@https://registry.npmjs.org/@expo/xcpretty/-/xcpretty-4.4.4.tgz 0ms (cache hit)
4105 http cache @expo/prebuild-config@https://registry.npmjs.org/@expo/prebuild-config/-/prebuild-config-57.0.11.tgz 0ms (cache hit)
4106 http cache @expo/package-manager@https://registry.npmjs.org/@expo/package-manager/-/package-manager-1.13.1.tgz 0ms (cache hit)
4107 http cache @expo/osascript@https://registry.npmjs.org/@expo/osascript/-/osascript-2.7.1.tgz 0ms (cache hit)
4108 http cache @expo/metro-file-map@https://registry.npmjs.org/@expo/metro-file-map/-/metro-file-map-57.0.1.tgz 0ms (cache hit)
4109 http cache @expo/inline-modules@https://registry.npmjs.org/@expo/inline-modules/-/inline-modules-0.1.5.tgz 0ms (cache hit)
4110 http cache @expo/devcert@https://registry.npmjs.org/@expo/devcert/-/devcert-1.2.1.tgz 0ms (cache hit)
4111 http cache @expo/code-signing-certificates@https://registry.npmjs.org/@expo/code-signing-certificates/-/code-signing-certificates-0.0.6.tgz 0ms (cache hit)
4112 http cache is-fullwidth-code-point@https://registry.npmjs.org/is-fullwidth-code-point/-/is-fullwidth-code-point-3.0.0.tgz 0ms (cache hit)
4113 http cache emoji-regex@https://registry.npmjs.org/emoji-regex/-/emoji-regex-8.0.0.tgz 0ms (cache hit)
4114 http cache wrap-ansi@https://registry.npmjs.org/wrap-ansi/-/wrap-ansi-7.0.0.tgz 0ms (cache hit)
4115 http cache strip-ansi@https://registry.npmjs.org/strip-ansi/-/strip-ansi-6.0.1.tgz 0ms (cache hit)
4116 http cache yargs-parser@https://registry.npmjs.org/yargs-parser/-/yargs-parser-21.1.1.tgz 0ms (cache hit)
4117 http cache y18n@https://registry.npmjs.org/y18n/-/y18n-5.0.8.tgz 0ms (cache hit)
4118 http cache string-width@https://registry.npmjs.org/string-width/-/string-width-4.2.3.tgz 0ms (cache hit)
4119 http cache require-directory@https://registry.npmjs.org/require-directory/-/require-directory-2.1.1.tgz 0ms (cache hit)
4120 http cache get-caller-file@https://registry.npmjs.org/get-caller-file/-/get-caller-file-2.0.5.tgz 0ms (cache hit)
4121 http cache cliui@https://registry.npmjs.org/cliui/-/cliui-8.0.1.tgz 0ms (cache hit)
4122 http cache sax@https://registry.npmjs.org/sax/-/sax-1.6.1.tgz 0ms (cache hit)
4123 http cache big-integer@https://registry.npmjs.org/big-integer/-/big-integer-1.6.52.tgz 0ms (cache hit)
4124 http cache stream-buffers@https://registry.npmjs.org/stream-buffers/-/stream-buffers-2.2.0.tgz 0ms (cache hit)
4125 http cache plist@https://registry.npmjs.org/plist/-/plist-3.1.1.tgz 0ms (cache hit)
4126 http cache bplist-parser@https://registry.npmjs.org/bplist-parser/-/bplist-parser-0.3.1.tgz 0ms (cache hit)
4127 http cache bplist-creator@https://registry.npmjs.org/bplist-creator/-/bplist-creator-0.1.0.tgz 1ms (cache hit)
4128 http cache uuid@https://registry.npmjs.org/uuid/-/uuid-7.0.3.tgz 0ms (cache hit)
4129 http cache simple-plist@https://registry.npmjs.org/simple-plist/-/simple-plist-1.3.1.tgz 0ms (cache hit)
4130 http cache isexe@https://registry.npmjs.org/isexe/-/isexe-2.0.0.tgz 0ms (cache hit)
4131 http cache webidl-conversions@https://registry.npmjs.org/webidl-conversions/-/webidl-conversions-3.0.1.tgz 0ms (cache hit)
4132 http cache tr46@https://registry.npmjs.org/tr46/-/tr46-0.0.3.tgz 0ms (cache hit)
4133 http cache tmpl@https://registry.npmjs.org/tmpl/-/tmpl-1.0.5.tgz 0ms (cache hit)
4134 http cache makeerror@https://registry.npmjs.org/makeerror/-/makeerror-1.0.12.tgz 0ms (cache hit)
4135 http cache get-nonce@https://registry.npmjs.org/get-nonce/-/get-nonce-1.0.1.tgz 0ms (cache hit)
4136 http cache detect-node-es@https://registry.npmjs.org/detect-node-es/-/detect-node-es-1.1.0.tgz 0ms (cache hit)
4137 http cache use-sidecar@https://registry.npmjs.org/use-sidecar/-/use-sidecar-1.1.3.tgz 0ms (cache hit)
4138 http cache use-callback-ref@https://registry.npmjs.org/use-callback-ref/-/use-callback-ref-1.3.3.tgz 1ms (cache hit)
4139 http cache react-remove-scroll-bar@https://registry.npmjs.org/react-remove-scroll-bar/-/react-remove-scroll-bar-2.3.8.tgz 0ms (cache hit)
4140 http cache react-style-singleton@https://registry.npmjs.org/react-style-singleton/-/react-style-singleton-2.2.3.tgz 0ms (cache hit)
4141 http cache tslib@https://registry.npmjs.org/tslib/-/tslib-2.8.1.tgz 0ms (cache hit)
4142 http cache react-remove-scroll@https://registry.npmjs.org/react-remove-scroll/-/react-remove-scroll-2.7.2.tgz 0ms (cache hit)
4143 http cache aria-hidden@https://registry.npmjs.org/aria-hidden/-/aria-hidden-1.2.6.tgz 0ms (cache hit)
4144 http cache @radix-ui/react-portal@https://registry.npmjs.org/@radix-ui/react-portal/-/react-portal-1.1.17.tgz 0ms (cache hit)
4145 http cache @radix-ui/react-focus-scope@https://registry.npmjs.org/@radix-ui/react-focus-scope/-/react-focus-scope-1.1.16.tgz 0ms (cache hit)
4146 http cache @radix-ui/react-dismissable-layer@https://registry.npmjs.org/@radix-ui/react-dismissable-layer/-/react-dismissable-layer-1.1.19.tgz 0ms (cache hit)
4147 http cache @radix-ui/react-focus-guards@https://registry.npmjs.org/@radix-ui/react-focus-guards/-/react-focus-guards-1.1.6.tgz 0ms (cache hit)
4148 http cache @radix-ui/react-dialog@https://registry.npmjs.org/@radix-ui/react-dialog/-/react-dialog-1.1.23.tgz 0ms (cache hit)
4149 http cache escalade@https://registry.npmjs.org/escalade/-/escalade-3.2.0.tgz 0ms (cache hit)
4150 http cache unicode-property-aliases-ecmascript@https://registry.npmjs.org/unicode-property-aliases-ecmascript/-/unicode-property-aliases-ecmascript-2.2.0.tgz 0ms (cache hit)
4151 http cache unicode-canonical-property-names-ecmascript@https://registry.npmjs.org/unicode-canonical-property-names-ecmascript/-/unicode-canonical-property-names-ecmascript-2.0.1.tgz 0ms (cache hit)
4152 http cache is-number@https://registry.npmjs.org/is-number/-/is-number-7.0.0.tgz 0ms (cache hit)
4153 http cache fdir@https://registry.npmjs.org/fdir/-/fdir-6.5.0.tgz 0ms (cache hit)
4154 http cache source-map-support@https://registry.npmjs.org/source-map-support/-/source-map-support-0.5.21.tgz 0ms (cache hit)
4155 http cache acorn@https://registry.npmjs.org/acorn/-/acorn-8.18.0.tgz 0ms (cache hit)
4156 http cache buffer-from@https://registry.npmjs.org/buffer-from/-/buffer-from-1.1.2.tgz 0ms (cache hit)
4157 http cache @jridgewell/source-map@https://registry.npmjs.org/@jridgewell/source-map/-/source-map-0.3.11.tgz 0ms (cache hit)
4158 http cache has-flag@https://registry.npmjs.org/has-flag/-/has-flag-4.0.0.tgz 0ms (cache hit)
4159 http cache min-indent@https://registry.npmjs.org/min-indent/-/min-indent-1.0.1.tgz 1ms (cache hit)
4160 http cache type-fest@https://registry.npmjs.org/type-fest/-/type-fest-0.7.1.tgz 0ms (cache hit)
4161 http cache is-arrayish@https://registry.npmjs.org/is-arrayish/-/is-arrayish-0.3.4.tgz 0ms (cache hit)
4162 http cache shebang-regex@https://registry.npmjs.org/shebang-regex/-/shebang-regex-3.0.0.tgz 0ms (cache hit)
4163 http cache toidentifier@https://registry.npmjs.org/toidentifier/-/toidentifier-1.0.1.tgz 1ms (cache hit)
4164 http cache setprototypeof@https://registry.npmjs.org/setprototypeof/-/setprototypeof-1.2.0.tgz 0ms (cache hit)
4165 http cache range-parser@https://registry.npmjs.org/range-parser/-/range-parser-1.2.1.tgz 0ms (cache hit)
4166 http cache mime@https://registry.npmjs.org/mime/-/mime-1.6.0.tgz 0ms (cache hit)
4167 http cache http-errors@https://registry.npmjs.org/http-errors/-/http-errors-2.0.1.tgz 0ms (cache hit)
4168 http cache fresh@https://registry.npmjs.org/fresh/-/fresh-0.5.2.tgz 0ms (cache hit)
4169 http cache etag@https://registry.npmjs.org/etag/-/etag-1.8.1.tgz 0ms (cache hit)
4170 http cache destroy@https://registry.npmjs.org/destroy/-/destroy-1.2.0.tgz 0ms (cache hit)
4171 http cache depd@https://registry.npmjs.org/depd/-/depd-2.0.0.tgz 0ms (cache hit)
4172 http cache send@https://registry.npmjs.org/send/-/send-0.19.2.tgz 0ms (cache hit)
4173 http cache supports-preserve-symlinks-flag@https://registry.npmjs.org/supports-preserve-symlinks-flag/-/supports-preserve-symlinks-flag-1.0.0.tgz 0ms (cache hit)
4174 http cache path-parse@https://registry.npmjs.org/path-parse/-/path-parse-1.0.7.tgz 0ms (cache hit)
4175 http cache is-core-module@https://registry.npmjs.org/is-core-module/-/is-core-module-2.16.2.tgz 0ms (cache hit)
4176 http cache unicode-match-property-value-ecmascript@https://registry.npmjs.org/unicode-match-property-value-ecmascript/-/unicode-match-property-value-ecmascript-2.2.1.tgz 0ms (cache hit)
4177 http cache unicode-match-property-ecmascript@https://registry.npmjs.org/unicode-match-property-ecmascript/-/unicode-match-property-ecmascript-2.0.0.tgz 0ms (cache hit)
4178 http cache regjsparser@https://registry.npmjs.org/regjsparser/-/regjsparser-0.13.2.tgz 0ms (cache hit)
4179 http cache regjsgen@https://registry.npmjs.org/regjsgen/-/regjsgen-0.8.0.tgz 0ms (cache hit)
4180 http cache regenerate-unicode-properties@https://registry.npmjs.org/regenerate-unicode-properties/-/regenerate-unicode-properties-10.2.2.tgz 0ms (cache hit)
4181 http cache strip-indent@https://registry.npmjs.org/strip-indent/-/strip-indent-3.0.0.tgz 0ms (cache hit)
4182 http cache indent-string@https://registry.npmjs.org/indent-string/-/indent-string-4.0.0.tgz 0ms (cache hit)
4183 http cache @babel/plugin-transform-template-literals@https://registry.npmjs.org/@babel/plugin-transform-template-literals/-/plugin-transform-template-literals-7.29.7.tgz 0ms (cache hit)
4184 http cache @babel/plugin-transform-arrow-functions@https://registry.npmjs.org/@babel/plugin-transform-arrow-functions/-/plugin-transform-arrow-functions-7.29.7.tgz 0ms (cache hit)
4185 http cache @babel/plugin-transform-shorthand-properties@https://registry.npmjs.org/@babel/plugin-transform-shorthand-properties/-/plugin-transform-shorthand-properties-7.29.7.tgz 0ms (cache hit)
4186 http cache whatwg-url@https://registry.npmjs.org/whatwg-url/-/whatwg-url-5.0.0.tgz 0ms (cache hit)
4187 http cache hyphenate-style-name@https://registry.npmjs.org/hyphenate-style-name/-/hyphenate-style-name-1.1.0.tgz 0ms (cache hit)
4188 http cache node-fetch@https://registry.npmjs.org/node-fetch/-/node-fetch-2.7.0.tgz 0ms (cache hit)
4189 http cache css-in-js-utils@https://registry.npmjs.org/css-in-js-utils/-/css-in-js-utils-3.1.0.tgz 0ms (cache hit)
4190 http cache setimmediate@https://registry.npmjs.org/setimmediate/-/setimmediate-1.0.5.tgz 0ms (cache hit)
4191 http cache object-assign@https://registry.npmjs.org/object-assign/-/object-assign-4.1.1.tgz 0ms (cache hit)
4192 http cache fbjs-css-vars@https://registry.npmjs.org/fbjs-css-vars/-/fbjs-css-vars-1.0.2.tgz 0ms (cache hit)
4193 http cache cross-fetch@https://registry.npmjs.org/cross-fetch/-/cross-fetch-3.2.0.tgz 0ms (cache hit)
4194 http cache styleq@https://registry.npmjs.org/styleq/-/styleq-0.1.3.tgz 0ms (cache hit)
4195 http cache postcss-value-parser@https://registry.npmjs.org/postcss-value-parser/-/postcss-value-parser-4.2.0.tgz 0ms (cache hit)
4196 http cache inline-style-prefixer@https://registry.npmjs.org/inline-style-prefixer/-/inline-style-prefixer-7.0.1.tgz 0ms (cache hit)
4197 http cache fbjs@https://registry.npmjs.org/fbjs/-/fbjs-3.0.5.tgz 0ms (cache hit)
4198 http cache entities@https://registry.npmjs.org/entities/-/entities-4.5.0.tgz 0ms (cache hit)
4199 http cache dom-serializer@https://registry.npmjs.org/dom-serializer/-/dom-serializer-2.0.0.tgz 0ms (cache hit)
4200 http cache domelementtype@https://registry.npmjs.org/domelementtype/-/domelementtype-2.3.0.tgz 0ms (cache hit)
4201 http cache mdn-data@https://registry.npmjs.org/mdn-data/-/mdn-data-2.0.14.tgz 0ms (cache hit)
4202 http cache nth-check@https://registry.npmjs.org/nth-check/-/nth-check-2.1.1.tgz 0ms (cache hit)
4203 http cache domutils@https://registry.npmjs.org/domutils/-/domutils-3.2.2.tgz 0ms (cache hit)
4204 http cache domhandler@https://registry.npmjs.org/domhandler/-/domhandler-5.0.3.tgz 0ms (cache hit)
4205 http cache css-what@https://registry.npmjs.org/css-what/-/css-what-6.2.2.tgz 0ms (cache hit)
4206 http cache boolbase@https://registry.npmjs.org/boolbase/-/boolbase-1.0.0.tgz 0ms (cache hit)
4207 http cache css-tree@https://registry.npmjs.org/css-tree/-/css-tree-1.1.3.tgz 0ms (cache hit)
4208 http cache css-select@https://registry.npmjs.org/css-select/-/css-select-5.2.2.tgz 0ms (cache hit)
4209 http cache react-freeze@https://registry.npmjs.org/react-freeze/-/react-freeze-1.0.4.tgz 0ms (cache hit)
4210 http cache warn-once@https://registry.npmjs.org/warn-once/-/warn-once-0.1.1.tgz 0ms (cache hit)
4211 http cache react-native-is-edge-to-edge@https://registry.npmjs.org/react-native-is-edge-to-edge/-/react-native-is-edge-to-edge-1.3.1.tgz 0ms (cache hit)
4212 http cache @callstack/react-theme-provider@https://registry.npmjs.org/@callstack/react-theme-provider/-/react-theme-provider-3.0.9.tgz 0ms (cache hit)
4213 http cache @types/hammerjs@https://registry.npmjs.org/@types/hammerjs/-/hammerjs-2.0.46.tgz 0ms (cache hit)
4214 http cache hoist-non-react-statics@https://registry.npmjs.org/hoist-non-react-statics/-/hoist-non-react-statics-3.3.2.tgz 0ms (cache hit)
4215 http cache @types/react-test-renderer@https://registry.npmjs.org/@types/react-test-renderer/-/react-test-renderer-19.1.0.tgz 0ms (cache hit)
4216 http cache @egjs/hammerjs@https://registry.npmjs.org/@egjs/hammerjs/-/hammerjs-2.0.17.tgz 0ms (cache hit)
4217 http cache use-latest-callback@https://registry.npmjs.org/use-latest-callback/-/use-latest-callback-0.2.6.tgz 0ms (cache hit)
4218 http cache shell-quote@https://registry.npmjs.org/shell-quote/-/shell-quote-1.10.0.tgz 0ms (cache hit)
4219 http cache asap@https://registry.npmjs.org/asap/-/asap-2.0.6.tgz 0ms (cache hit)
4220 http cache yaml@https://registry.npmjs.org/yaml/-/yaml-2.9.0.tgz 0ms (cache hit)
4221 http cache marky@https://registry.npmjs.org/marky/-/marky-1.3.0.tgz 0ms (cache hit)
4222 http cache is-docker@https://registry.npmjs.org/is-docker/-/is-docker-2.2.1.tgz 0ms (cache hit)
4223 http cache mkdirp@https://registry.npmjs.org/mkdirp/-/mkdirp-1.0.4.tgz 0ms (cache hit)
4224 http cache lighthouse-logger@https://registry.npmjs.org/lighthouse-logger/-/lighthouse-logger-1.4.2.tgz 0ms (cache hit)
4225 http cache is-wsl@https://registry.npmjs.org/is-wsl/-/is-wsl-2.2.0.tgz 0ms (cache hit)
4226 http cache event-target-shim@https://registry.npmjs.org/event-target-shim/-/event-target-shim-5.0.1.tgz 0ms (cache hit)
4227 http cache @react-native/codegen@https://registry.npmjs.org/@react-native/codegen/-/codegen-0.86.2.tgz 0ms (cache hit)
4228 http cache @react-native/babel-plugin-codegen@https://registry.npmjs.org/@react-native/babel-plugin-codegen/-/babel-plugin-codegen-0.86.2.tgz 0ms (cache hit)
4229 http cache @babel/plugin-transform-regenerator@https://registry.npmjs.org/@babel/plugin-transform-regenerator/-/plugin-transform-regenerator-7.29.8.tgz 0ms (cache hit)
4230 http cache @babel/plugin-transform-react-jsx-source@https://registry.npmjs.org/@babel/plugin-transform-react-jsx-source/-/plugin-transform-react-jsx-source-7.29.7.tgz 0ms (cache hit)
4231 http cache @babel/plugin-transform-react-jsx-self@https://registry.npmjs.org/@babel/plugin-transform-react-jsx-self/-/plugin-transform-react-jsx-self-7.29.7.tgz 0ms (cache hit)
4232 http cache @react-native/babel-preset@https://registry.npmjs.org/@react-native/babel-preset/-/babel-preset-0.86.2.tgz 0ms (cache hit)
4233 http cache @react-native/metro-babel-transformer@https://registry.npmjs.org/@react-native/metro-babel-transformer/-/metro-babel-transformer-0.86.2.tgz 0ms (cache hit)
4234 http cache fb-dotslash@https://registry.npmjs.org/fb-dotslash/-/fb-dotslash-0.5.8.tgz 0ms (cache hit)
4235 http cache serve-static@https://registry.npmjs.org/serve-static/-/serve-static-1.16.3.tgz 0ms (cache hit)
4236 http cache open@https://registry.npmjs.org/open/-/open-7.4.2.tgz 0ms (cache hit)
4237 http cache chromium-edge-launcher@https://registry.npmjs.org/chromium-edge-launcher/-/chromium-edge-launcher-0.3.0.tgz 0ms (cache hit)
4238 http cache @react-native/debugger-shell@https://registry.npmjs.org/@react-native/debugger-shell/-/debugger-shell-0.86.2.tgz 0ms (cache hit)
4239 http cache @react-native/debugger-frontend@https://registry.npmjs.org/@react-native/debugger-frontend/-/debugger-frontend-0.86.2.tgz 0ms (cache hit)
4240 http cache chrome-launcher@https://registry.npmjs.org/chrome-launcher/-/chrome-launcher-0.15.2.tgz 0ms (cache hit)
4241 http cache @isaacs/ttlcache@https://registry.npmjs.org/@isaacs/ttlcache/-/ttlcache-1.4.1.tgz 0ms (cache hit)
4242 http cache metro-config@https://registry.npmjs.org/metro-config/-/metro-config-0.84.4.tgz 0ms (cache hit)
4243 http cache @react-native/dev-middleware@https://registry.npmjs.org/@react-native/dev-middleware/-/dev-middleware-0.86.2.tgz 0ms (cache hit)
4244 http cache regenerator-runtime@https://registry.npmjs.org/regenerator-runtime/-/regenerator-runtime-0.13.11.tgz 0ms (cache hit)
4245 http cache react-devtools-core@https://registry.npmjs.org/react-devtools-core/-/react-devtools-core-6.1.5.tgz 0ms (cache hit)
4246 http cache promise@https://registry.npmjs.org/promise/-/promise-8.3.0.tgz 0ms (cache hit)
4247 http cache metro-runtime@https://registry.npmjs.org/metro-runtime/-/metro-runtime-0.84.4.tgz 0ms (cache hit)
4248 http cache memoize-one@https://registry.npmjs.org/memoize-one/-/memoize-one-5.2.1.tgz 0ms (cache hit)
4249 http cache hermes-compiler@https://registry.npmjs.org/hermes-compiler/-/hermes-compiler-250829098.0.16.tgz 0ms (cache hit)
4250 http cache ansi-regex@https://registry.npmjs.org/ansi-regex/-/ansi-regex-5.0.1.tgz 0ms (cache hit)
4251 http cache abort-controller@https://registry.npmjs.org/abort-controller/-/abort-controller-3.0.0.tgz 0ms (cache hit)
4252 http cache @react-native/virtualized-lists@https://registry.npmjs.org/@react-native/virtualized-lists/-/virtualized-lists-0.86.2.tgz 0ms (cache hit)
4253 http cache @react-native/js-polyfills@https://registry.npmjs.org/@react-native/js-polyfills/-/js-polyfills-0.86.2.tgz 0ms (cache hit)
4254 http cache @react-native/gradle-plugin@https://registry.npmjs.org/@react-native/gradle-plugin/-/gradle-plugin-0.86.2.tgz 0ms (cache hit)
4255 http cache @react-native/metro-config@https://registry.npmjs.org/@react-native/metro-config/-/metro-config-0.86.2.tgz 0ms (cache hit)
4256 http cache @react-native/community-cli-plugin@https://registry.npmjs.org/@react-native/community-cli-plugin/-/community-cli-plugin-0.86.2.tgz 0ms (cache hit)
4257 http cache @react-native/assets-registry@https://registry.npmjs.org/@react-native/assets-registry/-/assets-registry-0.86.2.tgz 0ms (cache hit)
4258 http cache scheduler@https://registry.npmjs.org/scheduler/-/scheduler-0.27.0.tgz 0ms (cache hit)
4259 http cache inherits@https://registry.npmjs.org/inherits/-/inherits-2.0.4.tgz 0ms (cache hit)
4260 http cache strict-uri-encode@https://registry.npmjs.org/strict-uri-encode/-/strict-uri-encode-2.0.0.tgz 0ms (cache hit)
4261 http cache split-on-first@https://registry.npmjs.org/split-on-first/-/split-on-first-1.1.0.tgz 0ms (cache hit)
4262 http cache filter-obj@https://registry.npmjs.org/filter-obj/-/filter-obj-1.1.0.tgz 0ms (cache hit)
4263 http cache decode-uri-component@https://registry.npmjs.org/decode-uri-component/-/decode-uri-component-0.2.2.tgz 0ms (cache hit)
4264 http cache source-map-js@https://registry.npmjs.org/source-map-js/-/source-map-js-1.2.1.tgz 0ms (cache hit)
4265 http cache pngjs@https://registry.npmjs.org/pngjs/-/pngjs-3.4.0.tgz 0ms (cache hit)
4266 http cache ee-first@https://registry.npmjs.org/ee-first/-/ee-first-1.1.1.tgz 0ms (cache hit)
4267 http cache brace-expansion@https://registry.npmjs.org/brace-expansion/-/brace-expansion-5.0.9.tgz 0ms (cache hit)
4268 http cache mime-db@https://registry.npmjs.org/mime-db/-/mime-db-1.52.0.tgz 0ms (cache hit)
4269 http cache to-regex-range@https://registry.npmjs.org/to-regex-range/-/to-regex-range-5.0.1.tgz 0ms (cache hit)
4270 http cache fill-range@https://registry.npmjs.org/fill-range/-/fill-range-7.1.1.tgz 0ms (cache hit)
4271 http cache braces@https://registry.npmjs.org/braces/-/braces-3.0.3.tgz 0ms (cache hit)
4272 http cache vlq@https://registry.npmjs.org/vlq/-/vlq-1.0.1.tgz 0ms (cache hit)
4273 http cache balanced-match@https://registry.npmjs.org/balanced-match/-/balanced-match-4.0.4.tgz 0ms (cache hit)
4274 http cache ob1@https://registry.npmjs.org/ob1/-/ob1-0.84.4.tgz 0ms (cache hit)
4275 http cache terser@https://registry.npmjs.org/terser/-/terser-5.50.0.tgz 1ms (cache hit)
4276 http cache node-int64@https://registry.npmjs.org/node-int64/-/node-int64-0.4.0.tgz 0ms (cache hit)
4277 http cache bser@https://registry.npmjs.org/bser/-/bser-2.1.1.tgz 0ms (cache hit)
4278 http cache walker@https://registry.npmjs.org/walker/-/walker-1.0.8.tgz 0ms (cache hit)
4279 http cache micromatch@https://registry.npmjs.org/micromatch/-/micromatch-4.0.8.tgz 0ms (cache hit)
4280 http cache fb-watchman@https://registry.npmjs.org/fb-watchman/-/fb-watchman-2.0.2.tgz 0ms (cache hit)
4281 http cache leven@https://registry.npmjs.org/leven/-/leven-3.1.0.tgz 0ms (cache hit)
4282 http cache jest-get-type@https://registry.npmjs.org/jest-get-type/-/jest-get-type-29.6.3.tgz 0ms (cache hit)
4283 http cache camelcase@https://registry.npmjs.org/camelcase/-/camelcase-6.3.0.tgz 1ms (cache hit)
4284 http cache jest-validate@https://registry.npmjs.org/jest-validate/-/jest-validate-29.7.0.tgz 0ms (cache hit)
4285 http cache exponential-backoff@https://registry.npmjs.org/exponential-backoff/-/exponential-backoff-3.1.3.tgz 0ms (cache hit)
4286 http cache @types/yargs-parser@https://registry.npmjs.org/@types/yargs-parser/-/yargs-parser-21.0.3.tgz 0ms (cache hit)
4287 http cache @types/istanbul-lib-report@https://registry.npmjs.org/@types/istanbul-lib-report/-/istanbul-lib-report-3.0.3.tgz 0ms (cache hit)
4288 http cache @sinclair/typebox@https://registry.npmjs.org/@sinclair/typebox/-/typebox-0.27.12.tgz 0ms (cache hit)
4289 http cache @types/yargs@https://registry.npmjs.org/@types/yargs/-/yargs-17.0.35.tgz 0ms (cache hit)
4290 http cache @types/istanbul-reports@https://registry.npmjs.org/@types/istanbul-reports/-/istanbul-reports-3.0.4.tgz 0ms (cache hit)
4291 http cache @types/istanbul-lib-coverage@https://registry.npmjs.org/@types/istanbul-lib-coverage/-/istanbul-lib-coverage-2.0.6.tgz 0ms (cache hit)
4292 http cache @jest/schemas@https://registry.npmjs.org/@jest/schemas/-/schemas-29.6.3.tgz 0ms (cache hit)
4293 http cache @jest/types@https://registry.npmjs.org/@jest/types/-/types-29.6.3.tgz 1ms (cache hit)
4294 http cache undici-types@https://registry.npmjs.org/undici-types/-/undici-types-8.3.0.tgz 0ms (cache hit)
4295 http cache merge-stream@https://registry.npmjs.org/merge-stream/-/merge-stream-2.0.0.tgz 0ms (cache hit)
4296 http cache jest-util@https://registry.npmjs.org/jest-util/-/jest-util-29.7.0.tgz 0ms (cache hit)
4297 http cache @types/node@https://registry.npmjs.org/@types/node/-/node-26.2.0.tgz 0ms (cache hit)
4298 http cache queue@https://registry.npmjs.org/queue/-/queue-6.0.2.tgz 0ms (cache hit)
4299 http cache unpipe@https://registry.npmjs.org/unpipe/-/unpipe-1.0.0.tgz 0ms (cache hit)
4300 http cache statuses@https://registry.npmjs.org/statuses/-/statuses-1.5.0.tgz 0ms (cache hit)
4301 http cache on-finished@https://registry.npmjs.org/on-finished/-/on-finished-2.3.0.tgz 0ms (cache hit)
4302 http cache escape-html@https://registry.npmjs.org/escape-html/-/escape-html-1.0.3.tgz 0ms (cache hit)
4303 http cache encodeurl@https://registry.npmjs.org/encodeurl/-/encodeurl-1.0.2.tgz 0ms (cache hit)
4304 http cache stackframe@https://registry.npmjs.org/stackframe/-/stackframe-1.3.4.tgz 0ms (cache hit)
4305 http cache utils-merge@https://registry.npmjs.org/utils-merge/-/utils-merge-1.0.1.tgz 0ms (cache hit)
4306 http cache parseurl@https://registry.npmjs.org/parseurl/-/parseurl-1.3.3.tgz 0ms (cache hit)
4307 http cache finalhandler@https://registry.npmjs.org/finalhandler/-/finalhandler-1.1.2.tgz 0ms (cache hit)
4308 http cache negotiator@https://registry.npmjs.org/negotiator/-/negotiator-1.0.0.tgz 0ms (cache hit)
4309 http cache ws@https://registry.npmjs.org/ws/-/ws-7.5.13.tgz 0ms (cache hit)
4310 http cache throat@https://registry.npmjs.org/throat/-/throat-5.0.0.tgz 0ms (cache hit)
4311 http cache source-map@https://registry.npmjs.org/source-map/-/source-map-0.5.7.tgz 0ms (cache hit)
4312 http cache serialize-error@https://registry.npmjs.org/serialize-error/-/serialize-error-2.1.0.tgz 0ms (cache hit)
4313 http cache lodash.throttle@https://registry.npmjs.org/lodash.throttle/-/lodash.throttle-4.1.1.tgz 0ms (cache hit)
4314 http cache jest-worker@https://registry.npmjs.org/jest-worker/-/jest-worker-29.7.0.tgz 0ms (cache hit)
4315 http cache image-size@https://registry.npmjs.org/image-size/-/image-size-1.2.1.tgz 1ms (cache hit)
4316 http cache graceful-fs@https://registry.npmjs.org/graceful-fs/-/graceful-fs-4.2.11.tgz 1ms (cache hit)
4317 http cache flow-enums-runtime@https://registry.npmjs.org/flow-enums-runtime/-/flow-enums-runtime-0.0.6.tgz 0ms (cache hit)
4318 http cache error-stack-parser@https://registry.npmjs.org/error-stack-parser/-/error-stack-parser-2.1.4.tgz 0ms (cache hit)
4319 http cache connect@https://registry.npmjs.org/connect/-/connect-3.7.0.tgz 0ms (cache hit)
4320 http cache ci-info@https://registry.npmjs.org/ci-info/-/ci-info-2.0.0.tgz 0ms (cache hit)
4321 http cache accepts@https://registry.npmjs.org/accepts/-/accepts-2.0.0.tgz 1ms (cache hit)
4322 http cache yallist@https://registry.npmjs.org/yallist/-/yallist-3.1.1.tgz 0ms (cache hit)
4323 http cache lightningcss-linux-x64-gnu@https://registry.npmjs.org/lightningcss-linux-x64-gnu/-/lightningcss-linux-x64-gnu-1.33.0.tgz 0ms (cache hit)
4324 http cache detect-libc@https://registry.npmjs.org/detect-libc/-/detect-libc-2.1.2.tgz 0ms (cache hit)
4325 http cache loose-envify@https://registry.npmjs.org/loose-envify/-/loose-envify-1.4.0.tgz 0ms (cache hit)
4326 http cache agent-base@https://registry.npmjs.org/agent-base/-/agent-base-6.0.2.tgz 0ms (cache hit)
4327 http cache hermes-estree@https://registry.npmjs.org/hermes-estree/-/hermes-estree-0.36.1.tgz 0ms (cache hit)
4328 http cache path-scurry@https://registry.npmjs.org/path-scurry/-/path-scurry-2.0.2.tgz 0ms (cache hit)
4329 http cache minipass@https://registry.npmjs.org/minipass/-/minipass-7.1.3.tgz 0ms (cache hit)
4330 http cache dunder-proto@https://registry.npmjs.org/dunder-proto/-/dunder-proto-1.0.1.tgz 0ms (cache hit)
4331 http cache math-intrinsics@https://registry.npmjs.org/math-intrinsics/-/math-intrinsics-1.1.0.tgz 0ms (cache hit)
4332 http cache has-symbols@https://registry.npmjs.org/has-symbols/-/has-symbols-1.1.0.tgz 0ms (cache hit)
4333 http cache gopd@https://registry.npmjs.org/gopd/-/gopd-1.2.0.tgz 0ms (cache hit)
4334 http cache get-proto@https://registry.npmjs.org/get-proto/-/get-proto-1.0.1.tgz 0ms (cache hit)
4335 http cache function-bind@https://registry.npmjs.org/function-bind/-/function-bind-1.1.2.tgz 0ms (cache hit)
4336 http cache es-object-atoms@https://registry.npmjs.org/es-object-atoms/-/es-object-atoms-1.1.2.tgz 0ms (cache hit)
4337 http cache es-define-property@https://registry.npmjs.org/es-define-property/-/es-define-property-1.0.1.tgz 1ms (cache hit)
4338 http cache call-bind-apply-helpers@https://registry.npmjs.org/call-bind-apply-helpers/-/call-bind-apply-helpers-1.0.2.tgz 0ms (cache hit)
4339 http cache has-tostringtag@https://registry.npmjs.org/has-tostringtag/-/has-tostringtag-1.0.2.tgz 0ms (cache hit)
4340 http cache get-intrinsic@https://registry.npmjs.org/get-intrinsic/-/get-intrinsic-1.3.0.tgz 0ms (cache hit)
4341 http cache es-errors@https://registry.npmjs.org/es-errors/-/es-errors-1.3.0.tgz 0ms (cache hit)
4342 http cache delayed-stream@https://registry.npmjs.org/delayed-stream/-/delayed-stream-1.0.0.tgz 0ms (cache hit)
4343 http cache mime-types@https://registry.npmjs.org/mime-types/-/mime-types-2.1.35.tgz 0ms (cache hit)
4344 http cache hasown@https://registry.npmjs.org/hasown/-/hasown-2.0.4.tgz 1ms (cache hit)
4345 http cache es-set-tostringtag@https://registry.npmjs.org/es-set-tostringtag/-/es-set-tostringtag-2.1.0.tgz 0ms (cache hit)
4346 http cache combined-stream@https://registry.npmjs.org/combined-stream/-/combined-stream-1.0.8.tgz 0ms (cache hit)
4347 http cache asynckit@https://registry.npmjs.org/asynckit/-/asynckit-0.4.0.tgz 0ms (cache hit)
4348 http cache @react-native/normalize-colors@https://registry.npmjs.org/@react-native/normalize-colors/-/normalize-colors-0.86.2.tgz 0ms (cache hit)
4349 http cache @expo-google-fonts/material-symbols@https://registry.npmjs.org/@expo-google-fonts/material-symbols/-/material-symbols-0.4.43.tgz 0ms (cache hit)
4350 http cache simple-swizzle@https://registry.npmjs.org/simple-swizzle/-/simple-swizzle-0.2.4.tgz 0ms (cache hit)
4351 http cache color-string@https://registry.npmjs.org/color-string/-/color-string-1.9.1.tgz 0ms (cache hit)
4352 http cache dequal@https://registry.npmjs.org/dequal/-/dequal-2.0.3.tgz 0ms (cache hit)
4353 http cache redent@https://registry.npmjs.org/redent/-/redent-3.0.0.tgz 0ms (cache hit)
4354 http cache css.escape@https://registry.npmjs.org/css.escape/-/css.escape-1.5.1.tgz 0ms (cache hit)
4355 http cache @adobe/css-tools@https://registry.npmjs.org/@adobe/css-tools/-/css-tools-4.5.0.tgz 0ms (cache hit)
4356 http cache lz-string@https://registry.npmjs.org/lz-string/-/lz-string-1.5.0.tgz 0ms (cache hit)
4357 http cache dom-accessibility-api@https://registry.npmjs.org/dom-accessibility-api/-/dom-accessibility-api-0.5.16.tgz 0ms (cache hit)
4358 http cache aria-query@https://registry.npmjs.org/aria-query/-/aria-query-5.3.0.tgz 0ms (cache hit)
4359 http cache @types/aria-query@https://registry.npmjs.org/@types/aria-query/-/aria-query-5.0.4.tgz 0ms (cache hit)
4360 http cache @radix-ui/react-use-effect-event@https://registry.npmjs.org/@radix-ui/react-use-effect-event/-/react-use-effect-event-0.0.5.tgz 0ms (cache hit)
4361 http cache @radix-ui/react-use-is-hydrated@https://registry.npmjs.org/@radix-ui/react-use-is-hydrated/-/react-use-is-hydrated-0.1.3.tgz 0ms (cache hit)
4362 http cache @radix-ui/react-use-callback-ref@https://registry.npmjs.org/@radix-ui/react-use-callback-ref/-/react-use-callback-ref-1.1.4.tgz 0ms (cache hit)
4363 http cache @radix-ui/react-collection@https://registry.npmjs.org/@radix-ui/react-collection/-/react-collection-1.1.15.tgz 0ms (cache hit)
4364 http cache @radix-ui/react-use-layout-effect@https://registry.npmjs.org/@radix-ui/react-use-layout-effect/-/react-use-layout-effect-1.1.4.tgz 0ms (cache hit)
4365 http cache @radix-ui/react-use-controllable-state@https://registry.npmjs.org/@radix-ui/react-use-controllable-state/-/react-use-controllable-state-1.2.6.tgz 0ms (cache hit)
4366 http cache @radix-ui/react-roving-focus@https://registry.npmjs.org/@radix-ui/react-roving-focus/-/react-roving-focus-1.1.19.tgz 0ms (cache hit)
4367 http cache @radix-ui/react-primitive@https://registry.npmjs.org/@radix-ui/react-primitive/-/react-primitive-2.1.10.tgz 1ms (cache hit)
4368 http cache @radix-ui/react-presence@https://registry.npmjs.org/@radix-ui/react-presence/-/react-presence-1.1.10.tgz 0ms (cache hit)
4369 http cache @radix-ui/react-id@https://registry.npmjs.org/@radix-ui/react-id/-/react-id-1.1.4.tgz 0ms (cache hit)
4370 http cache @radix-ui/react-direction@https://registry.npmjs.org/@radix-ui/react-direction/-/react-direction-1.1.4.tgz 0ms (cache hit)
4371 http cache @radix-ui/react-context@https://registry.npmjs.org/@radix-ui/react-context/-/react-context-1.2.2.tgz 0ms (cache hit)
4372 http cache @radix-ui/primitive@https://registry.npmjs.org/@radix-ui/primitive/-/primitive-1.1.7.tgz 0ms (cache hit)
4373 http cache whatwg-fetch@https://registry.npmjs.org/whatwg-fetch/-/whatwg-fetch-3.6.20.tgz 0ms (cache hit)
4374 http cache @radix-ui/react-compose-refs@https://registry.npmjs.org/@radix-ui/react-compose-refs/-/react-compose-refs-1.1.5.tgz 0ms (cache hit)
4375 http cache standard-navigation@https://registry.npmjs.org/standard-navigation/-/standard-navigation-0.0.5.tgz 1ms (cache hit)
4376 http cache shallowequal@https://registry.npmjs.org/shallowequal/-/shallowequal-1.1.0.tgz 0ms (cache hit)
4377 http cache server-only@https://registry.npmjs.org/server-only/-/server-only-0.0.1.tgz 0ms (cache hit)
4378 http cache react-native-drawer-layout@https://registry.npmjs.org/react-native-drawer-layout/-/react-native-drawer-layout-4.2.10.tgz 0ms (cache hit)
4379 http cache react-is@https://registry.npmjs.org/react-is/-/react-is-19.2.8.tgz 0ms (cache hit)
4380 http cache react-fast-compare@https://registry.npmjs.org/react-fast-compare/-/react-fast-compare-3.2.2.tgz 0ms (cache hit)
4381 http cache query-string@https://registry.npmjs.org/query-string/-/query-string-7.1.3.tgz 0ms (cache hit)
4382 http cache nanoid@https://registry.npmjs.org/nanoid/-/nanoid-3.3.18.tgz 0ms (cache hit)
4383 http cache fast-deep-equal@https://registry.npmjs.org/fast-deep-equal/-/fast-deep-equal-3.1.3.tgz 0ms (cache hit)
4384 http cache expo-server@https://registry.npmjs.org/expo-server/-/expo-server-57.0.2.tgz 0ms (cache hit)
4385 http cache color@https://registry.npmjs.org/color/-/color-4.2.3.tgz 1ms (cache hit)
4386 http cache escape-string-regexp@https://registry.npmjs.org/escape-string-regexp/-/escape-string-regexp-4.0.0.tgz 0ms (cache hit)
4387 http cache client-only@https://registry.npmjs.org/client-only/-/client-only-0.0.1.tgz 0ms (cache hit)
4388 http cache @testing-library/dom@https://registry.npmjs.org/@testing-library/dom/-/dom-10.4.1.tgz 0ms (cache hit)
4389 http cache @testing-library/user-event@https://registry.npmjs.org/@testing-library/user-event/-/user-event-14.6.4.tgz 0ms (cache hit)
4390 http cache @testing-library/jest-dom@https://registry.npmjs.org/@testing-library/jest-dom/-/jest-dom-6.9.1.tgz 0ms (cache hit)
4391 http cache @react-native-masked-view/masked-view@https://registry.npmjs.org/@react-native-masked-view/masked-view/-/masked-view-0.3.2.tgz 0ms (cache hit)
4392 http cache @radix-ui/react-tabs@https://registry.npmjs.org/@radix-ui/react-tabs/-/react-tabs-1.1.21.tgz 0ms (cache hit)
4393 http cache @radix-ui/react-slot@https://registry.npmjs.org/@radix-ui/react-slot/-/react-slot-1.3.3.tgz 0ms (cache hit)
4394 http cache @expo/schema-utils@https://registry.npmjs.org/@expo/schema-utils/-/schema-utils-57.0.2.tgz 0ms (cache hit)
4395 http cache @expo/metro-runtime@https://registry.npmjs.org/@expo/metro-runtime/-/metro-runtime-57.0.9.tgz 0ms (cache hit)
4396 http cache expo-modules-jsi@https://registry.npmjs.org/expo-modules-jsi/-/expo-modules-jsi-57.0.4.tgz 0ms (cache hit)
4397 http cache commander@https://registry.npmjs.org/commander/-/commander-7.2.0.tgz 0ms (cache hit)
4398 http cache @expo/expo-modules-macros-plugin@https://registry.npmjs.org/@expo/expo-modules-macros-plugin/-/expo-modules-macros-plugin-0.6.1.tgz 0ms (cache hit)
4399 http cache fontfaceobserver@https://registry.npmjs.org/fontfaceobserver/-/fontfaceobserver-2.3.0.tgz 0ms (cache hit)
4400 http cache ua-parser-js@https://registry.npmjs.org/ua-parser-js/-/ua-parser-js-0.7.41.tgz 0ms (cache hit)
4401 http cache parse-png@https://registry.npmjs.org/parse-png/-/parse-png-2.1.0.tgz 0ms (cache hit)
4402 http cache jimp-compact@https://registry.npmjs.org/jimp-compact/-/jimp-compact-0.16.1.tgz 0ms (cache hit)
4403 http cache @expo/image-utils@https://registry.npmjs.org/@expo/image-utils/-/image-utils-0.11.4.tgz 0ms (cache hit)
4404 http cache which@https://registry.npmjs.org/which/-/which-2.0.2.tgz 0ms (cache hit)
4405 http cache shebang-command@https://registry.npmjs.org/shebang-command/-/shebang-command-2.0.0.tgz 0ms (cache hit)
4406 http cache path-key@https://registry.npmjs.org/path-key/-/path-key-3.1.1.tgz 0ms (cache hit)
4407 http cache color-name@https://registry.npmjs.org/color-name/-/color-name-1.1.4.tgz 0ms (cache hit)
4408 http cache color-convert@https://registry.npmjs.org/color-convert/-/color-convert-2.0.1.tgz 0ms (cache hit)
4409 http cache supports-color@https://registry.npmjs.org/supports-color/-/supports-color-7.2.0.tgz 0ms (cache hit)
4410 http cache ansi-styles@https://registry.npmjs.org/ansi-styles/-/ansi-styles-4.3.0.tgz 0ms (cache hit)
4411 http cache @babel/plugin-syntax-decorators@https://registry.npmjs.org/@babel/plugin-syntax-decorators/-/plugin-syntax-decorators-7.29.7.tgz 0ms (cache hit)
4412 http cache babel-plugin-react-native-web@https://registry.npmjs.org/babel-plugin-react-native-web/-/babel-plugin-react-native-web-0.21.2.tgz 0ms (cache hit)
4413 http cache babel-plugin-react-compiler@https://registry.npmjs.org/babel-plugin-react-compiler/-/babel-plugin-react-compiler-1.0.0.tgz 0ms (cache hit)
4414 http cache @babel/preset-typescript@https://registry.npmjs.org/@babel/preset-typescript/-/preset-typescript-7.29.7.tgz 0ms (cache hit)
4415 http cache @babel/plugin-transform-react-pure-annotations@https://registry.npmjs.org/@babel/plugin-transform-react-pure-annotations/-/plugin-transform-react-pure-annotations-7.29.7.tgz 0ms (cache hit)
4416 http cache @babel/plugin-transform-react-jsx-development@https://registry.npmjs.org/@babel/plugin-transform-react-jsx-development/-/plugin-transform-react-jsx-development-7.29.7.tgz 0ms (cache hit)
4417 http cache @babel/plugin-transform-parameters@https://registry.npmjs.org/@babel/plugin-transform-parameters/-/plugin-transform-parameters-7.29.7.tgz 0ms (cache hit)
4418 http cache @babel/plugin-transform-object-rest-spread@https://registry.npmjs.org/@babel/plugin-transform-object-rest-spread/-/plugin-transform-object-rest-spread-7.29.7.tgz 0ms (cache hit)
4419 http cache @babel/plugin-transform-logical-assignment-operators@https://registry.npmjs.org/@babel/plugin-transform-logical-assignment-operators/-/plugin-transform-logical-assignment-operators-7.29.7.tgz 0ms (cache hit)
4420 http cache @babel/plugin-transform-export-namespace-from@https://registry.npmjs.org/@babel/plugin-transform-export-namespace-from/-/plugin-transform-export-namespace-from-7.29.7.tgz 0ms (cache hit)
4421 http cache @babel/plugin-transform-class-static-block@https://registry.npmjs.org/@babel/plugin-transform-class-static-block/-/plugin-transform-class-static-block-7.29.7.tgz 0ms (cache hit)
4422 http cache @babel/plugin-proposal-decorators@https://registry.npmjs.org/@babel/plugin-proposal-decorators/-/plugin-proposal-decorators-7.29.7.tgz 0ms (cache hit)
4423 http cache cross-spawn@https://registry.npmjs.org/cross-spawn/-/cross-spawn-7.0.6.tgz 0ms (cache hit)
4424 http cache xmlbuilder@https://registry.npmjs.org/xmlbuilder/-/xmlbuilder-15.1.1.tgz 0ms (cache hit)
4425 http cache base64-js@https://registry.npmjs.org/base64-js/-/base64-js-1.5.1.tgz 0ms (cache hit)
4426 http cache @xmldom/xmldom@https://registry.npmjs.org/@xmldom/xmldom/-/xmldom-0.8.14.tgz 0ms (cache hit)
4427 http cache postcss@https://registry.npmjs.org/postcss/-/postcss-8.5.26.tgz 0ms (cache hit)
4428 http cache picomatch@https://registry.npmjs.org/picomatch/-/picomatch-4.0.5.tgz 0ms (cache hit)
4429 http cache lightningcss@https://registry.npmjs.org/lightningcss/-/lightningcss-1.33.0.tgz 0ms (cache hit)
4430 http cache jsc-safe-url@https://registry.npmjs.org/jsc-safe-url/-/jsc-safe-url-0.2.4.tgz 0ms (cache hit)
4431 http cache metro-transform-worker@https://registry.npmjs.org/metro-transform-worker/-/metro-transform-worker-0.84.4.tgz 1ms (cache hit)
4432 http cache metro-transform-plugins@https://registry.npmjs.org/metro-transform-plugins/-/metro-transform-plugins-0.84.4.tgz 1ms (cache hit)
4433 http cache metro-symbolicate@https://registry.npmjs.org/metro-symbolicate/-/metro-symbolicate-0.84.4.tgz 1ms (cache hit)
4434 http cache metro-source-map@https://registry.npmjs.org/metro-source-map/-/metro-source-map-0.84.4.tgz 0ms (cache hit)
4435 http cache metro-resolver@https://registry.npmjs.org/metro-resolver/-/metro-resolver-0.84.4.tgz 0ms (cache hit)
4436 http cache metro-minify-terser@https://registry.npmjs.org/metro-minify-terser/-/metro-minify-terser-0.84.4.tgz 0ms (cache hit)
4437 http cache metro-file-map@https://registry.npmjs.org/metro-file-map/-/metro-file-map-0.84.4.tgz 0ms (cache hit)
4438 http cache metro-core@https://registry.npmjs.org/metro-core/-/metro-core-0.84.4.tgz 0ms (cache hit)
4439 http cache metro-cache-key@https://registry.npmjs.org/metro-cache-key/-/metro-cache-key-0.84.4.tgz 0ms (cache hit)
4440 http cache metro-cache@https://registry.npmjs.org/metro-cache/-/metro-cache-0.84.4.tgz 0ms (cache hit)
4441 http cache metro-babel-transformer@https://registry.npmjs.org/metro-babel-transformer/-/metro-babel-transformer-0.84.4.tgz 0ms (cache hit)
4442 http cache metro@https://registry.npmjs.org/metro/-/metro-0.84.4.tgz 0ms (cache hit)
4443 http cache stacktrace-parser@https://registry.npmjs.org/stacktrace-parser/-/stacktrace-parser-0.1.11.tgz 0ms (cache hit)
4444 http cache anser@https://registry.npmjs.org/anser/-/anser-1.4.10.tgz 0ms (cache hit)
4445 http cache resolve-from@https://registry.npmjs.org/resolve-from/-/resolve-from-5.0.0.tgz 0ms (cache hit)
4446 http cache minimatch@https://registry.npmjs.org/minimatch/-/minimatch-10.2.6.tgz 0ms (cache hit)
4447 http cache ignore@https://registry.npmjs.org/ignore/-/ignore-5.3.2.tgz 0ms (cache hit)
4448 http cache arg@https://registry.npmjs.org/arg/-/arg-5.0.2.tgz 0ms (cache hit)
4449 http cache @expo/spawn-async@https://registry.npmjs.org/@expo/spawn-async/-/spawn-async-1.8.0.tgz 0ms (cache hit)
4450 http cache @expo/env@https://registry.npmjs.org/@expo/env/-/env-2.4.2.tgz 0ms (cache hit)
4451 http cache xml2js@https://registry.npmjs.org/xml2js/-/xml2js-0.6.0.tgz 0ms (cache hit)
4452 http cache xcode@https://registry.npmjs.org/xcode/-/xcode-3.0.1.tgz 0ms (cache hit)
4453 http cache chalk@https://registry.npmjs.org/chalk/-/chalk-4.1.2.tgz 0ms (cache hit)
4454 http cache @expo/sdk-runtime-versions@https://registry.npmjs.org/@expo/sdk-runtime-versions/-/sdk-runtime-versions-1.0.0.tgz 0ms (cache hit)
4455 http cache @expo/plist@https://registry.npmjs.org/@expo/plist/-/plist-0.8.1.tgz 1ms (cache hit)
4456 http cache slugify@https://registry.npmjs.org/slugify/-/slugify-1.6.9.tgz 0ms (cache hit)
4457 http cache resolve-workspace-root@https://registry.npmjs.org/resolve-workspace-root/-/resolve-workspace-root-2.0.1.tgz 0ms (cache hit)
4458 http cache glob@https://registry.npmjs.org/glob/-/glob-13.0.6.tgz 0ms (cache hit)
4459 http cache getenv@https://registry.npmjs.org/getenv/-/getenv-2.0.0.tgz 0ms (cache hit)
4460 http cache deepmerge@https://registry.npmjs.org/deepmerge/-/deepmerge-4.3.1.tgz 0ms (cache hit)
4461 http cache @expo/require-utils@https://registry.npmjs.org/@expo/require-utils/-/require-utils-57.0.4.tgz 0ms (cache hit)
4462 http cache @expo/json-file@https://registry.npmjs.org/@expo/json-file/-/json-file-11.0.1.tgz 0ms (cache hit)
4463 http cache @expo/config-types@https://registry.npmjs.org/@expo/config-types/-/config-types-57.0.2.tgz 0ms (cache hit)
4464 http cache whatwg-url-minimum@https://registry.npmjs.org/whatwg-url-minimum/-/whatwg-url-minimum-0.1.2.tgz 0ms (cache hit)
4465 http cache pretty-format@https://registry.npmjs.org/pretty-format/-/pretty-format-29.7.0.tgz 0ms (cache hit)
4466 http cache expo-modules-core@https://registry.npmjs.org/expo-modules-core/-/expo-modules-core-57.0.10.tgz 0ms (cache hit)
4467 http cache expo-modules-autolinking@https://registry.npmjs.org/expo-modules-autolinking/-/expo-modules-autolinking-57.0.9.tgz 0ms (cache hit)
4468 http cache expo-keep-awake@https://registry.npmjs.org/expo-keep-awake/-/expo-keep-awake-57.0.1.tgz 0ms (cache hit)
4469 http cache expo-file-system@https://registry.npmjs.org/expo-file-system/-/expo-file-system-57.0.2.tgz 0ms (cache hit)
4470 http cache expo-asset@https://registry.npmjs.org/expo-asset/-/expo-asset-57.0.10.tgz 0ms (cache hit)
4471 http cache babel-preset-expo@https://registry.npmjs.org/babel-preset-expo/-/babel-preset-expo-57.0.6.tgz 0ms (cache hit)
4472 http cache @ungap/structured-clone@https://registry.npmjs.org/@ungap/structured-clone/-/structured-clone-1.3.3.tgz 0ms (cache hit)
4473 http cache @expo/metro-config@https://registry.npmjs.org/@expo/metro-config/-/metro-config-57.0.8.tgz 0ms (cache hit)
4474 http cache @expo/metro@https://registry.npmjs.org/@expo/metro/-/metro-56.0.0.tgz 0ms (cache hit)
4475 http cache @expo/log-box@https://registry.npmjs.org/@expo/log-box/-/log-box-57.0.2.tgz 0ms (cache hit)
4476 http cache @expo/local-build-cache-provider@https://registry.npmjs.org/@expo/local-build-cache-provider/-/local-build-cache-provider-57.0.6.tgz 0ms (cache hit)
4477 http cache @expo/fingerprint@https://registry.npmjs.org/@expo/fingerprint/-/fingerprint-0.20.7.tgz 0ms (cache hit)
4478 http cache @expo/dom-webview@https://registry.npmjs.org/@expo/dom-webview/-/dom-webview-57.0.1.tgz 0ms (cache hit)
4479 http cache @expo/devtools@https://registry.npmjs.org/@expo/devtools/-/devtools-57.0.1.tgz 0ms (cache hit)
4480 http cache @expo/config-plugins@https://registry.npmjs.org/@expo/config-plugins/-/config-plugins-57.0.7.tgz 0ms (cache hit)
4481 http cache @expo/config@https://registry.npmjs.org/@expo/config/-/config-57.0.7.tgz 0ms (cache hit)
4482 http cache @babel/runtime@https://registry.npmjs.org/@babel/runtime/-/runtime-7.29.7.tgz 0ms (cache hit)
4483 http cache ms@https://registry.npmjs.org/ms/-/ms-2.1.3.tgz 0ms (cache hit)
4484 http cache update-browserslist-db@https://registry.npmjs.org/update-browserslist-db/-/update-browserslist-db-1.3.1.tgz 0ms (cache hit)
4485 http cache node-releases@https://registry.npmjs.org/node-releases/-/node-releases-2.0.53.tgz 0ms (cache hit)
4486 http cache electron-to-chromium@https://registry.npmjs.org/electron-to-chromium/-/electron-to-chromium-1.5.405.tgz 0ms (cache hit)
4487 http cache caniuse-lite@https://registry.npmjs.org/caniuse-lite/-/caniuse-lite-1.0.30001809.tgz 0ms (cache hit)
4488 http cache baseline-browser-mapping@https://registry.npmjs.org/baseline-browser-mapping/-/baseline-browser-mapping-2.11.13.tgz 0ms (cache hit)
4489 http cache core-js-compat@https://registry.npmjs.org/core-js-compat/-/core-js-compat-3.50.0.tgz 0ms (cache hit)
4490 http cache resolve@https://registry.npmjs.org/resolve/-/resolve-1.22.12.tgz 0ms (cache hit)
4491 http cache lodash.debounce@https://registry.npmjs.org/lodash.debounce/-/lodash.debounce-4.0.8.tgz 0ms (cache hit)
4492 http cache @babel/helper-define-polyfill-provider@https://registry.npmjs.org/@babel/helper-define-polyfill-provider/-/helper-define-polyfill-provider-0.6.8.tgz 0ms (cache hit)
4493 http cache proxy-from-env@https://registry.npmjs.org/proxy-from-env/-/proxy-from-env-2.1.0.tgz 0ms (cache hit)
4494 http cache https-proxy-agent@https://registry.npmjs.org/https-proxy-agent/-/https-proxy-agent-5.0.1.tgz 0ms (cache hit)
4495 http cache form-data@https://registry.npmjs.org/form-data/-/form-data-4.0.6.tgz 0ms (cache hit)
4496 http cache follow-redirects@https://registry.npmjs.org/follow-redirects/-/follow-redirects-1.16.0.tgz 0ms (cache hit)
4497 http cache csstype@https://registry.npmjs.org/csstype/-/csstype-3.2.3.tgz 0ms (cache hit)
4498 http cache yargs@https://registry.npmjs.org/yargs/-/yargs-17.7.3.tgz 0ms (cache hit)
4499 http cache tinyglobby@https://registry.npmjs.org/tinyglobby/-/tinyglobby-0.2.17.tgz 0ms (cache hit)
4500 http cache invariant@https://registry.npmjs.org/invariant/-/invariant-2.2.4.tgz 0ms (cache hit)
4501 http cache @jridgewell/resolve-uri@https://registry.npmjs.org/@jridgewell/resolve-uri/-/resolve-uri-3.1.2.tgz 0ms (cache hit)
4502 http cache @jridgewell/sourcemap-codec@https://registry.npmjs.org/@jridgewell/sourcemap-codec/-/sourcemap-codec-1.5.5.tgz 0ms (cache hit)
4503 http cache @babel/helper-string-parser@https://registry.npmjs.org/@babel/helper-string-parser/-/helper-string-parser-7.29.7.tgz 0ms (cache hit)
4504 http cache @babel/plugin-syntax-typescript@https://registry.npmjs.org/@babel/plugin-syntax-typescript/-/plugin-syntax-typescript-7.29.7.tgz 0ms (cache hit)
4505 http cache babel-plugin-polyfill-regenerator@https://registry.npmjs.org/babel-plugin-polyfill-regenerator/-/babel-plugin-polyfill-regenerator-0.6.8.tgz 0ms (cache hit)
4506 http cache babel-plugin-polyfill-corejs3@https://registry.npmjs.org/babel-plugin-polyfill-corejs3/-/babel-plugin-polyfill-corejs3-0.13.0.tgz 0ms (cache hit)
4507 http cache babel-plugin-polyfill-corejs2@https://registry.npmjs.org/babel-plugin-polyfill-corejs2/-/babel-plugin-polyfill-corejs2-0.4.17.tgz 0ms (cache hit)
4508 http cache @babel/plugin-syntax-jsx@https://registry.npmjs.org/@babel/plugin-syntax-jsx/-/plugin-syntax-jsx-7.29.7.tgz 0ms (cache hit)
4509 http cache regexpu-core@https://registry.npmjs.org/regexpu-core/-/regexpu-core-6.4.0.tgz 0ms (cache hit)
4510 http cache @babel/helper-create-regexp-features-plugin@https://registry.npmjs.org/@babel/helper-create-regexp-features-plugin/-/helper-create-regexp-features-plugin-7.29.7.tgz 0ms (cache hit)
4511 http cache @babel/plugin-syntax-flow@https://registry.npmjs.org/@babel/plugin-syntax-flow/-/plugin-syntax-flow-7.29.7.tgz 0ms (cache hit)
4512 http cache @babel/helper-globals@https://registry.npmjs.org/@babel/helper-globals/-/helper-globals-7.29.7.tgz 0ms (cache hit)
4513 http cache @babel/helper-skip-transparent-expression-wrappers@https://registry.npmjs.org/@babel/helper-skip-transparent-expression-wrappers/-/helper-skip-transparent-expression-wrappers-7.29.7.tgz 0ms (cache hit)
4514 http cache @babel/helper-replace-supers@https://registry.npmjs.org/@babel/helper-replace-supers/-/helper-replace-supers-7.29.7.tgz 0ms (cache hit)
4515 http cache @babel/helper-optimise-call-expression@https://registry.npmjs.org/@babel/helper-optimise-call-expression/-/helper-optimise-call-expression-7.29.7.tgz 0ms (cache hit)
4516 http cache @babel/helper-member-expression-to-functions@https://registry.npmjs.org/@babel/helper-member-expression-to-functions/-/helper-member-expression-to-functions-7.29.7.tgz 0ms (cache hit)
4517 http cache @babel/helper-create-class-features-plugin@https://registry.npmjs.org/@babel/helper-create-class-features-plugin/-/helper-create-class-features-plugin-7.29.7.tgz 0ms (cache hit)
4518 http cache @babel/helper-wrap-function@https://registry.npmjs.org/@babel/helper-wrap-function/-/helper-wrap-function-7.29.7.tgz 0ms (cache hit)
4519 http cache @babel/helper-annotate-as-pure@https://registry.npmjs.org/@babel/helper-annotate-as-pure/-/helper-annotate-as-pure-7.29.7.tgz 0ms (cache hit)
4520 http cache @babel/helper-remap-async-to-generator@https://registry.npmjs.org/@babel/helper-remap-async-to-generator/-/helper-remap-async-to-generator-7.29.7.tgz 0ms (cache hit)
4521 http cache @babel/helper-plugin-utils@https://registry.npmjs.org/@babel/helper-plugin-utils/-/helper-plugin-utils-7.29.7.tgz 0ms (cache hit)
4522 http cache @babel/helper-module-imports@https://registry.npmjs.org/@babel/helper-module-imports/-/helper-module-imports-7.29.7.tgz 0ms (cache hit)
4523 http cache lru-cache@https://registry.npmjs.org/lru-cache/-/lru-cache-5.1.1.tgz 0ms (cache hit)
4524 http cache browserslist@https://registry.npmjs.org/browserslist/-/browserslist-4.28.8.tgz 0ms (cache hit)
4525 http cache @babel/helper-validator-option@https://registry.npmjs.org/@babel/helper-validator-option/-/helper-validator-option-7.29.7.tgz 0ms (cache hit)
4526 http cache @babel/compat-data@https://registry.npmjs.org/@babel/compat-data/-/compat-data-7.29.7.tgz 0ms (cache hit)
4527 http cache jsesc@https://registry.npmjs.org/jsesc/-/jsesc-3.1.0.tgz 0ms (cache hit)
4528 http cache @jridgewell/trace-mapping@https://registry.npmjs.org/@jridgewell/trace-mapping/-/trace-mapping-0.3.31.tgz 0ms (cache hit)
4529 http cache @jridgewell/gen-mapping@https://registry.npmjs.org/@jridgewell/gen-mapping/-/gen-mapping-0.3.13.tgz 0ms (cache hit)
4530 http cache picocolors@https://registry.npmjs.org/picocolors/-/picocolors-1.1.1.tgz 0ms (cache hit)
4531 http cache js-tokens@https://registry.npmjs.org/js-tokens/-/js-tokens-4.0.0.tgz 0ms (cache hit)
4532 http cache @babel/helper-validator-identifier@https://registry.npmjs.org/@babel/helper-validator-identifier/-/helper-validator-identifier-7.29.7.tgz 0ms (cache hit)
4533 http cache debug@https://registry.npmjs.org/debug/-/debug-4.4.3.tgz 0ms (cache hit)
4534 http cache @jridgewell/remapping@https://registry.npmjs.org/@jridgewell/remapping/-/remapping-2.3.5.tgz 0ms (cache hit)
4535 http cache @babel/types@https://registry.npmjs.org/@babel/types/-/types-7.29.8.tgz 1ms (cache hit)
4536 http cache @babel/traverse@https://registry.npmjs.org/@babel/traverse/-/traverse-7.29.8.tgz 0ms (cache hit)
4537 http cache @babel/template@https://registry.npmjs.org/@babel/template/-/template-7.29.7.tgz 0ms (cache hit)
4538 http cache @babel/parser@https://registry.npmjs.org/@babel/parser/-/parser-7.29.8.tgz 0ms (cache hit)
4539 http cache @babel/helpers@https://registry.npmjs.org/@babel/helpers/-/helpers-7.29.7.tgz 0ms (cache hit)
4540 http cache @babel/helper-module-transforms@https://registry.npmjs.org/@babel/helper-module-transforms/-/helper-module-transforms-7.29.7.tgz 0ms (cache hit)
4541 http cache @babel/helper-compilation-targets@https://registry.npmjs.org/@babel/helper-compilation-targets/-/helper-compilation-targets-7.29.7.tgz 0ms (cache hit)
4542 http cache @babel/code-frame@https://registry.npmjs.org/@babel/code-frame/-/code-frame-7.29.7.tgz 0ms (cache hit)
4543 http cache @babel/generator@https://registry.npmjs.org/@babel/generator/-/generator-7.29.8.tgz 0ms (cache hit)
4544 http cache react-refresh@https://registry.npmjs.org/react-refresh/-/react-refresh-0.14.2.tgz 0ms (cache hit)
4545 http cache babel-plugin-transform-flow-enums@https://registry.npmjs.org/babel-plugin-transform-flow-enums/-/babel-plugin-transform-flow-enums-0.0.2.tgz 0ms (cache hit)
4546 http cache babel-plugin-syntax-hermes-parser@https://registry.npmjs.org/babel-plugin-syntax-hermes-parser/-/babel-plugin-syntax-hermes-parser-0.36.1.tgz 0ms (cache hit)
4547 http cache @babel/plugin-transform-unicode-regex@https://registry.npmjs.org/@babel/plugin-transform-unicode-regex/-/plugin-transform-unicode-regex-7.29.7.tgz 0ms (cache hit)
4548 http cache @babel/plugin-transform-typescript@https://registry.npmjs.org/@babel/plugin-transform-typescript/-/plugin-transform-typescript-7.29.7.tgz 0ms (cache hit)
4549 http cache @babel/plugin-transform-runtime@https://registry.npmjs.org/@babel/plugin-transform-runtime/-/plugin-transform-runtime-7.29.7.tgz 0ms (cache hit)
4550 http cache @babel/plugin-transform-react-jsx@https://registry.npmjs.org/@babel/plugin-transform-react-jsx/-/plugin-transform-react-jsx-7.29.7.tgz 0ms (cache hit)
4551 http cache @babel/plugin-transform-react-display-name@https://registry.npmjs.org/@babel/plugin-transform-react-display-name/-/plugin-transform-react-display-name-7.29.7.tgz 0ms (cache hit)
4552 http cache @babel/plugin-transform-private-property-in-object@https://registry.npmjs.org/@babel/plugin-transform-private-property-in-object/-/plugin-transform-private-property-in-object-7.29.7.tgz 0ms (cache hit)
4553 http cache @babel/plugin-transform-private-methods@https://registry.npmjs.org/@babel/plugin-transform-private-methods/-/plugin-transform-private-methods-7.29.7.tgz 0ms (cache hit)
4554 http cache @babel/plugin-transform-optional-chaining@https://registry.npmjs.org/@babel/plugin-transform-optional-chaining/-/plugin-transform-optional-chaining-7.29.7.tgz 0ms (cache hit)
4555 http cache @babel/plugin-transform-optional-catch-binding@https://registry.npmjs.org/@babel/plugin-transform-optional-catch-binding/-/plugin-transform-optional-catch-binding-7.29.7.tgz 0ms (cache hit)
4556 http cache @babel/plugin-transform-nullish-coalescing-operator@https://registry.npmjs.org/@babel/plugin-transform-nullish-coalescing-operator/-/plugin-transform-nullish-coalescing-operator-7.29.7.tgz 0ms (cache hit)
4557 http cache @babel/plugin-transform-named-capturing-groups-regex@https://registry.npmjs.org/@babel/plugin-transform-named-capturing-groups-regex/-/plugin-transform-named-capturing-groups-regex-7.29.7.tgz 0ms (cache hit)
4558 http cache @babel/plugin-transform-modules-commonjs@https://registry.npmjs.org/@babel/plugin-transform-modules-commonjs/-/plugin-transform-modules-commonjs-7.29.7.tgz 0ms (cache hit)
4559 http cache @babel/plugin-transform-for-of@https://registry.npmjs.org/@babel/plugin-transform-for-of/-/plugin-transform-for-of-7.29.7.tgz 0ms (cache hit)
4560 http cache @babel/plugin-transform-flow-strip-types@https://registry.npmjs.org/@babel/plugin-transform-flow-strip-types/-/plugin-transform-flow-strip-types-7.29.7.tgz 0ms (cache hit)
4561 http cache @babel/plugin-transform-destructuring@https://registry.npmjs.org/@babel/plugin-transform-destructuring/-/plugin-transform-destructuring-7.29.7.tgz 0ms (cache hit)
4562 http cache @babel/plugin-transform-classes@https://registry.npmjs.org/@babel/plugin-transform-classes/-/plugin-transform-classes-7.29.7.tgz 0ms (cache hit)
4563 http cache @babel/plugin-transform-class-properties@https://registry.npmjs.org/@babel/plugin-transform-class-properties/-/plugin-transform-class-properties-7.29.7.tgz 0ms (cache hit)
4564 http cache @babel/plugin-transform-block-scoping@https://registry.npmjs.org/@babel/plugin-transform-block-scoping/-/plugin-transform-block-scoping-7.29.7.tgz 0ms (cache hit)
4565 http cache @babel/plugin-transform-async-to-generator@https://registry.npmjs.org/@babel/plugin-transform-async-to-generator/-/plugin-transform-async-to-generator-7.29.7.tgz 0ms (cache hit)
4566 http cache @babel/plugin-transform-async-generator-functions@https://registry.npmjs.org/@babel/plugin-transform-async-generator-functions/-/plugin-transform-async-generator-functions-7.29.7.tgz 0ms (cache hit)
4567 http cache @babel/plugin-syntax-optional-chaining@https://registry.npmjs.org/@babel/plugin-syntax-optional-chaining/-/plugin-syntax-optional-chaining-7.8.3.tgz 0ms (cache hit)
4568 http cache @babel/plugin-syntax-nullish-coalescing-operator@https://registry.npmjs.org/@babel/plugin-syntax-nullish-coalescing-operator/-/plugin-syntax-nullish-coalescing-operator-7.8.3.tgz 0ms (cache hit)
4569 http cache @babel/plugin-syntax-export-default-from@https://registry.npmjs.org/@babel/plugin-syntax-export-default-from/-/plugin-syntax-export-default-from-7.29.7.tgz 0ms (cache hit)
4570 http cache @babel/plugin-syntax-dynamic-import@https://registry.npmjs.org/@babel/plugin-syntax-dynamic-import/-/plugin-syntax-dynamic-import-7.8.3.tgz 0ms (cache hit)
4571 http cache @babel/core@https://registry.npmjs.org/@babel/core/-/core-7.29.7.tgz 0ms (cache hit)
4572 http cache @babel/plugin-proposal-export-default-from@https://registry.npmjs.org/@babel/plugin-proposal-export-default-from/-/plugin-proposal-export-default-from-7.29.7.tgz 0ms (cache hit)
4573 http cache nullthrows@https://registry.npmjs.org/nullthrows/-/nullthrows-1.1.1.tgz 0ms (cache hit)
4574 http cache hermes-parser@https://registry.npmjs.org/hermes-parser/-/hermes-parser-0.36.1.tgz 0ms (cache hit)
4575 http cache idb@https://registry.npmjs.org/idb/-/idb-8.0.3.tgz 0ms (cache hit)
4576 http cache @standard-schema/utils@https://registry.npmjs.org/@standard-schema/utils/-/utils-0.3.0.tgz 0ms (cache hit)
4577 http cache vaul@https://registry.npmjs.org/vaul/-/vaul-1.1.2.tgz 0ms (cache hit)
4578 http cache sf-symbols-typescript@https://registry.npmjs.org/sf-symbols-typescript/-/sf-symbols-typescript-2.2.0.tgz 0ms (cache hit)
4579 http cache semver@https://registry.npmjs.org/semver/-/semver-7.8.5.tgz 0ms (cache hit)
4580 http cache json5@https://registry.npmjs.org/json5/-/json5-2.2.3.tgz 0ms (cache hit)
4581 http cache gensync@https://registry.npmjs.org/gensync/-/gensync-1.0.0-beta.2.tgz 0ms (cache hit)
4582 http cache convert-source-map@https://registry.npmjs.org/convert-source-map/-/convert-source-map-2.0.0.tgz 1ms (cache hit)
4583 http cache zustand@https://registry.npmjs.org/zustand/-/zustand-5.0.15.tgz 1ms (cache hit)
4584 http cache typescript@https://registry.npmjs.org/typescript/-/typescript-6.0.3.tgz 0ms (cache hit)
4585 http cache zod@https://registry.npmjs.org/zod/-/zod-4.4.3.tgz 0ms (cache hit)
4586 http cache react-native-screens@https://registry.npmjs.org/react-native-screens/-/react-native-screens-4.26.2.tgz 0ms (cache hit)
4587 http cache react-native-web@https://registry.npmjs.org/react-native-web/-/react-native-web-0.21.2.tgz 0ms (cache hit)
4588 http cache react-native-worklets@https://registry.npmjs.org/react-native-worklets/-/react-native-worklets-0.10.1.tgz 0ms (cache hit)
4589 http cache react-native-reanimated@https://registry.npmjs.org/react-native-reanimated/-/react-native-reanimated-4.5.1.tgz 0ms (cache hit)
4590 http cache react-native-paper@https://registry.npmjs.org/react-native-paper/-/react-native-paper-5.15.3.tgz 1ms (cache hit)
4591 http cache react-native-gesture-handler@https://registry.npmjs.org/react-native-gesture-handler/-/react-native-gesture-handler-2.32.0.tgz 0ms (cache hit)
4592 http cache react-dom@https://registry.npmjs.org/react-dom/-/react-dom-19.2.3.tgz 0ms (cache hit)
4593 http cache react-native-svg@https://registry.npmjs.org/react-native-svg/-/react-native-svg-15.15.5.tgz 0ms (cache hit)
4594 http cache lucide-react-native@https://registry.npmjs.org/lucide-react-native/-/lucide-react-native-1.31.0.tgz 0ms (cache hit)
4595 http cache expo-web-browser@https://registry.npmjs.org/expo-web-browser/-/expo-web-browser-57.0.2.tgz 1ms (cache hit)
4596 http cache expo-system-ui@https://registry.npmjs.org/expo-system-ui/-/expo-system-ui-57.0.2.tgz 0ms (cache hit)
4597 http cache expo-symbols@https://registry.npmjs.org/expo-symbols/-/expo-symbols-57.0.2.tgz 0ms (cache hit)
4598 http cache expo-status-bar@https://registry.npmjs.org/expo-status-bar/-/expo-status-bar-57.0.1.tgz 0ms (cache hit)
4599 http cache expo-splash-screen@https://registry.npmjs.org/expo-splash-screen/-/expo-splash-screen-57.0.6.tgz 0ms (cache hit)
4600 http cache expo-sharing@https://registry.npmjs.org/expo-sharing/-/expo-sharing-57.0.11.tgz 1ms (cache hit)
4601 http cache react-native-safe-area-context@https://registry.npmjs.org/react-native-safe-area-context/-/react-native-safe-area-context-5.7.0.tgz 0ms (cache hit)
4602 http cache expo-router@https://registry.npmjs.org/expo-router/-/expo-router-57.0.12.tgz 0ms (cache hit)
4603 http cache expo-print@https://registry.npmjs.org/expo-print/-/expo-print-57.0.1.tgz 0ms (cache hit)
4604 http cache expo-linking@https://registry.npmjs.org/expo-linking/-/expo-linking-57.0.5.tgz 0ms (cache hit)
4605 http cache expo-image@https://registry.npmjs.org/expo-image/-/expo-image-57.0.2.tgz 0ms (cache hit)
4606 http cache expo-font@https://registry.npmjs.org/expo-font/-/expo-font-57.0.1.tgz 0ms (cache hit)
4607 http cache expo-glass-effect@https://registry.npmjs.org/expo-glass-effect/-/expo-glass-effect-57.0.1.tgz 0ms (cache hit)
4608 http cache expo-constants@https://registry.npmjs.org/expo-constants/-/expo-constants-57.0.10.tgz 0ms (cache hit)
4609 http cache expo-device@https://registry.npmjs.org/expo-device/-/expo-device-57.0.1.tgz 0ms (cache hit)
4610 http cache axios@https://registry.npmjs.org/axios/-/axios-1.19.0.tgz 0ms (cache hit)
4611 http cache @types/react@https://registry.npmjs.org/@types/react/-/react-19.2.18.tgz 0ms (cache hit)
4612 http cache @react-native-async-storage/async-storage@https://registry.npmjs.org/@react-native-async-storage/async-storage/-/async-storage-3.1.1.tgz 0ms (cache hit)
4613 http cache react-hook-form@https://registry.npmjs.org/react-hook-form/-/react-hook-form-7.85.0.tgz 0ms (cache hit)
4614 http cache @hookform/resolvers@https://registry.npmjs.org/@hookform/resolvers/-/resolvers-5.7.1.tgz 0ms (cache hit)
4615 http cache react-native@https://registry.npmjs.org/react-native/-/react-native-0.86.2.tgz 0ms (cache hit)
4616 http cache expo@https://registry.npmjs.org/expo/-/expo-57.0.12.tgz 0ms (cache hit)
4617 http cache react@https://registry.npmjs.org/react/-/react-19.2.3.tgz 0ms (cache hit)
4618 http cache @expo/ui@https://registry.npmjs.org/@expo/ui/-/ui-57.0.10.tgz 0ms (cache hit)
4619 http cache type-fest@https://registry.npmjs.org/type-fest/-/type-fest-0.21.3.tgz 0ms (cache hit)
4620 http cache has-flag@https://registry.npmjs.org/has-flag/-/has-flag-3.0.0.tgz 0ms (cache hit)
4621 http cache color-name@https://registry.npmjs.org/color-name/-/color-name-1.1.3.tgz 0ms (cache hit)
4622 http cache color-convert@https://registry.npmjs.org/color-convert/-/color-convert-1.9.3.tgz 0ms (cache hit)
4623 http cache supports-color@https://registry.npmjs.org/supports-color/-/supports-color-5.5.0.tgz 0ms (cache hit)
4624 http cache escape-string-regexp@https://registry.npmjs.org/escape-string-regexp/-/escape-string-regexp-1.0.5.tgz 0ms (cache hit)
4625 http cache ansi-styles@https://registry.npmjs.org/ansi-styles/-/ansi-styles-3.2.1.tgz 0ms (cache hit)
4626 http cache chalk@https://registry.npmjs.org/chalk/-/chalk-2.4.2.tgz 0ms (cache hit)
4627 http cache lru-cache@https://registry.npmjs.org/lru-cache/-/lru-cache-10.4.3.tgz 0ms (cache hit)
4628 http cache has-flag@https://registry.npmjs.org/has-flag/-/has-flag-3.0.0.tgz 0ms (cache hit)
4629 http cache ansi-regex@https://registry.npmjs.org/ansi-regex/-/ansi-regex-4.1.1.tgz 1ms (cache hit)
4630 http cache color-name@https://registry.npmjs.org/color-name/-/color-name-1.1.3.tgz 0ms (cache hit)
4631 http cache color-convert@https://registry.npmjs.org/color-convert/-/color-convert-1.9.3.tgz 0ms (cache hit)
4632 http cache supports-color@https://registry.npmjs.org/supports-color/-/supports-color-5.5.0.tgz 0ms (cache hit)
4633 http cache escape-string-regexp@https://registry.npmjs.org/escape-string-regexp/-/escape-string-regexp-1.0.5.tgz 0ms (cache hit)
4634 http cache ansi-styles@https://registry.npmjs.org/ansi-styles/-/ansi-styles-3.2.1.tgz 0ms (cache hit)
4635 http cache strip-ansi@https://registry.npmjs.org/strip-ansi/-/strip-ansi-5.2.0.tgz 0ms (cache hit)
4636 http cache chalk@https://registry.npmjs.org/chalk/-/chalk-2.4.2.tgz 0ms (cache hit)
4637 http cache ms@https://registry.npmjs.org/ms/-/ms-2.0.0.tgz 0ms (cache hit)
4638 http cache negotiator@https://registry.npmjs.org/negotiator/-/negotiator-0.6.4.tgz 0ms (cache hit)
4639 http cache debug@https://registry.npmjs.org/debug/-/debug-2.6.9.tgz 0ms (cache hit)
4640 http cache debug@https://registry.npmjs.org/debug/-/debug-3.2.7.tgz 0ms (cache hit)
4641 http cache @xmldom/xmldom@https://registry.npmjs.org/@xmldom/xmldom/-/xmldom-0.9.11.tgz 0ms (cache hit)
4642 http cache source-map@https://registry.npmjs.org/source-map/-/source-map-0.6.1.tgz 0ms (cache hit)
4643 http cache statuses@https://registry.npmjs.org/statuses/-/statuses-2.0.2.tgz 0ms (cache hit)
4644 http cache statuses@https://registry.npmjs.org/statuses/-/statuses-2.0.2.tgz 0ms (cache hit)
4645 http cache on-finished@https://registry.npmjs.org/on-finished/-/on-finished-2.4.1.tgz 0ms (cache hit)
4646 http cache encodeurl@https://registry.npmjs.org/encodeurl/-/encodeurl-2.0.0.tgz 0ms (cache hit)
4647 http cache debug@https://registry.npmjs.org/debug/-/debug-2.6.9.tgz 0ms (cache hit)
4648 http cache ms@https://registry.npmjs.org/ms/-/ms-2.0.0.tgz 0ms (cache hit)
4649 http cache ua-parser-js@https://registry.npmjs.org/ua-parser-js/-/ua-parser-js-1.0.41.tgz 0ms (cache hit)
4650 http cache promise@https://registry.npmjs.org/promise/-/promise-7.3.1.tgz 0ms (cache hit)
4651 http cache source-map@https://registry.npmjs.org/source-map/-/source-map-0.6.1.tgz 0ms (cache hit)
4652 http cache deepmerge@https://registry.npmjs.org/deepmerge/-/deepmerge-3.3.0.tgz 0ms (cache hit)
4653 http cache react-is@https://registry.npmjs.org/react-is/-/react-is-16.13.1.tgz 0ms (cache hit)
4654 http cache ms@https://registry.npmjs.org/ms/-/ms-2.0.0.tgz 0ms (cache hit)
4655 http cache debug@https://registry.npmjs.org/debug/-/debug-2.6.9.tgz 0ms (cache hit)
4656 http cache hermes-parser@https://registry.npmjs.org/hermes-parser/-/hermes-parser-0.36.0.tgz 0ms (cache hit)
4657 http cache hermes-estree@https://registry.npmjs.org/hermes-estree/-/hermes-estree-0.36.0.tgz 0ms (cache hit)
4658 http cache hermes-estree@https://registry.npmjs.org/hermes-estree/-/hermes-estree-0.36.0.tgz 0ms (cache hit)
4659 http cache hermes-parser@https://registry.npmjs.org/hermes-parser/-/hermes-parser-0.36.0.tgz 0ms (cache hit)
4660 http cache babel-plugin-syntax-hermes-parser@https://registry.npmjs.org/babel-plugin-syntax-hermes-parser/-/babel-plugin-syntax-hermes-parser-0.36.0.tgz 0ms (cache hit)
4661 http cache hermes-estree@https://registry.npmjs.org/hermes-estree/-/hermes-estree-0.36.0.tgz 0ms (cache hit)
4662 http cache hermes-parser@https://registry.npmjs.org/hermes-parser/-/hermes-parser-0.36.0.tgz 0ms (cache hit)
4663 http cache encodeurl@https://registry.npmjs.org/encodeurl/-/encodeurl-2.0.0.tgz 0ms (cache hit)
4664 http cache picomatch@https://registry.npmjs.org/picomatch/-/picomatch-2.3.2.tgz 0ms (cache hit)
4665 http cache commander@https://registry.npmjs.org/commander/-/commander-2.20.3.tgz 0ms (cache hit)
4666 http cache picomatch@https://registry.npmjs.org/picomatch/-/picomatch-2.3.2.tgz 0ms (cache hit)
4667 http cache ci-info@https://registry.npmjs.org/ci-info/-/ci-info-3.9.0.tgz 0ms (cache hit)
4668 http cache ms@https://registry.npmjs.org/ms/-/ms-2.0.0.tgz 0ms (cache hit)
4669 http cache debug@https://registry.npmjs.org/debug/-/debug-2.6.9.tgz 0ms (cache hit)
4670 http cache supports-color@https://registry.npmjs.org/supports-color/-/supports-color-8.1.1.tgz 0ms (cache hit)
4671 http cache ms@https://registry.npmjs.org/ms/-/ms-2.0.0.tgz 0ms (cache hit)
4672 http cache debug@https://registry.npmjs.org/debug/-/debug-2.6.9.tgz 0ms (cache hit)
4673 http cache mime-db@https://registry.npmjs.org/mime-db/-/mime-db-1.54.0.tgz 0ms (cache hit)
4674 http cache mime-types@https://registry.npmjs.org/mime-types/-/mime-types-3.0.2.tgz 0ms (cache hit)
4675 http cache lru-cache@https://registry.npmjs.org/lru-cache/-/lru-cache-11.5.2.tgz 0ms (cache hit)
4676 http cache react-is@https://registry.npmjs.org/react-is/-/react-is-17.0.2.tgz 0ms (cache hit)
4677 http cache pretty-format@https://registry.npmjs.org/pretty-format/-/pretty-format-27.5.1.tgz 0ms (cache hit)
4678 http cache dom-accessibility-api@https://registry.npmjs.org/dom-accessibility-api/-/dom-accessibility-api-0.6.3.tgz 0ms (cache hit)
4679 http cache agent-base@https://registry.npmjs.org/agent-base/-/agent-base-7.1.4.tgz 0ms (cache hit)
4680 http cache https-proxy-agent@https://registry.npmjs.org/https-proxy-agent/-/https-proxy-agent-7.0.6.tgz 0ms (cache hit)
4681 http cache hermes-estree@https://registry.npmjs.org/hermes-estree/-/hermes-estree-0.35.0.tgz 0ms (cache hit)
4682 http cache ansi-styles@https://registry.npmjs.org/ansi-styles/-/ansi-styles-5.2.0.tgz 0ms (cache hit)
4683 http cache hermes-parser@https://registry.npmjs.org/hermes-parser/-/hermes-parser-0.35.0.tgz 0ms (cache hit)
4684 http cache hermes-estree@https://registry.npmjs.org/hermes-estree/-/hermes-estree-0.35.0.tgz 0ms (cache hit)
4685 http cache mime-db@https://registry.npmjs.org/mime-db/-/mime-db-1.54.0.tgz 0ms (cache hit)
4686 http cache hermes-parser@https://registry.npmjs.org/hermes-parser/-/hermes-parser-0.35.0.tgz 0ms (cache hit)
4687 http cache mime-types@https://registry.npmjs.org/mime-types/-/mime-types-3.0.2.tgz 0ms (cache hit)
4688 http cache xmlbuilder@https://registry.npmjs.org/xmlbuilder/-/xmlbuilder-11.0.1.tgz 0ms (cache hit)
4689 http cache react-is@https://registry.npmjs.org/react-is/-/react-is-18.3.1.tgz 0ms (cache hit)
4690 http cache ansi-styles@https://registry.npmjs.org/ansi-styles/-/ansi-styles-5.2.0.tgz 0ms (cache hit)
4691 http cache semver@https://registry.npmjs.org/semver/-/semver-6.3.1.tgz 0ms (cache hit)
4692 http cache semver@https://registry.npmjs.org/semver/-/semver-6.3.1.tgz 0ms (cache hit)
4693 http cache semver@https://registry.npmjs.org/semver/-/semver-6.3.1.tgz 0ms (cache hit)
4694 http cache semver@https://registry.npmjs.org/semver/-/semver-6.3.1.tgz 0ms (cache hit)
4695 http cache semver@https://registry.npmjs.org/semver/-/semver-6.3.1.tgz 0ms (cache hit)
4696 http cache semver@https://registry.npmjs.org/semver/-/semver-6.3.1.tgz 0ms (cache hit)
4697 http cache memoize-one@https://registry.npmjs.org/memoize-one/-/memoize-one-6.0.0.tgz 0ms (cache hit)
4698 http cache @react-native/normalize-colors@https://registry.npmjs.org/@react-native/normalize-colors/-/normalize-colors-0.74.89.tgz 0ms (cache hit)
4699 http cache color-name@https://registry.npmjs.org/color-name/-/color-name-1.1.3.tgz 0ms (cache hit)
4700 http cache color-convert@https://registry.npmjs.org/color-convert/-/color-convert-1.9.3.tgz 0ms (cache hit)
4701 http cache color@https://registry.npmjs.org/color/-/color-3.2.1.tgz 0ms (cache hit)
4702 http cache hermes-estree@https://registry.npmjs.org/hermes-estree/-/hermes-estree-0.36.0.tgz 0ms (cache hit)
4703 http cache hermes-parser@https://registry.npmjs.org/hermes-parser/-/hermes-parser-0.36.0.tgz 0ms (cache hit)
4704 http cache commander@https://registry.npmjs.org/commander/-/commander-12.1.0.tgz 0ms (cache hit)
4705 http cache babel-plugin-syntax-hermes-parser@https://registry.npmjs.org/babel-plugin-syntax-hermes-parser/-/babel-plugin-syntax-hermes-parser-0.36.0.tgz 0ms (cache hit)
4706 http cache negotiator@https://registry.npmjs.org/negotiator/-/negotiator-0.6.3.tgz 0ms (cache hit)
4707 http cache zod@https://registry.npmjs.org/zod/-/zod-3.25.76.tgz 0ms (cache hit)
4708 http cache ci-info@https://registry.npmjs.org/ci-info/-/ci-info-3.9.0.tgz 0ms (cache hit)
4709 http cache accepts@https://registry.npmjs.org/accepts/-/accepts-1.3.8.tgz 0ms (cache hit)
4710 http cache ws@https://registry.npmjs.org/ws/-/ws-8.21.3.tgz 0ms (cache hit)
4711 http cache @expo/ws-tunnel@https://registry.npmjs.org/@expo/ws-tunnel/-/ws-tunnel-2.0.0.tgz 0ms (cache hit)
4712 http cache @expo/cli@https://registry.npmjs.org/@expo/cli/-/cli-57.0.14.tgz 0ms (cache hit)
4713 http cache @expo/router-server@https://registry.npmjs.org/@expo/router-server/-/router-server-57.0.5.tgz 0ms (cache hit)
4714 http cache regenerate@https://registry.npmjs.org/regenerate/-/regenerate-1.4.2.tgz 0ms (cache hit)
4715 silly tarball no local data for clone@https://registry.npmjs.org/clone/-/clone-1.0.4.tgz. Extracting by manifest.
4716 silly tarball no local data for defaults@https://registry.npmjs.org/defaults/-/defaults-1.0.4.tgz. Extracting by manifest.
4717 silly tarball no local data for supports-hyperlinks@https://registry.npmjs.org/supports-hyperlinks/-/supports-hyperlinks-2.3.0.tgz. Extracting by manifest.
4718 silly tarball no local data for ansi-escapes@https://registry.npmjs.org/ansi-escapes/-/ansi-escapes-4.3.2.tgz. Extracting by manifest.
4719 silly tarball no local data for mimic-fn@https://registry.npmjs.org/mimic-fn/-/mimic-fn-1.2.0.tgz. Extracting by manifest.
4720 silly tarball no local data for signal-exit@https://registry.npmjs.org/signal-exit/-/signal-exit-3.0.7.tgz. Extracting by manifest.
4721 silly tarball no local data for onetime@https://registry.npmjs.org/onetime/-/onetime-2.0.1.tgz. Extracting by manifest.
4722 silly tarball no local data for sisteransi@https://registry.npmjs.org/sisteransi/-/sisteransi-1.0.5.tgz. Extracting by manifest.
4723 silly tarball no local data for kleur@https://registry.npmjs.org/kleur/-/kleur-3.0.3.tgz. Extracting by manifest.
4724 silly tarball no local data for restore-cursor@https://registry.npmjs.org/restore-cursor/-/restore-cursor-2.0.0.tgz. Extracting by manifest.
4725 silly tarball no local data for wcwidth@https://registry.npmjs.org/wcwidth/-/wcwidth-1.0.1.tgz. Extracting by manifest.
4726 silly tarball no local data for log-symbols@https://registry.npmjs.org/log-symbols/-/log-symbols-2.2.0.tgz. Extracting by manifest.
4727 silly tarball no local data for cli-spinners@https://registry.npmjs.org/cli-spinners/-/cli-spinners-2.9.2.tgz. Extracting by manifest.
4728 silly tarball no local data for cli-cursor@https://registry.npmjs.org/cli-cursor/-/cli-cursor-2.1.0.tgz. Extracting by manifest.
4729 silly tarball no local data for validate-npm-package-name@https://registry.npmjs.org/validate-npm-package-name/-/validate-npm-package-name-5.0.1.tgz. Extracting by manifest.
4730 silly tarball no local data for proc-log@https://registry.npmjs.org/proc-log/-/proc-log-4.2.0.tgz. Extracting by manifest.
4731 silly tarball no local data for hosted-git-info@https://registry.npmjs.org/hosted-git-info/-/hosted-git-info-7.0.2.tgz. Extracting by manifest.
4732 silly tarball no local data for argparse@https://registry.npmjs.org/argparse/-/argparse-2.0.1.tgz. Extracting by manifest.
4733 silly tarball no local data for vary@https://registry.npmjs.org/vary/-/vary-1.1.2.tgz. Extracting by manifest.
4734 silly tarball no local data for safe-buffer@https://registry.npmjs.org/safe-buffer/-/safe-buffer-5.2.1.tgz. Extracting by manifest.
4735 silly tarball no local data for on-headers@https://registry.npmjs.org/on-headers/-/on-headers-1.1.0.tgz. Extracting by manifest.
4736 silly tarball no local data for compressible@https://registry.npmjs.org/compressible/-/compressible-2.0.18.tgz. Extracting by manifest.
4737 silly tarball no local data for bytes@https://registry.npmjs.org/bytes/-/bytes-3.1.2.tgz. Extracting by manifest.
4738 silly tarball no local data for js-yaml@https://registry.npmjs.org/js-yaml/-/js-yaml-4.3.1.tgz. Extracting by manifest.
4739 silly tarball no local data for @expo/sudo-prompt@https://registry.npmjs.org/@expo/sudo-prompt/-/sudo-prompt-9.3.2.tgz. Extracting by manifest.
4740 silly tarball no local data for toqr@https://registry.npmjs.org/toqr/-/toqr-0.1.1.tgz. Extracting by manifest.
4741 silly tarball no local data for terminal-link@https://registry.npmjs.org/terminal-link/-/terminal-link-2.1.1.tgz. Extracting by manifest.
4742 silly tarball no local data for structured-headers@https://registry.npmjs.org/structured-headers/-/structured-headers-0.4.1.tgz. Extracting by manifest.
4743 silly tarball no local data for prompts@https://registry.npmjs.org/prompts/-/prompts-2.4.2.tgz. Extracting by manifest.
4744 silly tarball no local data for progress@https://registry.npmjs.org/progress/-/progress-2.0.3.tgz. Extracting by manifest.
4745 silly tarball no local data for ora@https://registry.npmjs.org/ora/-/ora-3.4.0.tgz. Extracting by manifest.
4746 silly tarball no local data for npm-package-arg@https://registry.npmjs.org/npm-package-arg/-/npm-package-arg-11.0.3.tgz. Extracting by manifest.
4747 silly tarball no local data for node-forge@https://registry.npmjs.org/node-forge/-/node-forge-1.4.0.tgz. Extracting by manifest.
4748 silly tarball no local data for multitars@https://registry.npmjs.org/multitars/-/multitars-1.0.2.tgz. Extracting by manifest.
4749 silly tarball no local data for lan-network@https://registry.npmjs.org/lan-network/-/lan-network-0.2.1.tgz. Extracting by manifest.
4750 silly tarball no local data for fetch-nodeshim@https://registry.npmjs.org/fetch-nodeshim/-/fetch-nodeshim-0.4.10.tgz. Extracting by manifest.
4751 silly tarball no local data for dnssd-advertise@https://registry.npmjs.org/dnssd-advertise/-/dnssd-advertise-1.1.6.tgz. Extracting by manifest.
4752 silly tarball no local data for compression@https://registry.npmjs.org/compression/-/compression-1.8.1.tgz. Extracting by manifest.
4753 silly tarball no local data for agent-cli-detector@https://registry.npmjs.org/agent-cli-detector/-/agent-cli-detector-0.1.5.tgz. Extracting by manifest.
4754 silly tarball no local data for @expo/xcpretty@https://registry.npmjs.org/@expo/xcpretty/-/xcpretty-4.4.4.tgz. Extracting by manifest.
4755 silly tarball no local data for @expo/prebuild-config@https://registry.npmjs.org/@expo/prebuild-config/-/prebuild-config-57.0.11.tgz. Extracting by manifest.
4756 silly tarball no local data for @expo/package-manager@https://registry.npmjs.org/@expo/package-manager/-/package-manager-1.13.1.tgz. Extracting by manifest.
4757 silly tarball no local data for @expo/osascript@https://registry.npmjs.org/@expo/osascript/-/osascript-2.7.1.tgz. Extracting by manifest.
4758 silly tarball no local data for @expo/metro-file-map@https://registry.npmjs.org/@expo/metro-file-map/-/metro-file-map-57.0.1.tgz. Extracting by manifest.
4759 silly tarball no local data for @expo/inline-modules@https://registry.npmjs.org/@expo/inline-modules/-/inline-modules-0.1.5.tgz. Extracting by manifest.
4760 silly tarball no local data for @expo/devcert@https://registry.npmjs.org/@expo/devcert/-/devcert-1.2.1.tgz. Extracting by manifest.
4761 silly tarball no local data for @expo/code-signing-certificates@https://registry.npmjs.org/@expo/code-signing-certificates/-/code-signing-certificates-0.0.6.tgz. Extracting by manifest.
4762 silly tarball no local data for is-fullwidth-code-point@https://registry.npmjs.org/is-fullwidth-code-point/-/is-fullwidth-code-point-3.0.0.tgz. Extracting by manifest.
4763 silly tarball no local data for emoji-regex@https://registry.npmjs.org/emoji-regex/-/emoji-regex-8.0.0.tgz. Extracting by manifest.
4764 silly tarball no local data for wrap-ansi@https://registry.npmjs.org/wrap-ansi/-/wrap-ansi-7.0.0.tgz. Extracting by manifest.
4765 silly tarball no local data for strip-ansi@https://registry.npmjs.org/strip-ansi/-/strip-ansi-6.0.1.tgz. Extracting by manifest.
4766 silly tarball no local data for yargs-parser@https://registry.npmjs.org/yargs-parser/-/yargs-parser-21.1.1.tgz. Extracting by manifest.
4767 silly tarball no local data for y18n@https://registry.npmjs.org/y18n/-/y18n-5.0.8.tgz. Extracting by manifest.
4768 silly tarball no local data for string-width@https://registry.npmjs.org/string-width/-/string-width-4.2.3.tgz. Extracting by manifest.
4769 silly tarball no local data for require-directory@https://registry.npmjs.org/require-directory/-/require-directory-2.1.1.tgz. Extracting by manifest.
4770 silly tarball no local data for get-caller-file@https://registry.npmjs.org/get-caller-file/-/get-caller-file-2.0.5.tgz. Extracting by manifest.
4771 silly tarball no local data for cliui@https://registry.npmjs.org/cliui/-/cliui-8.0.1.tgz. Extracting by manifest.
4772 silly tarball no local data for sax@https://registry.npmjs.org/sax/-/sax-1.6.1.tgz. Extracting by manifest.
4773 silly tarball no local data for big-integer@https://registry.npmjs.org/big-integer/-/big-integer-1.6.52.tgz. Extracting by manifest.
4774 silly tarball no local data for stream-buffers@https://registry.npmjs.org/stream-buffers/-/stream-buffers-2.2.0.tgz. Extracting by manifest.
4775 silly tarball no local data for plist@https://registry.npmjs.org/plist/-/plist-3.1.1.tgz. Extracting by manifest.
4776 silly tarball no local data for bplist-parser@https://registry.npmjs.org/bplist-parser/-/bplist-parser-0.3.1.tgz. Extracting by manifest.
4777 silly tarball no local data for bplist-creator@https://registry.npmjs.org/bplist-creator/-/bplist-creator-0.1.0.tgz. Extracting by manifest.
4778 silly tarball no local data for uuid@https://registry.npmjs.org/uuid/-/uuid-7.0.3.tgz. Extracting by manifest.
4779 silly tarball no local data for simple-plist@https://registry.npmjs.org/simple-plist/-/simple-plist-1.3.1.tgz. Extracting by manifest.
4780 silly tarball no local data for isexe@https://registry.npmjs.org/isexe/-/isexe-2.0.0.tgz. Extracting by manifest.
4781 silly tarball no local data for webidl-conversions@https://registry.npmjs.org/webidl-conversions/-/webidl-conversions-3.0.1.tgz. Extracting by manifest.
4782 silly tarball no local data for tr46@https://registry.npmjs.org/tr46/-/tr46-0.0.3.tgz. Extracting by manifest.
4783 silly tarball no local data for tmpl@https://registry.npmjs.org/tmpl/-/tmpl-1.0.5.tgz. Extracting by manifest.
4784 silly tarball no local data for makeerror@https://registry.npmjs.org/makeerror/-/makeerror-1.0.12.tgz. Extracting by manifest.
4785 silly tarball no local data for get-nonce@https://registry.npmjs.org/get-nonce/-/get-nonce-1.0.1.tgz. Extracting by manifest.
4786 silly tarball no local data for detect-node-es@https://registry.npmjs.org/detect-node-es/-/detect-node-es-1.1.0.tgz. Extracting by manifest.
4787 silly tarball no local data for use-sidecar@https://registry.npmjs.org/use-sidecar/-/use-sidecar-1.1.3.tgz. Extracting by manifest.
4788 silly tarball no local data for use-callback-ref@https://registry.npmjs.org/use-callback-ref/-/use-callback-ref-1.3.3.tgz. Extracting by manifest.
4789 silly tarball no local data for react-remove-scroll-bar@https://registry.npmjs.org/react-remove-scroll-bar/-/react-remove-scroll-bar-2.3.8.tgz. Extracting by manifest.
4790 silly tarball no local data for react-style-singleton@https://registry.npmjs.org/react-style-singleton/-/react-style-singleton-2.2.3.tgz. Extracting by manifest.
4791 silly tarball no local data for tslib@https://registry.npmjs.org/tslib/-/tslib-2.8.1.tgz. Extracting by manifest.
4792 silly tarball no local data for react-remove-scroll@https://registry.npmjs.org/react-remove-scroll/-/react-remove-scroll-2.7.2.tgz. Extracting by manifest.
4793 silly tarball no local data for aria-hidden@https://registry.npmjs.org/aria-hidden/-/aria-hidden-1.2.6.tgz. Extracting by manifest.
4794 silly tarball no local data for @radix-ui/react-portal@https://registry.npmjs.org/@radix-ui/react-portal/-/react-portal-1.1.17.tgz. Extracting by manifest.
4795 silly tarball no local data for @radix-ui/react-focus-scope@https://registry.npmjs.org/@radix-ui/react-focus-scope/-/react-focus-scope-1.1.16.tgz. Extracting by manifest.
4796 silly tarball no local data for @radix-ui/react-dismissable-layer@https://registry.npmjs.org/@radix-ui/react-dismissable-layer/-/react-dismissable-layer-1.1.19.tgz. Extracting by manifest.
4797 silly tarball no local data for @radix-ui/react-focus-guards@https://registry.npmjs.org/@radix-ui/react-focus-guards/-/react-focus-guards-1.1.6.tgz. Extracting by manifest.
4798 silly tarball no local data for @radix-ui/react-dialog@https://registry.npmjs.org/@radix-ui/react-dialog/-/react-dialog-1.1.23.tgz. Extracting by manifest.
4799 silly tarball no local data for escalade@https://registry.npmjs.org/escalade/-/escalade-3.2.0.tgz. Extracting by manifest.
4800 silly tarball no local data for unicode-property-aliases-ecmascript@https://registry.npmjs.org/unicode-property-aliases-ecmascript/-/unicode-property-aliases-ecmascript-2.2.0.tgz. Extracting by manifest.
4801 silly tarball no local data for unicode-canonical-property-names-ecmascript@https://registry.npmjs.org/unicode-canonical-property-names-ecmascript/-/unicode-canonical-property-names-ecmascript-2.0.1.tgz. Extracting by manifest.
4802 silly tarball no local data for is-number@https://registry.npmjs.org/is-number/-/is-number-7.0.0.tgz. Extracting by manifest.
4803 silly tarball no local data for fdir@https://registry.npmjs.org/fdir/-/fdir-6.5.0.tgz. Extracting by manifest.
4804 silly tarball no local data for source-map-support@https://registry.npmjs.org/source-map-support/-/source-map-support-0.5.21.tgz. Extracting by manifest.
4805 silly tarball no local data for acorn@https://registry.npmjs.org/acorn/-/acorn-8.18.0.tgz. Extracting by manifest.
4806 silly tarball no local data for buffer-from@https://registry.npmjs.org/buffer-from/-/buffer-from-1.1.2.tgz. Extracting by manifest.
4807 silly tarball no local data for @jridgewell/source-map@https://registry.npmjs.org/@jridgewell/source-map/-/source-map-0.3.11.tgz. Extracting by manifest.
4808 silly tarball no local data for has-flag@https://registry.npmjs.org/has-flag/-/has-flag-4.0.0.tgz. Extracting by manifest.
4809 silly tarball no local data for min-indent@https://registry.npmjs.org/min-indent/-/min-indent-1.0.1.tgz. Extracting by manifest.
4810 silly tarball no local data for type-fest@https://registry.npmjs.org/type-fest/-/type-fest-0.7.1.tgz. Extracting by manifest.
4811 silly tarball no local data for is-arrayish@https://registry.npmjs.org/is-arrayish/-/is-arrayish-0.3.4.tgz. Extracting by manifest.
4812 silly tarball no local data for shebang-regex@https://registry.npmjs.org/shebang-regex/-/shebang-regex-3.0.0.tgz. Extracting by manifest.
4813 silly tarball no local data for toidentifier@https://registry.npmjs.org/toidentifier/-/toidentifier-1.0.1.tgz. Extracting by manifest.
4814 silly tarball no local data for setprototypeof@https://registry.npmjs.org/setprototypeof/-/setprototypeof-1.2.0.tgz. Extracting by manifest.
4815 silly tarball no local data for range-parser@https://registry.npmjs.org/range-parser/-/range-parser-1.2.1.tgz. Extracting by manifest.
4816 silly tarball no local data for mime@https://registry.npmjs.org/mime/-/mime-1.6.0.tgz. Extracting by manifest.
4817 silly tarball no local data for http-errors@https://registry.npmjs.org/http-errors/-/http-errors-2.0.1.tgz. Extracting by manifest.
4818 silly tarball no local data for fresh@https://registry.npmjs.org/fresh/-/fresh-0.5.2.tgz. Extracting by manifest.
4819 silly tarball no local data for etag@https://registry.npmjs.org/etag/-/etag-1.8.1.tgz. Extracting by manifest.
4820 silly tarball no local data for destroy@https://registry.npmjs.org/destroy/-/destroy-1.2.0.tgz. Extracting by manifest.
4821 silly tarball no local data for depd@https://registry.npmjs.org/depd/-/depd-2.0.0.tgz. Extracting by manifest.
4822 silly tarball no local data for send@https://registry.npmjs.org/send/-/send-0.19.2.tgz. Extracting by manifest.
4823 silly tarball no local data for supports-preserve-symlinks-flag@https://registry.npmjs.org/supports-preserve-symlinks-flag/-/supports-preserve-symlinks-flag-1.0.0.tgz. Extracting by manifest.
4824 silly tarball no local data for path-parse@https://registry.npmjs.org/path-parse/-/path-parse-1.0.7.tgz. Extracting by manifest.
4825 silly tarball no local data for is-core-module@https://registry.npmjs.org/is-core-module/-/is-core-module-2.16.2.tgz. Extracting by manifest.
4826 silly tarball no local data for unicode-match-property-value-ecmascript@https://registry.npmjs.org/unicode-match-property-value-ecmascript/-/unicode-match-property-value-ecmascript-2.2.1.tgz. Extracting by manifest.
4827 silly tarball no local data for unicode-match-property-ecmascript@https://registry.npmjs.org/unicode-match-property-ecmascript/-/unicode-match-property-ecmascript-2.0.0.tgz. Extracting by manifest.
4828 silly tarball no local data for regjsparser@https://registry.npmjs.org/regjsparser/-/regjsparser-0.13.2.tgz. Extracting by manifest.
4829 silly tarball no local data for regjsgen@https://registry.npmjs.org/regjsgen/-/regjsgen-0.8.0.tgz. Extracting by manifest.
4830 silly tarball no local data for regenerate-unicode-properties@https://registry.npmjs.org/regenerate-unicode-properties/-/regenerate-unicode-properties-10.2.2.tgz. Extracting by manifest.
4831 silly tarball no local data for strip-indent@https://registry.npmjs.org/strip-indent/-/strip-indent-3.0.0.tgz. Extracting by manifest.
4832 silly tarball no local data for indent-string@https://registry.npmjs.org/indent-string/-/indent-string-4.0.0.tgz. Extracting by manifest.
4833 silly tarball no local data for @babel/plugin-transform-template-literals@https://registry.npmjs.org/@babel/plugin-transform-template-literals/-/plugin-transform-template-literals-7.29.7.tgz. Extracting by manifest.
4834 silly tarball no local data for @babel/plugin-transform-arrow-functions@https://registry.npmjs.org/@babel/plugin-transform-arrow-functions/-/plugin-transform-arrow-functions-7.29.7.tgz. Extracting by manifest.
4835 silly tarball no local data for @babel/plugin-transform-shorthand-properties@https://registry.npmjs.org/@babel/plugin-transform-shorthand-properties/-/plugin-transform-shorthand-properties-7.29.7.tgz. Extracting by manifest.
4836 silly tarball no local data for whatwg-url@https://registry.npmjs.org/whatwg-url/-/whatwg-url-5.0.0.tgz. Extracting by manifest.
4837 silly tarball no local data for hyphenate-style-name@https://registry.npmjs.org/hyphenate-style-name/-/hyphenate-style-name-1.1.0.tgz. Extracting by manifest.
4838 silly tarball no local data for node-fetch@https://registry.npmjs.org/node-fetch/-/node-fetch-2.7.0.tgz. Extracting by manifest.
4839 silly tarball no local data for css-in-js-utils@https://registry.npmjs.org/css-in-js-utils/-/css-in-js-utils-3.1.0.tgz. Extracting by manifest.
4840 silly tarball no local data for setimmediate@https://registry.npmjs.org/setimmediate/-/setimmediate-1.0.5.tgz. Extracting by manifest.
4841 silly tarball no local data for object-assign@https://registry.npmjs.org/object-assign/-/object-assign-4.1.1.tgz. Extracting by manifest.
4842 silly tarball no local data for fbjs-css-vars@https://registry.npmjs.org/fbjs-css-vars/-/fbjs-css-vars-1.0.2.tgz. Extracting by manifest.
4843 silly tarball no local data for cross-fetch@https://registry.npmjs.org/cross-fetch/-/cross-fetch-3.2.0.tgz. Extracting by manifest.
4844 silly tarball no local data for styleq@https://registry.npmjs.org/styleq/-/styleq-0.1.3.tgz. Extracting by manifest.
4845 silly tarball no local data for postcss-value-parser@https://registry.npmjs.org/postcss-value-parser/-/postcss-value-parser-4.2.0.tgz. Extracting by manifest.
4846 silly tarball no local data for inline-style-prefixer@https://registry.npmjs.org/inline-style-prefixer/-/inline-style-prefixer-7.0.1.tgz. Extracting by manifest.
4847 silly tarball no local data for fbjs@https://registry.npmjs.org/fbjs/-/fbjs-3.0.5.tgz. Extracting by manifest.
4848 silly tarball no local data for entities@https://registry.npmjs.org/entities/-/entities-4.5.0.tgz. Extracting by manifest.
4849 silly tarball no local data for dom-serializer@https://registry.npmjs.org/dom-serializer/-/dom-serializer-2.0.0.tgz. Extracting by manifest.
4850 silly tarball no local data for domelementtype@https://registry.npmjs.org/domelementtype/-/domelementtype-2.3.0.tgz. Extracting by manifest.
4851 silly tarball no local data for mdn-data@https://registry.npmjs.org/mdn-data/-/mdn-data-2.0.14.tgz. Extracting by manifest.
4852 silly tarball no local data for nth-check@https://registry.npmjs.org/nth-check/-/nth-check-2.1.1.tgz. Extracting by manifest.
4853 silly tarball no local data for domutils@https://registry.npmjs.org/domutils/-/domutils-3.2.2.tgz. Extracting by manifest.
4854 silly tarball no local data for domhandler@https://registry.npmjs.org/domhandler/-/domhandler-5.0.3.tgz. Extracting by manifest.
4855 silly tarball no local data for css-what@https://registry.npmjs.org/css-what/-/css-what-6.2.2.tgz. Extracting by manifest.
4856 silly tarball no local data for boolbase@https://registry.npmjs.org/boolbase/-/boolbase-1.0.0.tgz. Extracting by manifest.
4857 silly tarball no local data for css-tree@https://registry.npmjs.org/css-tree/-/css-tree-1.1.3.tgz. Extracting by manifest.
4858 silly tarball no local data for css-select@https://registry.npmjs.org/css-select/-/css-select-5.2.2.tgz. Extracting by manifest.
4859 silly tarball no local data for react-freeze@https://registry.npmjs.org/react-freeze/-/react-freeze-1.0.4.tgz. Extracting by manifest.
4860 silly tarball no local data for warn-once@https://registry.npmjs.org/warn-once/-/warn-once-0.1.1.tgz. Extracting by manifest.
4861 silly tarball no local data for react-native-is-edge-to-edge@https://registry.npmjs.org/react-native-is-edge-to-edge/-/react-native-is-edge-to-edge-1.3.1.tgz. Extracting by manifest.
4862 silly tarball no local data for @callstack/react-theme-provider@https://registry.npmjs.org/@callstack/react-theme-provider/-/react-theme-provider-3.0.9.tgz. Extracting by manifest.
4863 silly tarball no local data for @types/hammerjs@https://registry.npmjs.org/@types/hammerjs/-/hammerjs-2.0.46.tgz. Extracting by manifest.
4864 silly tarball no local data for hoist-non-react-statics@https://registry.npmjs.org/hoist-non-react-statics/-/hoist-non-react-statics-3.3.2.tgz. Extracting by manifest.
4865 silly tarball no local data for @types/react-test-renderer@https://registry.npmjs.org/@types/react-test-renderer/-/react-test-renderer-19.1.0.tgz. Extracting by manifest.
4866 silly tarball no local data for @egjs/hammerjs@https://registry.npmjs.org/@egjs/hammerjs/-/hammerjs-2.0.17.tgz. Extracting by manifest.
4867 silly tarball no local data for use-latest-callback@https://registry.npmjs.org/use-latest-callback/-/use-latest-callback-0.2.6.tgz. Extracting by manifest.
4868 silly tarball no local data for shell-quote@https://registry.npmjs.org/shell-quote/-/shell-quote-1.10.0.tgz. Extracting by manifest.
4869 silly tarball no local data for asap@https://registry.npmjs.org/asap/-/asap-2.0.6.tgz. Extracting by manifest.
4870 silly tarball no local data for yaml@https://registry.npmjs.org/yaml/-/yaml-2.9.0.tgz. Extracting by manifest.
4871 silly tarball no local data for marky@https://registry.npmjs.org/marky/-/marky-1.3.0.tgz. Extracting by manifest.
4872 silly tarball no local data for is-docker@https://registry.npmjs.org/is-docker/-/is-docker-2.2.1.tgz. Extracting by manifest.
4873 silly tarball no local data for mkdirp@https://registry.npmjs.org/mkdirp/-/mkdirp-1.0.4.tgz. Extracting by manifest.
4874 silly tarball no local data for lighthouse-logger@https://registry.npmjs.org/lighthouse-logger/-/lighthouse-logger-1.4.2.tgz. Extracting by manifest.
4875 silly tarball no local data for is-wsl@https://registry.npmjs.org/is-wsl/-/is-wsl-2.2.0.tgz. Extracting by manifest.
4876 silly tarball no local data for event-target-shim@https://registry.npmjs.org/event-target-shim/-/event-target-shim-5.0.1.tgz. Extracting by manifest.
4877 silly tarball no local data for @react-native/codegen@https://registry.npmjs.org/@react-native/codegen/-/codegen-0.86.2.tgz. Extracting by manifest.
4878 silly tarball no local data for @react-native/babel-plugin-codegen@https://registry.npmjs.org/@react-native/babel-plugin-codegen/-/babel-plugin-codegen-0.86.2.tgz. Extracting by manifest.
4879 silly tarball no local data for @babel/plugin-transform-regenerator@https://registry.npmjs.org/@babel/plugin-transform-regenerator/-/plugin-transform-regenerator-7.29.8.tgz. Extracting by manifest.
4880 silly tarball no local data for @babel/plugin-transform-react-jsx-source@https://registry.npmjs.org/@babel/plugin-transform-react-jsx-source/-/plugin-transform-react-jsx-source-7.29.7.tgz. Extracting by manifest.
4881 silly tarball no local data for @babel/plugin-transform-react-jsx-self@https://registry.npmjs.org/@babel/plugin-transform-react-jsx-self/-/plugin-transform-react-jsx-self-7.29.7.tgz. Extracting by manifest.
4882 silly tarball no local data for @react-native/babel-preset@https://registry.npmjs.org/@react-native/babel-preset/-/babel-preset-0.86.2.tgz. Extracting by manifest.
4883 silly tarball no local data for @react-native/metro-babel-transformer@https://registry.npmjs.org/@react-native/metro-babel-transformer/-/metro-babel-transformer-0.86.2.tgz. Extracting by manifest.
4884 silly tarball no local data for fb-dotslash@https://registry.npmjs.org/fb-dotslash/-/fb-dotslash-0.5.8.tgz. Extracting by manifest.
4885 silly tarball no local data for serve-static@https://registry.npmjs.org/serve-static/-/serve-static-1.16.3.tgz. Extracting by manifest.
4886 silly tarball no local data for open@https://registry.npmjs.org/open/-/open-7.4.2.tgz. Extracting by manifest.
4887 silly tarball no local data for chromium-edge-launcher@https://registry.npmjs.org/chromium-edge-launcher/-/chromium-edge-launcher-0.3.0.tgz. Extracting by manifest.
4888 silly tarball no local data for @react-native/debugger-shell@https://registry.npmjs.org/@react-native/debugger-shell/-/debugger-shell-0.86.2.tgz. Extracting by manifest.
4889 silly tarball no local data for @react-native/debugger-frontend@https://registry.npmjs.org/@react-native/debugger-frontend/-/debugger-frontend-0.86.2.tgz. Extracting by manifest.
4890 silly tarball no local data for chrome-launcher@https://registry.npmjs.org/chrome-launcher/-/chrome-launcher-0.15.2.tgz. Extracting by manifest.
4891 silly tarball no local data for @isaacs/ttlcache@https://registry.npmjs.org/@isaacs/ttlcache/-/ttlcache-1.4.1.tgz. Extracting by manifest.
4892 silly tarball no local data for metro-config@https://registry.npmjs.org/metro-config/-/metro-config-0.84.4.tgz. Extracting by manifest.
4893 silly tarball no local data for @react-native/dev-middleware@https://registry.npmjs.org/@react-native/dev-middleware/-/dev-middleware-0.86.2.tgz. Extracting by manifest.
4894 silly tarball no local data for regenerator-runtime@https://registry.npmjs.org/regenerator-runtime/-/regenerator-runtime-0.13.11.tgz. Extracting by manifest.
4895 silly tarball no local data for react-devtools-core@https://registry.npmjs.org/react-devtools-core/-/react-devtools-core-6.1.5.tgz. Extracting by manifest.
4896 silly tarball no local data for promise@https://registry.npmjs.org/promise/-/promise-8.3.0.tgz. Extracting by manifest.
4897 silly tarball no local data for metro-runtime@https://registry.npmjs.org/metro-runtime/-/metro-runtime-0.84.4.tgz. Extracting by manifest.
4898 silly tarball no local data for memoize-one@https://registry.npmjs.org/memoize-one/-/memoize-one-5.2.1.tgz. Extracting by manifest.
4899 silly tarball no local data for hermes-compiler@https://registry.npmjs.org/hermes-compiler/-/hermes-compiler-250829098.0.16.tgz. Extracting by manifest.
4900 silly tarball no local data for ansi-regex@https://registry.npmjs.org/ansi-regex/-/ansi-regex-5.0.1.tgz. Extracting by manifest.
4901 silly tarball no local data for abort-controller@https://registry.npmjs.org/abort-controller/-/abort-controller-3.0.0.tgz. Extracting by manifest.
4902 silly tarball no local data for @react-native/virtualized-lists@https://registry.npmjs.org/@react-native/virtualized-lists/-/virtualized-lists-0.86.2.tgz. Extracting by manifest.
4903 silly tarball no local data for @react-native/js-polyfills@https://registry.npmjs.org/@react-native/js-polyfills/-/js-polyfills-0.86.2.tgz. Extracting by manifest.
4904 silly tarball no local data for @react-native/gradle-plugin@https://registry.npmjs.org/@react-native/gradle-plugin/-/gradle-plugin-0.86.2.tgz. Extracting by manifest.
4905 silly tarball no local data for @react-native/metro-config@https://registry.npmjs.org/@react-native/metro-config/-/metro-config-0.86.2.tgz. Extracting by manifest.
4906 silly tarball no local data for @react-native/community-cli-plugin@https://registry.npmjs.org/@react-native/community-cli-plugin/-/community-cli-plugin-0.86.2.tgz. Extracting by manifest.
4907 silly tarball no local data for @react-native/assets-registry@https://registry.npmjs.org/@react-native/assets-registry/-/assets-registry-0.86.2.tgz. Extracting by manifest.
4908 silly tarball no local data for scheduler@https://registry.npmjs.org/scheduler/-/scheduler-0.27.0.tgz. Extracting by manifest.
4909 silly tarball no local data for inherits@https://registry.npmjs.org/inherits/-/inherits-2.0.4.tgz. Extracting by manifest.
4910 silly tarball no local data for strict-uri-encode@https://registry.npmjs.org/strict-uri-encode/-/strict-uri-encode-2.0.0.tgz. Extracting by manifest.
4911 silly tarball no local data for split-on-first@https://registry.npmjs.org/split-on-first/-/split-on-first-1.1.0.tgz. Extracting by manifest.
4912 silly tarball no local data for filter-obj@https://registry.npmjs.org/filter-obj/-/filter-obj-1.1.0.tgz. Extracting by manifest.
4913 silly tarball no local data for decode-uri-component@https://registry.npmjs.org/decode-uri-component/-/decode-uri-component-0.2.2.tgz. Extracting by manifest.
4914 silly tarball no local data for source-map-js@https://registry.npmjs.org/source-map-js/-/source-map-js-1.2.1.tgz. Extracting by manifest.
4915 silly tarball no local data for pngjs@https://registry.npmjs.org/pngjs/-/pngjs-3.4.0.tgz. Extracting by manifest.
4916 silly tarball no local data for ee-first@https://registry.npmjs.org/ee-first/-/ee-first-1.1.1.tgz. Extracting by manifest.
4917 silly tarball no local data for brace-expansion@https://registry.npmjs.org/brace-expansion/-/brace-expansion-5.0.9.tgz. Extracting by manifest.
4918 silly tarball no local data for mime-db@https://registry.npmjs.org/mime-db/-/mime-db-1.52.0.tgz. Extracting by manifest.
4919 silly tarball no local data for to-regex-range@https://registry.npmjs.org/to-regex-range/-/to-regex-range-5.0.1.tgz. Extracting by manifest.
4920 silly tarball no local data for fill-range@https://registry.npmjs.org/fill-range/-/fill-range-7.1.1.tgz. Extracting by manifest.
4921 silly tarball no local data for braces@https://registry.npmjs.org/braces/-/braces-3.0.3.tgz. Extracting by manifest.
4922 silly tarball no local data for vlq@https://registry.npmjs.org/vlq/-/vlq-1.0.1.tgz. Extracting by manifest.
4923 silly tarball no local data for balanced-match@https://registry.npmjs.org/balanced-match/-/balanced-match-4.0.4.tgz. Extracting by manifest.
4924 silly tarball no local data for ob1@https://registry.npmjs.org/ob1/-/ob1-0.84.4.tgz. Extracting by manifest.
4925 silly tarball no local data for terser@https://registry.npmjs.org/terser/-/terser-5.50.0.tgz. Extracting by manifest.
4926 silly tarball no local data for node-int64@https://registry.npmjs.org/node-int64/-/node-int64-0.4.0.tgz. Extracting by manifest.
4927 silly tarball no local data for bser@https://registry.npmjs.org/bser/-/bser-2.1.1.tgz. Extracting by manifest.
4928 silly tarball no local data for walker@https://registry.npmjs.org/walker/-/walker-1.0.8.tgz. Extracting by manifest.
4929 silly tarball no local data for micromatch@https://registry.npmjs.org/micromatch/-/micromatch-4.0.8.tgz. Extracting by manifest.
4930 silly tarball no local data for fb-watchman@https://registry.npmjs.org/fb-watchman/-/fb-watchman-2.0.2.tgz. Extracting by manifest.
4931 silly tarball no local data for leven@https://registry.npmjs.org/leven/-/leven-3.1.0.tgz. Extracting by manifest.
4932 silly tarball no local data for jest-get-type@https://registry.npmjs.org/jest-get-type/-/jest-get-type-29.6.3.tgz. Extracting by manifest.
4933 silly tarball no local data for camelcase@https://registry.npmjs.org/camelcase/-/camelcase-6.3.0.tgz. Extracting by manifest.
4934 silly tarball no local data for jest-validate@https://registry.npmjs.org/jest-validate/-/jest-validate-29.7.0.tgz. Extracting by manifest.
4935 silly tarball no local data for exponential-backoff@https://registry.npmjs.org/exponential-backoff/-/exponential-backoff-3.1.3.tgz. Extracting by manifest.
4936 silly tarball no local data for @types/yargs-parser@https://registry.npmjs.org/@types/yargs-parser/-/yargs-parser-21.0.3.tgz. Extracting by manifest.
4937 silly tarball no local data for @types/istanbul-lib-report@https://registry.npmjs.org/@types/istanbul-lib-report/-/istanbul-lib-report-3.0.3.tgz. Extracting by manifest.
4938 silly tarball no local data for @sinclair/typebox@https://registry.npmjs.org/@sinclair/typebox/-/typebox-0.27.12.tgz. Extracting by manifest.
4939 silly tarball no local data for @types/yargs@https://registry.npmjs.org/@types/yargs/-/yargs-17.0.35.tgz. Extracting by manifest.
4940 silly tarball no local data for @types/istanbul-reports@https://registry.npmjs.org/@types/istanbul-reports/-/istanbul-reports-3.0.4.tgz. Extracting by manifest.
4941 silly tarball no local data for @types/istanbul-lib-coverage@https://registry.npmjs.org/@types/istanbul-lib-coverage/-/istanbul-lib-coverage-2.0.6.tgz. Extracting by manifest.
4942 silly tarball no local data for @jest/schemas@https://registry.npmjs.org/@jest/schemas/-/schemas-29.6.3.tgz. Extracting by manifest.
4943 silly tarball no local data for @jest/types@https://registry.npmjs.org/@jest/types/-/types-29.6.3.tgz. Extracting by manifest.
4944 silly tarball no local data for undici-types@https://registry.npmjs.org/undici-types/-/undici-types-8.3.0.tgz. Extracting by manifest.
4945 silly tarball no local data for merge-stream@https://registry.npmjs.org/merge-stream/-/merge-stream-2.0.0.tgz. Extracting by manifest.
4946 silly tarball no local data for jest-util@https://registry.npmjs.org/jest-util/-/jest-util-29.7.0.tgz. Extracting by manifest.
4947 silly tarball no local data for @types/node@https://registry.npmjs.org/@types/node/-/node-26.2.0.tgz. Extracting by manifest.
4948 silly tarball no local data for queue@https://registry.npmjs.org/queue/-/queue-6.0.2.tgz. Extracting by manifest.
4949 silly tarball no local data for unpipe@https://registry.npmjs.org/unpipe/-/unpipe-1.0.0.tgz. Extracting by manifest.
4950 silly tarball no local data for statuses@https://registry.npmjs.org/statuses/-/statuses-1.5.0.tgz. Extracting by manifest.
4951 silly tarball no local data for on-finished@https://registry.npmjs.org/on-finished/-/on-finished-2.3.0.tgz. Extracting by manifest.
4952 silly tarball no local data for escape-html@https://registry.npmjs.org/escape-html/-/escape-html-1.0.3.tgz. Extracting by manifest.
4953 silly tarball no local data for encodeurl@https://registry.npmjs.org/encodeurl/-/encodeurl-1.0.2.tgz. Extracting by manifest.
4954 silly tarball no local data for stackframe@https://registry.npmjs.org/stackframe/-/stackframe-1.3.4.tgz. Extracting by manifest.
4955 silly tarball no local data for utils-merge@https://registry.npmjs.org/utils-merge/-/utils-merge-1.0.1.tgz. Extracting by manifest.
4956 silly tarball no local data for parseurl@https://registry.npmjs.org/parseurl/-/parseurl-1.3.3.tgz. Extracting by manifest.
4957 silly tarball no local data for finalhandler@https://registry.npmjs.org/finalhandler/-/finalhandler-1.1.2.tgz. Extracting by manifest.
4958 silly tarball no local data for negotiator@https://registry.npmjs.org/negotiator/-/negotiator-1.0.0.tgz. Extracting by manifest.
4959 silly tarball no local data for ws@https://registry.npmjs.org/ws/-/ws-7.5.13.tgz. Extracting by manifest.
4960 silly tarball no local data for throat@https://registry.npmjs.org/throat/-/throat-5.0.0.tgz. Extracting by manifest.
4961 silly tarball no local data for source-map@https://registry.npmjs.org/source-map/-/source-map-0.5.7.tgz. Extracting by manifest.
4962 silly tarball no local data for serialize-error@https://registry.npmjs.org/serialize-error/-/serialize-error-2.1.0.tgz. Extracting by manifest.
4963 silly tarball no local data for lodash.throttle@https://registry.npmjs.org/lodash.throttle/-/lodash.throttle-4.1.1.tgz. Extracting by manifest.
4964 silly tarball no local data for jest-worker@https://registry.npmjs.org/jest-worker/-/jest-worker-29.7.0.tgz. Extracting by manifest.
4965 silly tarball no local data for image-size@https://registry.npmjs.org/image-size/-/image-size-1.2.1.tgz. Extracting by manifest.
4966 silly tarball no local data for graceful-fs@https://registry.npmjs.org/graceful-fs/-/graceful-fs-4.2.11.tgz. Extracting by manifest.
4967 silly tarball no local data for flow-enums-runtime@https://registry.npmjs.org/flow-enums-runtime/-/flow-enums-runtime-0.0.6.tgz. Extracting by manifest.
4968 silly tarball no local data for error-stack-parser@https://registry.npmjs.org/error-stack-parser/-/error-stack-parser-2.1.4.tgz. Extracting by manifest.
4969 silly tarball no local data for connect@https://registry.npmjs.org/connect/-/connect-3.7.0.tgz. Extracting by manifest.
4970 silly tarball no local data for ci-info@https://registry.npmjs.org/ci-info/-/ci-info-2.0.0.tgz. Extracting by manifest.
4971 silly tarball no local data for accepts@https://registry.npmjs.org/accepts/-/accepts-2.0.0.tgz. Extracting by manifest.
4972 silly tarball no local data for yallist@https://registry.npmjs.org/yallist/-/yallist-3.1.1.tgz. Extracting by manifest.
4973 silly tarball no local data for lightningcss-linux-x64-gnu@https://registry.npmjs.org/lightningcss-linux-x64-gnu/-/lightningcss-linux-x64-gnu-1.33.0.tgz. Extracting by manifest.
4974 silly tarball no local data for detect-libc@https://registry.npmjs.org/detect-libc/-/detect-libc-2.1.2.tgz. Extracting by manifest.
4975 silly tarball no local data for loose-envify@https://registry.npmjs.org/loose-envify/-/loose-envify-1.4.0.tgz. Extracting by manifest.
4976 silly tarball no local data for agent-base@https://registry.npmjs.org/agent-base/-/agent-base-6.0.2.tgz. Extracting by manifest.
4977 silly tarball no local data for hermes-estree@https://registry.npmjs.org/hermes-estree/-/hermes-estree-0.36.1.tgz. Extracting by manifest.
4978 silly tarball no local data for path-scurry@https://registry.npmjs.org/path-scurry/-/path-scurry-2.0.2.tgz. Extracting by manifest.
4979 silly tarball no local data for minipass@https://registry.npmjs.org/minipass/-/minipass-7.1.3.tgz. Extracting by manifest.
4980 silly tarball no local data for dunder-proto@https://registry.npmjs.org/dunder-proto/-/dunder-proto-1.0.1.tgz. Extracting by manifest.
4981 silly tarball no local data for math-intrinsics@https://registry.npmjs.org/math-intrinsics/-/math-intrinsics-1.1.0.tgz. Extracting by manifest.
4982 silly tarball no local data for has-symbols@https://registry.npmjs.org/has-symbols/-/has-symbols-1.1.0.tgz. Extracting by manifest.
4983 silly tarball no local data for gopd@https://registry.npmjs.org/gopd/-/gopd-1.2.0.tgz. Extracting by manifest.
4984 silly tarball no local data for get-proto@https://registry.npmjs.org/get-proto/-/get-proto-1.0.1.tgz. Extracting by manifest.
4985 silly tarball no local data for function-bind@https://registry.npmjs.org/function-bind/-/function-bind-1.1.2.tgz. Extracting by manifest.
4986 silly tarball no local data for es-object-atoms@https://registry.npmjs.org/es-object-atoms/-/es-object-atoms-1.1.2.tgz. Extracting by manifest.
4987 silly tarball no local data for es-define-property@https://registry.npmjs.org/es-define-property/-/es-define-property-1.0.1.tgz. Extracting by manifest.
4988 silly tarball no local data for call-bind-apply-helpers@https://registry.npmjs.org/call-bind-apply-helpers/-/call-bind-apply-helpers-1.0.2.tgz. Extracting by manifest.
4989 silly tarball no local data for has-tostringtag@https://registry.npmjs.org/has-tostringtag/-/has-tostringtag-1.0.2.tgz. Extracting by manifest.
4990 silly tarball no local data for get-intrinsic@https://registry.npmjs.org/get-intrinsic/-/get-intrinsic-1.3.0.tgz. Extracting by manifest.
4991 silly tarball no local data for es-errors@https://registry.npmjs.org/es-errors/-/es-errors-1.3.0.tgz. Extracting by manifest.
4992 silly tarball no local data for delayed-stream@https://registry.npmjs.org/delayed-stream/-/delayed-stream-1.0.0.tgz. Extracting by manifest.
4993 silly tarball no local data for mime-types@https://registry.npmjs.org/mime-types/-/mime-types-2.1.35.tgz. Extracting by manifest.
4994 silly tarball no local data for hasown@https://registry.npmjs.org/hasown/-/hasown-2.0.4.tgz. Extracting by manifest.
4995 silly tarball no local data for es-set-tostringtag@https://registry.npmjs.org/es-set-tostringtag/-/es-set-tostringtag-2.1.0.tgz. Extracting by manifest.
4996 silly tarball no local data for combined-stream@https://registry.npmjs.org/combined-stream/-/combined-stream-1.0.8.tgz. Extracting by manifest.
4997 silly tarball no local data for asynckit@https://registry.npmjs.org/asynckit/-/asynckit-0.4.0.tgz. Extracting by manifest.
4998 silly tarball no local data for @react-native/normalize-colors@https://registry.npmjs.org/@react-native/normalize-colors/-/normalize-colors-0.86.2.tgz. Extracting by manifest.
4999 silly tarball no local data for @expo-google-fonts/material-symbols@https://registry.npmjs.org/@expo-google-fonts/material-symbols/-/material-symbols-0.4.43.tgz. Extracting by manifest.
5000 silly tarball no local data for simple-swizzle@https://registry.npmjs.org/simple-swizzle/-/simple-swizzle-0.2.4.tgz. Extracting by manifest.
5001 silly tarball no local data for color-string@https://registry.npmjs.org/color-string/-/color-string-1.9.1.tgz. Extracting by manifest.
5002 silly tarball no local data for dequal@https://registry.npmjs.org/dequal/-/dequal-2.0.3.tgz. Extracting by manifest.
5003 silly tarball no local data for redent@https://registry.npmjs.org/redent/-/redent-3.0.0.tgz. Extracting by manifest.
5004 silly tarball no local data for css.escape@https://registry.npmjs.org/css.escape/-/css.escape-1.5.1.tgz. Extracting by manifest.
5005 silly tarball no local data for @adobe/css-tools@https://registry.npmjs.org/@adobe/css-tools/-/css-tools-4.5.0.tgz. Extracting by manifest.
5006 silly tarball no local data for lz-string@https://registry.npmjs.org/lz-string/-/lz-string-1.5.0.tgz. Extracting by manifest.
5007 silly tarball no local data for dom-accessibility-api@https://registry.npmjs.org/dom-accessibility-api/-/dom-accessibility-api-0.5.16.tgz. Extracting by manifest.
5008 silly tarball no local data for aria-query@https://registry.npmjs.org/aria-query/-/aria-query-5.3.0.tgz. Extracting by manifest.
5009 silly tarball no local data for @types/aria-query@https://registry.npmjs.org/@types/aria-query/-/aria-query-5.0.4.tgz. Extracting by manifest.
5010 silly tarball no local data for @radix-ui/react-use-effect-event@https://registry.npmjs.org/@radix-ui/react-use-effect-event/-/react-use-effect-event-0.0.5.tgz. Extracting by manifest.
5011 silly tarball no local data for @radix-ui/react-use-is-hydrated@https://registry.npmjs.org/@radix-ui/react-use-is-hydrated/-/react-use-is-hydrated-0.1.3.tgz. Extracting by manifest.
5012 silly tarball no local data for @radix-ui/react-use-callback-ref@https://registry.npmjs.org/@radix-ui/react-use-callback-ref/-/react-use-callback-ref-1.1.4.tgz. Extracting by manifest.
5013 silly tarball no local data for @radix-ui/react-collection@https://registry.npmjs.org/@radix-ui/react-collection/-/react-collection-1.1.15.tgz. Extracting by manifest.
5014 silly tarball no local data for @radix-ui/react-use-layout-effect@https://registry.npmjs.org/@radix-ui/react-use-layout-effect/-/react-use-layout-effect-1.1.4.tgz. Extracting by manifest.
5015 silly tarball no local data for @radix-ui/react-use-controllable-state@https://registry.npmjs.org/@radix-ui/react-use-controllable-state/-/react-use-controllable-state-1.2.6.tgz. Extracting by manifest.
5016 silly tarball no local data for @radix-ui/react-roving-focus@https://registry.npmjs.org/@radix-ui/react-roving-focus/-/react-roving-focus-1.1.19.tgz. Extracting by manifest.
5017 silly tarball no local data for @radix-ui/react-primitive@https://registry.npmjs.org/@radix-ui/react-primitive/-/react-primitive-2.1.10.tgz. Extracting by manifest.
5018 silly tarball no local data for @radix-ui/react-presence@https://registry.npmjs.org/@radix-ui/react-presence/-/react-presence-1.1.10.tgz. Extracting by manifest.
5019 silly tarball no local data for @radix-ui/react-id@https://registry.npmjs.org/@radix-ui/react-id/-/react-id-1.1.4.tgz. Extracting by manifest.
5020 silly tarball no local data for @radix-ui/react-direction@https://registry.npmjs.org/@radix-ui/react-direction/-/react-direction-1.1.4.tgz. Extracting by manifest.
5021 silly tarball no local data for @radix-ui/react-context@https://registry.npmjs.org/@radix-ui/react-context/-/react-context-1.2.2.tgz. Extracting by manifest.
5022 silly tarball no local data for @radix-ui/primitive@https://registry.npmjs.org/@radix-ui/primitive/-/primitive-1.1.7.tgz. Extracting by manifest.
5023 silly tarball no local data for whatwg-fetch@https://registry.npmjs.org/whatwg-fetch/-/whatwg-fetch-3.6.20.tgz. Extracting by manifest.
5024 silly tarball no local data for @radix-ui/react-compose-refs@https://registry.npmjs.org/@radix-ui/react-compose-refs/-/react-compose-refs-1.1.5.tgz. Extracting by manifest.
5025 silly tarball no local data for standard-navigation@https://registry.npmjs.org/standard-navigation/-/standard-navigation-0.0.5.tgz. Extracting by manifest.
5026 silly tarball no local data for shallowequal@https://registry.npmjs.org/shallowequal/-/shallowequal-1.1.0.tgz. Extracting by manifest.
5027 silly tarball no local data for server-only@https://registry.npmjs.org/server-only/-/server-only-0.0.1.tgz. Extracting by manifest.
5028 silly tarball no local data for react-native-drawer-layout@https://registry.npmjs.org/react-native-drawer-layout/-/react-native-drawer-layout-4.2.10.tgz. Extracting by manifest.
5029 silly tarball no local data for react-is@https://registry.npmjs.org/react-is/-/react-is-19.2.8.tgz. Extracting by manifest.
5030 silly tarball no local data for react-fast-compare@https://registry.npmjs.org/react-fast-compare/-/react-fast-compare-3.2.2.tgz. Extracting by manifest.
5031 silly tarball no local data for query-string@https://registry.npmjs.org/query-string/-/query-string-7.1.3.tgz. Extracting by manifest.
5032 silly tarball no local data for nanoid@https://registry.npmjs.org/nanoid/-/nanoid-3.3.18.tgz. Extracting by manifest.
5033 silly tarball no local data for fast-deep-equal@https://registry.npmjs.org/fast-deep-equal/-/fast-deep-equal-3.1.3.tgz. Extracting by manifest.
5034 silly tarball no local data for expo-server@https://registry.npmjs.org/expo-server/-/expo-server-57.0.2.tgz. Extracting by manifest.
5035 silly tarball no local data for color@https://registry.npmjs.org/color/-/color-4.2.3.tgz. Extracting by manifest.
5036 silly tarball no local data for escape-string-regexp@https://registry.npmjs.org/escape-string-regexp/-/escape-string-regexp-4.0.0.tgz. Extracting by manifest.
5037 silly tarball no local data for client-only@https://registry.npmjs.org/client-only/-/client-only-0.0.1.tgz. Extracting by manifest.
5038 silly tarball no local data for @testing-library/dom@https://registry.npmjs.org/@testing-library/dom/-/dom-10.4.1.tgz. Extracting by manifest.
5039 silly tarball no local data for @testing-library/user-event@https://registry.npmjs.org/@testing-library/user-event/-/user-event-14.6.4.tgz. Extracting by manifest.
5040 silly tarball no local data for @testing-library/jest-dom@https://registry.npmjs.org/@testing-library/jest-dom/-/jest-dom-6.9.1.tgz. Extracting by manifest.
5041 silly tarball no local data for @react-native-masked-view/masked-view@https://registry.npmjs.org/@react-native-masked-view/masked-view/-/masked-view-0.3.2.tgz. Extracting by manifest.
5042 silly tarball no local data for @radix-ui/react-tabs@https://registry.npmjs.org/@radix-ui/react-tabs/-/react-tabs-1.1.21.tgz. Extracting by manifest.
5043 silly tarball no local data for @radix-ui/react-slot@https://registry.npmjs.org/@radix-ui/react-slot/-/react-slot-1.3.3.tgz. Extracting by manifest.
5044 silly tarball no local data for @expo/schema-utils@https://registry.npmjs.org/@expo/schema-utils/-/schema-utils-57.0.2.tgz. Extracting by manifest.
5045 silly tarball no local data for @expo/metro-runtime@https://registry.npmjs.org/@expo/metro-runtime/-/metro-runtime-57.0.9.tgz. Extracting by manifest.
5046 silly tarball no local data for expo-modules-jsi@https://registry.npmjs.org/expo-modules-jsi/-/expo-modules-jsi-57.0.4.tgz. Extracting by manifest.
5047 silly tarball no local data for commander@https://registry.npmjs.org/commander/-/commander-7.2.0.tgz. Extracting by manifest.
5048 silly tarball no local data for @expo/expo-modules-macros-plugin@https://registry.npmjs.org/@expo/expo-modules-macros-plugin/-/expo-modules-macros-plugin-0.6.1.tgz. Extracting by manifest.
5049 silly tarball no local data for fontfaceobserver@https://registry.npmjs.org/fontfaceobserver/-/fontfaceobserver-2.3.0.tgz. Extracting by manifest.
5050 silly tarball no local data for ua-parser-js@https://registry.npmjs.org/ua-parser-js/-/ua-parser-js-0.7.41.tgz. Extracting by manifest.
5051 silly tarball no local data for parse-png@https://registry.npmjs.org/parse-png/-/parse-png-2.1.0.tgz. Extracting by manifest.
5052 silly tarball no local data for jimp-compact@https://registry.npmjs.org/jimp-compact/-/jimp-compact-0.16.1.tgz. Extracting by manifest.
5053 silly tarball no local data for @expo/image-utils@https://registry.npmjs.org/@expo/image-utils/-/image-utils-0.11.4.tgz. Extracting by manifest.
5054 silly tarball no local data for which@https://registry.npmjs.org/which/-/which-2.0.2.tgz. Extracting by manifest.
5055 silly tarball no local data for shebang-command@https://registry.npmjs.org/shebang-command/-/shebang-command-2.0.0.tgz. Extracting by manifest.
5056 silly tarball no local data for path-key@https://registry.npmjs.org/path-key/-/path-key-3.1.1.tgz. Extracting by manifest.
5057 silly tarball no local data for color-name@https://registry.npmjs.org/color-name/-/color-name-1.1.4.tgz. Extracting by manifest.
5058 silly tarball no local data for color-convert@https://registry.npmjs.org/color-convert/-/color-convert-2.0.1.tgz. Extracting by manifest.
5059 silly tarball no local data for supports-color@https://registry.npmjs.org/supports-color/-/supports-color-7.2.0.tgz. Extracting by manifest.
5060 silly tarball no local data for ansi-styles@https://registry.npmjs.org/ansi-styles/-/ansi-styles-4.3.0.tgz. Extracting by manifest.
5061 silly tarball no local data for @babel/plugin-syntax-decorators@https://registry.npmjs.org/@babel/plugin-syntax-decorators/-/plugin-syntax-decorators-7.29.7.tgz. Extracting by manifest.
5062 silly tarball no local data for babel-plugin-react-native-web@https://registry.npmjs.org/babel-plugin-react-native-web/-/babel-plugin-react-native-web-0.21.2.tgz. Extracting by manifest.
5063 silly tarball no local data for babel-plugin-react-compiler@https://registry.npmjs.org/babel-plugin-react-compiler/-/babel-plugin-react-compiler-1.0.0.tgz. Extracting by manifest.
5064 silly tarball no local data for @babel/preset-typescript@https://registry.npmjs.org/@babel/preset-typescript/-/preset-typescript-7.29.7.tgz. Extracting by manifest.
5065 silly tarball no local data for @babel/plugin-transform-react-pure-annotations@https://registry.npmjs.org/@babel/plugin-transform-react-pure-annotations/-/plugin-transform-react-pure-annotations-7.29.7.tgz. Extracting by manifest.
5066 silly tarball no local data for @babel/plugin-transform-react-jsx-development@https://registry.npmjs.org/@babel/plugin-transform-react-jsx-development/-/plugin-transform-react-jsx-development-7.29.7.tgz. Extracting by manifest.
5067 silly tarball no local data for @babel/plugin-transform-parameters@https://registry.npmjs.org/@babel/plugin-transform-parameters/-/plugin-transform-parameters-7.29.7.tgz. Extracting by manifest.
5068 silly tarball no local data for @babel/plugin-transform-object-rest-spread@https://registry.npmjs.org/@babel/plugin-transform-object-rest-spread/-/plugin-transform-object-rest-spread-7.29.7.tgz. Extracting by manifest.
5069 silly tarball no local data for @babel/plugin-transform-logical-assignment-operators@https://registry.npmjs.org/@babel/plugin-transform-logical-assignment-operators/-/plugin-transform-logical-assignment-operators-7.29.7.tgz. Extracting by manifest.
5070 silly tarball no local data for @babel/plugin-transform-export-namespace-from@https://registry.npmjs.org/@babel/plugin-transform-export-namespace-from/-/plugin-transform-export-namespace-from-7.29.7.tgz. Extracting by manifest.
5071 silly tarball no local data for @babel/plugin-transform-class-static-block@https://registry.npmjs.org/@babel/plugin-transform-class-static-block/-/plugin-transform-class-static-block-7.29.7.tgz. Extracting by manifest.
5072 silly tarball no local data for @babel/plugin-proposal-decorators@https://registry.npmjs.org/@babel/plugin-proposal-decorators/-/plugin-proposal-decorators-7.29.7.tgz. Extracting by manifest.
5073 silly tarball no local data for cross-spawn@https://registry.npmjs.org/cross-spawn/-/cross-spawn-7.0.6.tgz. Extracting by manifest.
5074 silly tarball no local data for xmlbuilder@https://registry.npmjs.org/xmlbuilder/-/xmlbuilder-15.1.1.tgz. Extracting by manifest.
5075 silly tarball no local data for base64-js@https://registry.npmjs.org/base64-js/-/base64-js-1.5.1.tgz. Extracting by manifest.
5076 silly tarball no local data for @xmldom/xmldom@https://registry.npmjs.org/@xmldom/xmldom/-/xmldom-0.8.14.tgz. Extracting by manifest.
5077 silly tarball no local data for postcss@https://registry.npmjs.org/postcss/-/postcss-8.5.26.tgz. Extracting by manifest.
5078 silly tarball no local data for picomatch@https://registry.npmjs.org/picomatch/-/picomatch-4.0.5.tgz. Extracting by manifest.
5079 silly tarball no local data for lightningcss@https://registry.npmjs.org/lightningcss/-/lightningcss-1.33.0.tgz. Extracting by manifest.
5080 silly tarball no local data for jsc-safe-url@https://registry.npmjs.org/jsc-safe-url/-/jsc-safe-url-0.2.4.tgz. Extracting by manifest.
5081 silly tarball no local data for metro-transform-worker@https://registry.npmjs.org/metro-transform-worker/-/metro-transform-worker-0.84.4.tgz. Extracting by manifest.
5082 silly tarball no local data for metro-transform-plugins@https://registry.npmjs.org/metro-transform-plugins/-/metro-transform-plugins-0.84.4.tgz. Extracting by manifest.
5083 silly tarball no local data for metro-symbolicate@https://registry.npmjs.org/metro-symbolicate/-/metro-symbolicate-0.84.4.tgz. Extracting by manifest.
5084 silly tarball no local data for metro-source-map@https://registry.npmjs.org/metro-source-map/-/metro-source-map-0.84.4.tgz. Extracting by manifest.
5085 silly tarball no local data for metro-resolver@https://registry.npmjs.org/metro-resolver/-/metro-resolver-0.84.4.tgz. Extracting by manifest.
5086 silly tarball no local data for metro-minify-terser@https://registry.npmjs.org/metro-minify-terser/-/metro-minify-terser-0.84.4.tgz. Extracting by manifest.
5087 silly tarball no local data for metro-file-map@https://registry.npmjs.org/metro-file-map/-/metro-file-map-0.84.4.tgz. Extracting by manifest.
5088 silly tarball no local data for metro-core@https://registry.npmjs.org/metro-core/-/metro-core-0.84.4.tgz. Extracting by manifest.
5089 silly tarball no local data for metro-cache-key@https://registry.npmjs.org/metro-cache-key/-/metro-cache-key-0.84.4.tgz. Extracting by manifest.
5090 silly tarball no local data for metro-cache@https://registry.npmjs.org/metro-cache/-/metro-cache-0.84.4.tgz. Extracting by manifest.
5091 silly tarball no local data for metro-babel-transformer@https://registry.npmjs.org/metro-babel-transformer/-/metro-babel-transformer-0.84.4.tgz. Extracting by manifest.
5092 silly tarball no local data for metro@https://registry.npmjs.org/metro/-/metro-0.84.4.tgz. Extracting by manifest.
5093 silly tarball no local data for stacktrace-parser@https://registry.npmjs.org/stacktrace-parser/-/stacktrace-parser-0.1.11.tgz. Extracting by manifest.
5094 silly tarball no local data for anser@https://registry.npmjs.org/anser/-/anser-1.4.10.tgz. Extracting by manifest.
5095 silly tarball no local data for resolve-from@https://registry.npmjs.org/resolve-from/-/resolve-from-5.0.0.tgz. Extracting by manifest.
5096 silly tarball no local data for minimatch@https://registry.npmjs.org/minimatch/-/minimatch-10.2.6.tgz. Extracting by manifest.
5097 silly tarball no local data for ignore@https://registry.npmjs.org/ignore/-/ignore-5.3.2.tgz. Extracting by manifest.
5098 silly tarball no local data for arg@https://registry.npmjs.org/arg/-/arg-5.0.2.tgz. Extracting by manifest.
5099 silly tarball no local data for @expo/spawn-async@https://registry.npmjs.org/@expo/spawn-async/-/spawn-async-1.8.0.tgz. Extracting by manifest.
5100 silly tarball no local data for @expo/env@https://registry.npmjs.org/@expo/env/-/env-2.4.2.tgz. Extracting by manifest.
5101 silly tarball no local data for xml2js@https://registry.npmjs.org/xml2js/-/xml2js-0.6.0.tgz. Extracting by manifest.
5102 silly tarball no local data for xcode@https://registry.npmjs.org/xcode/-/xcode-3.0.1.tgz. Extracting by manifest.
5103 silly tarball no local data for chalk@https://registry.npmjs.org/chalk/-/chalk-4.1.2.tgz. Extracting by manifest.
5104 silly tarball no local data for @expo/sdk-runtime-versions@https://registry.npmjs.org/@expo/sdk-runtime-versions/-/sdk-runtime-versions-1.0.0.tgz. Extracting by manifest.
5105 silly tarball no local data for @expo/plist@https://registry.npmjs.org/@expo/plist/-/plist-0.8.1.tgz. Extracting by manifest.
5106 silly tarball no local data for slugify@https://registry.npmjs.org/slugify/-/slugify-1.6.9.tgz. Extracting by manifest.
5107 silly tarball no local data for resolve-workspace-root@https://registry.npmjs.org/resolve-workspace-root/-/resolve-workspace-root-2.0.1.tgz. Extracting by manifest.
5108 silly tarball no local data for glob@https://registry.npmjs.org/glob/-/glob-13.0.6.tgz. Extracting by manifest.
5109 silly tarball no local data for getenv@https://registry.npmjs.org/getenv/-/getenv-2.0.0.tgz. Extracting by manifest.
5110 silly tarball no local data for deepmerge@https://registry.npmjs.org/deepmerge/-/deepmerge-4.3.1.tgz. Extracting by manifest.
5111 silly tarball no local data for @expo/require-utils@https://registry.npmjs.org/@expo/require-utils/-/require-utils-57.0.4.tgz. Extracting by manifest.
5112 silly tarball no local data for @expo/json-file@https://registry.npmjs.org/@expo/json-file/-/json-file-11.0.1.tgz. Extracting by manifest.
5113 silly tarball no local data for @expo/config-types@https://registry.npmjs.org/@expo/config-types/-/config-types-57.0.2.tgz. Extracting by manifest.
5114 silly tarball no local data for whatwg-url-minimum@https://registry.npmjs.org/whatwg-url-minimum/-/whatwg-url-minimum-0.1.2.tgz. Extracting by manifest.
5115 silly tarball no local data for pretty-format@https://registry.npmjs.org/pretty-format/-/pretty-format-29.7.0.tgz. Extracting by manifest.
5116 silly tarball no local data for expo-modules-core@https://registry.npmjs.org/expo-modules-core/-/expo-modules-core-57.0.10.tgz. Extracting by manifest.
5117 silly tarball no local data for expo-modules-autolinking@https://registry.npmjs.org/expo-modules-autolinking/-/expo-modules-autolinking-57.0.9.tgz. Extracting by manifest.
5118 silly tarball no local data for expo-keep-awake@https://registry.npmjs.org/expo-keep-awake/-/expo-keep-awake-57.0.1.tgz. Extracting by manifest.
5119 silly tarball no local data for expo-file-system@https://registry.npmjs.org/expo-file-system/-/expo-file-system-57.0.2.tgz. Extracting by manifest.
5120 silly tarball no local data for expo-asset@https://registry.npmjs.org/expo-asset/-/expo-asset-57.0.10.tgz. Extracting by manifest.
5121 silly tarball no local data for babel-preset-expo@https://registry.npmjs.org/babel-preset-expo/-/babel-preset-expo-57.0.6.tgz. Extracting by manifest.
5122 silly tarball no local data for @ungap/structured-clone@https://registry.npmjs.org/@ungap/structured-clone/-/structured-clone-1.3.3.tgz. Extracting by manifest.
5123 silly tarball no local data for @expo/metro-config@https://registry.npmjs.org/@expo/metro-config/-/metro-config-57.0.8.tgz. Extracting by manifest.
5124 silly tarball no local data for @expo/metro@https://registry.npmjs.org/@expo/metro/-/metro-56.0.0.tgz. Extracting by manifest.
5125 silly tarball no local data for @expo/log-box@https://registry.npmjs.org/@expo/log-box/-/log-box-57.0.2.tgz. Extracting by manifest.
5126 silly tarball no local data for @expo/local-build-cache-provider@https://registry.npmjs.org/@expo/local-build-cache-provider/-/local-build-cache-provider-57.0.6.tgz. Extracting by manifest.
5127 silly tarball no local data for @expo/fingerprint@https://registry.npmjs.org/@expo/fingerprint/-/fingerprint-0.20.7.tgz. Extracting by manifest.
5128 silly tarball no local data for @expo/dom-webview@https://registry.npmjs.org/@expo/dom-webview/-/dom-webview-57.0.1.tgz. Extracting by manifest.
5129 silly tarball no local data for @expo/devtools@https://registry.npmjs.org/@expo/devtools/-/devtools-57.0.1.tgz. Extracting by manifest.
5130 silly tarball no local data for @expo/config-plugins@https://registry.npmjs.org/@expo/config-plugins/-/config-plugins-57.0.7.tgz. Extracting by manifest.
5131 silly tarball no local data for @expo/config@https://registry.npmjs.org/@expo/config/-/config-57.0.7.tgz. Extracting by manifest.
5132 silly tarball no local data for @babel/runtime@https://registry.npmjs.org/@babel/runtime/-/runtime-7.29.7.tgz. Extracting by manifest.
5133 silly tarball no local data for ms@https://registry.npmjs.org/ms/-/ms-2.1.3.tgz. Extracting by manifest.
5134 silly tarball no local data for update-browserslist-db@https://registry.npmjs.org/update-browserslist-db/-/update-browserslist-db-1.3.1.tgz. Extracting by manifest.
5135 silly tarball no local data for node-releases@https://registry.npmjs.org/node-releases/-/node-releases-2.0.53.tgz. Extracting by manifest.
5136 silly tarball no local data for electron-to-chromium@https://registry.npmjs.org/electron-to-chromium/-/electron-to-chromium-1.5.405.tgz. Extracting by manifest.
5137 silly tarball no local data for caniuse-lite@https://registry.npmjs.org/caniuse-lite/-/caniuse-lite-1.0.30001809.tgz. Extracting by manifest.
5138 silly tarball no local data for baseline-browser-mapping@https://registry.npmjs.org/baseline-browser-mapping/-/baseline-browser-mapping-2.11.13.tgz. Extracting by manifest.
5139 silly tarball no local data for core-js-compat@https://registry.npmjs.org/core-js-compat/-/core-js-compat-3.50.0.tgz. Extracting by manifest.
5140 silly tarball no local data for resolve@https://registry.npmjs.org/resolve/-/resolve-1.22.12.tgz. Extracting by manifest.
5141 silly tarball no local data for lodash.debounce@https://registry.npmjs.org/lodash.debounce/-/lodash.debounce-4.0.8.tgz. Extracting by manifest.
5142 silly tarball no local data for @babel/helper-define-polyfill-provider@https://registry.npmjs.org/@babel/helper-define-polyfill-provider/-/helper-define-polyfill-provider-0.6.8.tgz. Extracting by manifest.
5143 silly tarball no local data for proxy-from-env@https://registry.npmjs.org/proxy-from-env/-/proxy-from-env-2.1.0.tgz. Extracting by manifest.
5144 silly tarball no local data for https-proxy-agent@https://registry.npmjs.org/https-proxy-agent/-/https-proxy-agent-5.0.1.tgz. Extracting by manifest.
5145 silly tarball no local data for form-data@https://registry.npmjs.org/form-data/-/form-data-4.0.6.tgz. Extracting by manifest.
5146 silly tarball no local data for follow-redirects@https://registry.npmjs.org/follow-redirects/-/follow-redirects-1.16.0.tgz. Extracting by manifest.
5147 silly tarball no local data for csstype@https://registry.npmjs.org/csstype/-/csstype-3.2.3.tgz. Extracting by manifest.
5148 silly tarball no local data for yargs@https://registry.npmjs.org/yargs/-/yargs-17.7.3.tgz. Extracting by manifest.
5149 silly tarball no local data for tinyglobby@https://registry.npmjs.org/tinyglobby/-/tinyglobby-0.2.17.tgz. Extracting by manifest.
5150 silly tarball no local data for invariant@https://registry.npmjs.org/invariant/-/invariant-2.2.4.tgz. Extracting by manifest.
5151 silly tarball no local data for @jridgewell/resolve-uri@https://registry.npmjs.org/@jridgewell/resolve-uri/-/resolve-uri-3.1.2.tgz. Extracting by manifest.
5152 silly tarball no local data for @jridgewell/sourcemap-codec@https://registry.npmjs.org/@jridgewell/sourcemap-codec/-/sourcemap-codec-1.5.5.tgz. Extracting by manifest.
5153 silly tarball no local data for @babel/helper-string-parser@https://registry.npmjs.org/@babel/helper-string-parser/-/helper-string-parser-7.29.7.tgz. Extracting by manifest.
5154 silly tarball no local data for @babel/plugin-syntax-typescript@https://registry.npmjs.org/@babel/plugin-syntax-typescript/-/plugin-syntax-typescript-7.29.7.tgz. Extracting by manifest.
5155 silly tarball no local data for babel-plugin-polyfill-regenerator@https://registry.npmjs.org/babel-plugin-polyfill-regenerator/-/babel-plugin-polyfill-regenerator-0.6.8.tgz. Extracting by manifest.
5156 silly tarball no local data for babel-plugin-polyfill-corejs3@https://registry.npmjs.org/babel-plugin-polyfill-corejs3/-/babel-plugin-polyfill-corejs3-0.13.0.tgz. Extracting by manifest.
5157 silly tarball no local data for babel-plugin-polyfill-corejs2@https://registry.npmjs.org/babel-plugin-polyfill-corejs2/-/babel-plugin-polyfill-corejs2-0.4.17.tgz. Extracting by manifest.
5158 silly tarball no local data for @babel/plugin-syntax-jsx@https://registry.npmjs.org/@babel/plugin-syntax-jsx/-/plugin-syntax-jsx-7.29.7.tgz. Extracting by manifest.
5159 silly tarball no local data for regexpu-core@https://registry.npmjs.org/regexpu-core/-/regexpu-core-6.4.0.tgz. Extracting by manifest.
5160 silly tarball no local data for @babel/helper-create-regexp-features-plugin@https://registry.npmjs.org/@babel/helper-create-regexp-features-plugin/-/helper-create-regexp-features-plugin-7.29.7.tgz. Extracting by manifest.
5161 silly tarball no local data for @babel/plugin-syntax-flow@https://registry.npmjs.org/@babel/plugin-syntax-flow/-/plugin-syntax-flow-7.29.7.tgz. Extracting by manifest.
5162 silly tarball no local data for @babel/helper-globals@https://registry.npmjs.org/@babel/helper-globals/-/helper-globals-7.29.7.tgz. Extracting by manifest.
5163 silly tarball no local data for @babel/helper-skip-transparent-expression-wrappers@https://registry.npmjs.org/@babel/helper-skip-transparent-expression-wrappers/-/helper-skip-transparent-expression-wrappers-7.29.7.tgz. Extracting by manifest.
5164 silly tarball no local data for @babel/helper-replace-supers@https://registry.npmjs.org/@babel/helper-replace-supers/-/helper-replace-supers-7.29.7.tgz. Extracting by manifest.
5165 silly tarball no local data for @babel/helper-optimise-call-expression@https://registry.npmjs.org/@babel/helper-optimise-call-expression/-/helper-optimise-call-expression-7.29.7.tgz. Extracting by manifest.
5166 silly tarball no local data for @babel/helper-member-expression-to-functions@https://registry.npmjs.org/@babel/helper-member-expression-to-functions/-/helper-member-expression-to-functions-7.29.7.tgz. Extracting by manifest.
5167 silly tarball no local data for @babel/helper-create-class-features-plugin@https://registry.npmjs.org/@babel/helper-create-class-features-plugin/-/helper-create-class-features-plugin-7.29.7.tgz. Extracting by manifest.
5168 silly tarball no local data for @babel/helper-wrap-function@https://registry.npmjs.org/@babel/helper-wrap-function/-/helper-wrap-function-7.29.7.tgz. Extracting by manifest.
5169 silly tarball no local data for @babel/helper-annotate-as-pure@https://registry.npmjs.org/@babel/helper-annotate-as-pure/-/helper-annotate-as-pure-7.29.7.tgz. Extracting by manifest.
5170 silly tarball no local data for @babel/helper-remap-async-to-generator@https://registry.npmjs.org/@babel/helper-remap-async-to-generator/-/helper-remap-async-to-generator-7.29.7.tgz. Extracting by manifest.
5171 silly tarball no local data for @babel/helper-plugin-utils@https://registry.npmjs.org/@babel/helper-plugin-utils/-/helper-plugin-utils-7.29.7.tgz. Extracting by manifest.
5172 silly tarball no local data for @babel/helper-module-imports@https://registry.npmjs.org/@babel/helper-module-imports/-/helper-module-imports-7.29.7.tgz. Extracting by manifest.
5173 silly tarball no local data for lru-cache@https://registry.npmjs.org/lru-cache/-/lru-cache-5.1.1.tgz. Extracting by manifest.
5174 silly tarball no local data for browserslist@https://registry.npmjs.org/browserslist/-/browserslist-4.28.8.tgz. Extracting by manifest.
5175 silly tarball no local data for @babel/helper-validator-option@https://registry.npmjs.org/@babel/helper-validator-option/-/helper-validator-option-7.29.7.tgz. Extracting by manifest.
5176 silly tarball no local data for @babel/compat-data@https://registry.npmjs.org/@babel/compat-data/-/compat-data-7.29.7.tgz. Extracting by manifest.
5177 silly tarball no local data for jsesc@https://registry.npmjs.org/jsesc/-/jsesc-3.1.0.tgz. Extracting by manifest.
5178 silly tarball no local data for @jridgewell/trace-mapping@https://registry.npmjs.org/@jridgewell/trace-mapping/-/trace-mapping-0.3.31.tgz. Extracting by manifest.
5179 silly tarball no local data for @jridgewell/gen-mapping@https://registry.npmjs.org/@jridgewell/gen-mapping/-/gen-mapping-0.3.13.tgz. Extracting by manifest.
5180 silly tarball no local data for picocolors@https://registry.npmjs.org/picocolors/-/picocolors-1.1.1.tgz. Extracting by manifest.
5181 silly tarball no local data for js-tokens@https://registry.npmjs.org/js-tokens/-/js-tokens-4.0.0.tgz. Extracting by manifest.
5182 silly tarball no local data for @babel/helper-validator-identifier@https://registry.npmjs.org/@babel/helper-validator-identifier/-/helper-validator-identifier-7.29.7.tgz. Extracting by manifest.
5183 silly tarball no local data for debug@https://registry.npmjs.org/debug/-/debug-4.4.3.tgz. Extracting by manifest.
5184 silly tarball no local data for @jridgewell/remapping@https://registry.npmjs.org/@jridgewell/remapping/-/remapping-2.3.5.tgz. Extracting by manifest.
5185 silly tarball no local data for @babel/types@https://registry.npmjs.org/@babel/types/-/types-7.29.8.tgz. Extracting by manifest.
5186 silly tarball no local data for @babel/traverse@https://registry.npmjs.org/@babel/traverse/-/traverse-7.29.8.tgz. Extracting by manifest.
5187 silly tarball no local data for @babel/template@https://registry.npmjs.org/@babel/template/-/template-7.29.7.tgz. Extracting by manifest.
5188 silly tarball no local data for @babel/parser@https://registry.npmjs.org/@babel/parser/-/parser-7.29.8.tgz. Extracting by manifest.
5189 silly tarball no local data for @babel/helpers@https://registry.npmjs.org/@babel/helpers/-/helpers-7.29.7.tgz. Extracting by manifest.
5190 silly tarball no local data for @babel/helper-module-transforms@https://registry.npmjs.org/@babel/helper-module-transforms/-/helper-module-transforms-7.29.7.tgz. Extracting by manifest.
5191 silly tarball no local data for @babel/helper-compilation-targets@https://registry.npmjs.org/@babel/helper-compilation-targets/-/helper-compilation-targets-7.29.7.tgz. Extracting by manifest.
5192 silly tarball no local data for @babel/code-frame@https://registry.npmjs.org/@babel/code-frame/-/code-frame-7.29.7.tgz. Extracting by manifest.
5193 silly tarball no local data for @babel/generator@https://registry.npmjs.org/@babel/generator/-/generator-7.29.8.tgz. Extracting by manifest.
5194 silly tarball no local data for react-refresh@https://registry.npmjs.org/react-refresh/-/react-refresh-0.14.2.tgz. Extracting by manifest.
5195 silly tarball no local data for babel-plugin-transform-flow-enums@https://registry.npmjs.org/babel-plugin-transform-flow-enums/-/babel-plugin-transform-flow-enums-0.0.2.tgz. Extracting by manifest.
5196 silly tarball no local data for babel-plugin-syntax-hermes-parser@https://registry.npmjs.org/babel-plugin-syntax-hermes-parser/-/babel-plugin-syntax-hermes-parser-0.36.1.tgz. Extracting by manifest.
5197 silly tarball no local data for @babel/plugin-transform-unicode-regex@https://registry.npmjs.org/@babel/plugin-transform-unicode-regex/-/plugin-transform-unicode-regex-7.29.7.tgz. Extracting by manifest.
5198 silly tarball no local data for @babel/plugin-transform-typescript@https://registry.npmjs.org/@babel/plugin-transform-typescript/-/plugin-transform-typescript-7.29.7.tgz. Extracting by manifest.
5199 silly tarball no local data for @babel/plugin-transform-runtime@https://registry.npmjs.org/@babel/plugin-transform-runtime/-/plugin-transform-runtime-7.29.7.tgz. Extracting by manifest.
5200 silly tarball no local data for @babel/plugin-transform-react-jsx@https://registry.npmjs.org/@babel/plugin-transform-react-jsx/-/plugin-transform-react-jsx-7.29.7.tgz. Extracting by manifest.
5201 silly tarball no local data for @babel/plugin-transform-react-display-name@https://registry.npmjs.org/@babel/plugin-transform-react-display-name/-/plugin-transform-react-display-name-7.29.7.tgz. Extracting by manifest.
5202 silly tarball no local data for @babel/plugin-transform-private-property-in-object@https://registry.npmjs.org/@babel/plugin-transform-private-property-in-object/-/plugin-transform-private-property-in-object-7.29.7.tgz. Extracting by manifest.
5203 silly tarball no local data for @babel/plugin-transform-private-methods@https://registry.npmjs.org/@babel/plugin-transform-private-methods/-/plugin-transform-private-methods-7.29.7.tgz. Extracting by manifest.
5204 silly tarball no local data for @babel/plugin-transform-optional-chaining@https://registry.npmjs.org/@babel/plugin-transform-optional-chaining/-/plugin-transform-optional-chaining-7.29.7.tgz. Extracting by manifest.
5205 silly tarball no local data for @babel/plugin-transform-optional-catch-binding@https://registry.npmjs.org/@babel/plugin-transform-optional-catch-binding/-/plugin-transform-optional-catch-binding-7.29.7.tgz. Extracting by manifest.
5206 silly tarball no local data for @babel/plugin-transform-nullish-coalescing-operator@https://registry.npmjs.org/@babel/plugin-transform-nullish-coalescing-operator/-/plugin-transform-nullish-coalescing-operator-7.29.7.tgz. Extracting by manifest.
5207 silly tarball no local data for @babel/plugin-transform-named-capturing-groups-regex@https://registry.npmjs.org/@babel/plugin-transform-named-capturing-groups-regex/-/plugin-transform-named-capturing-groups-regex-7.29.7.tgz. Extracting by manifest.
5208 silly tarball no local data for @babel/plugin-transform-modules-commonjs@https://registry.npmjs.org/@babel/plugin-transform-modules-commonjs/-/plugin-transform-modules-commonjs-7.29.7.tgz. Extracting by manifest.
5209 silly tarball no local data for @babel/plugin-transform-for-of@https://registry.npmjs.org/@babel/plugin-transform-for-of/-/plugin-transform-for-of-7.29.7.tgz. Extracting by manifest.
5210 silly tarball no local data for @babel/plugin-transform-flow-strip-types@https://registry.npmjs.org/@babel/plugin-transform-flow-strip-types/-/plugin-transform-flow-strip-types-7.29.7.tgz. Extracting by manifest.
5211 silly tarball no local data for @babel/plugin-transform-destructuring@https://registry.npmjs.org/@babel/plugin-transform-destructuring/-/plugin-transform-destructuring-7.29.7.tgz. Extracting by manifest.
5212 silly tarball no local data for @babel/plugin-transform-classes@https://registry.npmjs.org/@babel/plugin-transform-classes/-/plugin-transform-classes-7.29.7.tgz. Extracting by manifest.
5213 silly tarball no local data for @babel/plugin-transform-class-properties@https://registry.npmjs.org/@babel/plugin-transform-class-properties/-/plugin-transform-class-properties-7.29.7.tgz. Extracting by manifest.
5214 silly tarball no local data for @babel/plugin-transform-block-scoping@https://registry.npmjs.org/@babel/plugin-transform-block-scoping/-/plugin-transform-block-scoping-7.29.7.tgz. Extracting by manifest.
5215 silly tarball no local data for @babel/plugin-transform-async-to-generator@https://registry.npmjs.org/@babel/plugin-transform-async-to-generator/-/plugin-transform-async-to-generator-7.29.7.tgz. Extracting by manifest.
5216 silly tarball no local data for @babel/plugin-transform-async-generator-functions@https://registry.npmjs.org/@babel/plugin-transform-async-generator-functions/-/plugin-transform-async-generator-functions-7.29.7.tgz. Extracting by manifest.
5217 silly tarball no local data for @babel/plugin-syntax-optional-chaining@https://registry.npmjs.org/@babel/plugin-syntax-optional-chaining/-/plugin-syntax-optional-chaining-7.8.3.tgz. Extracting by manifest.
5218 silly tarball no local data for @babel/plugin-syntax-nullish-coalescing-operator@https://registry.npmjs.org/@babel/plugin-syntax-nullish-coalescing-operator/-/plugin-syntax-nullish-coalescing-operator-7.8.3.tgz. Extracting by manifest.
5219 silly tarball no local data for @babel/plugin-syntax-export-default-from@https://registry.npmjs.org/@babel/plugin-syntax-export-default-from/-/plugin-syntax-export-default-from-7.29.7.tgz. Extracting by manifest.
5220 silly tarball no local data for @babel/plugin-syntax-dynamic-import@https://registry.npmjs.org/@babel/plugin-syntax-dynamic-import/-/plugin-syntax-dynamic-import-7.8.3.tgz. Extracting by manifest.
5221 silly tarball no local data for @babel/core@https://registry.npmjs.org/@babel/core/-/core-7.29.7.tgz. Extracting by manifest.
5222 silly tarball no local data for @babel/plugin-proposal-export-default-from@https://registry.npmjs.org/@babel/plugin-proposal-export-default-from/-/plugin-proposal-export-default-from-7.29.7.tgz. Extracting by manifest.
5223 silly tarball no local data for nullthrows@https://registry.npmjs.org/nullthrows/-/nullthrows-1.1.1.tgz. Extracting by manifest.
5224 silly tarball no local data for hermes-parser@https://registry.npmjs.org/hermes-parser/-/hermes-parser-0.36.1.tgz. Extracting by manifest.
5225 silly tarball no local data for idb@https://registry.npmjs.org/idb/-/idb-8.0.3.tgz. Extracting by manifest.
5226 silly tarball no local data for @standard-schema/utils@https://registry.npmjs.org/@standard-schema/utils/-/utils-0.3.0.tgz. Extracting by manifest.
5227 silly tarball no local data for vaul@https://registry.npmjs.org/vaul/-/vaul-1.1.2.tgz. Extracting by manifest.
5228 silly tarball no local data for sf-symbols-typescript@https://registry.npmjs.org/sf-symbols-typescript/-/sf-symbols-typescript-2.2.0.tgz. Extracting by manifest.
5229 silly tarball no local data for semver@https://registry.npmjs.org/semver/-/semver-7.8.5.tgz. Extracting by manifest.
5230 silly tarball no local data for json5@https://registry.npmjs.org/json5/-/json5-2.2.3.tgz. Extracting by manifest.
5231 silly tarball no local data for gensync@https://registry.npmjs.org/gensync/-/gensync-1.0.0-beta.2.tgz. Extracting by manifest.
5232 silly tarball no local data for convert-source-map@https://registry.npmjs.org/convert-source-map/-/convert-source-map-2.0.0.tgz. Extracting by manifest.
5233 silly tarball no local data for zustand@https://registry.npmjs.org/zustand/-/zustand-5.0.15.tgz. Extracting by manifest.
5234 silly tarball no local data for typescript@https://registry.npmjs.org/typescript/-/typescript-6.0.3.tgz. Extracting by manifest.
5235 silly tarball no local data for zod@https://registry.npmjs.org/zod/-/zod-4.4.3.tgz. Extracting by manifest.
5236 silly tarball no local data for react-native-screens@https://registry.npmjs.org/react-native-screens/-/react-native-screens-4.26.2.tgz. Extracting by manifest.
5237 silly tarball no local data for react-native-web@https://registry.npmjs.org/react-native-web/-/react-native-web-0.21.2.tgz. Extracting by manifest.
5238 silly tarball no local data for react-native-worklets@https://registry.npmjs.org/react-native-worklets/-/react-native-worklets-0.10.1.tgz. Extracting by manifest.
5239 silly tarball no local data for react-native-reanimated@https://registry.npmjs.org/react-native-reanimated/-/react-native-reanimated-4.5.1.tgz. Extracting by manifest.
5240 silly tarball no local data for react-native-paper@https://registry.npmjs.org/react-native-paper/-/react-native-paper-5.15.3.tgz. Extracting by manifest.
5241 silly tarball no local data for react-native-gesture-handler@https://registry.npmjs.org/react-native-gesture-handler/-/react-native-gesture-handler-2.32.0.tgz. Extracting by manifest.
5242 silly tarball no local data for react-dom@https://registry.npmjs.org/react-dom/-/react-dom-19.2.3.tgz. Extracting by manifest.
5243 silly tarball no local data for react-native-svg@https://registry.npmjs.org/react-native-svg/-/react-native-svg-15.15.5.tgz. Extracting by manifest.
5244 silly tarball no local data for lucide-react-native@https://registry.npmjs.org/lucide-react-native/-/lucide-react-native-1.31.0.tgz. Extracting by manifest.
5245 silly tarball no local data for expo-web-browser@https://registry.npmjs.org/expo-web-browser/-/expo-web-browser-57.0.2.tgz. Extracting by manifest.
5246 silly tarball no local data for expo-system-ui@https://registry.npmjs.org/expo-system-ui/-/expo-system-ui-57.0.2.tgz. Extracting by manifest.
5247 silly tarball no local data for expo-symbols@https://registry.npmjs.org/expo-symbols/-/expo-symbols-57.0.2.tgz. Extracting by manifest.
5248 silly tarball no local data for expo-status-bar@https://registry.npmjs.org/expo-status-bar/-/expo-status-bar-57.0.1.tgz. Extracting by manifest.
5249 silly tarball no local data for expo-splash-screen@https://registry.npmjs.org/expo-splash-screen/-/expo-splash-screen-57.0.6.tgz. Extracting by manifest.
5250 silly tarball no local data for expo-sharing@https://registry.npmjs.org/expo-sharing/-/expo-sharing-57.0.11.tgz. Extracting by manifest.
5251 silly tarball no local data for react-native-safe-area-context@https://registry.npmjs.org/react-native-safe-area-context/-/react-native-safe-area-context-5.7.0.tgz. Extracting by manifest.
5252 silly tarball no local data for expo-router@https://registry.npmjs.org/expo-router/-/expo-router-57.0.12.tgz. Extracting by manifest.
5253 silly tarball no local data for expo-print@https://registry.npmjs.org/expo-print/-/expo-print-57.0.1.tgz. Extracting by manifest.
5254 silly tarball no local data for expo-linking@https://registry.npmjs.org/expo-linking/-/expo-linking-57.0.5.tgz. Extracting by manifest.
5255 silly tarball no local data for expo-image@https://registry.npmjs.org/expo-image/-/expo-image-57.0.2.tgz. Extracting by manifest.
5256 silly tarball no local data for expo-font@https://registry.npmjs.org/expo-font/-/expo-font-57.0.1.tgz. Extracting by manifest.
5257 silly tarball no local data for expo-glass-effect@https://registry.npmjs.org/expo-glass-effect/-/expo-glass-effect-57.0.1.tgz. Extracting by manifest.
5258 silly tarball no local data for expo-constants@https://registry.npmjs.org/expo-constants/-/expo-constants-57.0.10.tgz. Extracting by manifest.
5259 silly tarball no local data for axios@https://registry.npmjs.org/axios/-/axios-1.19.0.tgz. Extracting by manifest.
5260 silly tarball no local data for @types/react@https://registry.npmjs.org/@types/react/-/react-19.2.18.tgz. Extracting by manifest.
5261 silly tarball no local data for @react-native-async-storage/async-storage@https://registry.npmjs.org/@react-native-async-storage/async-storage/-/async-storage-3.1.1.tgz. Extracting by manifest.
5262 silly tarball no local data for react-hook-form@https://registry.npmjs.org/react-hook-form/-/react-hook-form-7.85.0.tgz. Extracting by manifest.
5263 silly tarball no local data for @hookform/resolvers@https://registry.npmjs.org/@hookform/resolvers/-/resolvers-5.7.1.tgz. Extracting by manifest.
5264 silly tarball no local data for expo-device@https://registry.npmjs.org/expo-device/-/expo-device-57.0.1.tgz. Extracting by manifest.
5265 silly tarball no local data for react-native@https://registry.npmjs.org/react-native/-/react-native-0.86.2.tgz. Extracting by manifest.
5266 silly tarball no local data for expo@https://registry.npmjs.org/expo/-/expo-57.0.12.tgz. Extracting by manifest.
5267 silly tarball no local data for react@https://registry.npmjs.org/react/-/react-19.2.3.tgz. Extracting by manifest.
5268 silly tarball no local data for @expo/ui@https://registry.npmjs.org/@expo/ui/-/ui-57.0.10.tgz. Extracting by manifest.
5269 silly tarball no local data for type-fest@https://registry.npmjs.org/type-fest/-/type-fest-0.21.3.tgz. Extracting by manifest.
5270 silly tarball no local data for has-flag@https://registry.npmjs.org/has-flag/-/has-flag-3.0.0.tgz. Extracting by manifest.
5271 silly tarball no local data for color-name@https://registry.npmjs.org/color-name/-/color-name-1.1.3.tgz. Extracting by manifest.
5272 silly tarball no local data for color-convert@https://registry.npmjs.org/color-convert/-/color-convert-1.9.3.tgz. Extracting by manifest.
5273 silly tarball no local data for supports-color@https://registry.npmjs.org/supports-color/-/supports-color-5.5.0.tgz. Extracting by manifest.
5274 silly tarball no local data for escape-string-regexp@https://registry.npmjs.org/escape-string-regexp/-/escape-string-regexp-1.0.5.tgz. Extracting by manifest.
5275 silly tarball no local data for ansi-styles@https://registry.npmjs.org/ansi-styles/-/ansi-styles-3.2.1.tgz. Extracting by manifest.
5276 silly tarball no local data for chalk@https://registry.npmjs.org/chalk/-/chalk-2.4.2.tgz. Extracting by manifest.
5277 silly tarball no local data for lru-cache@https://registry.npmjs.org/lru-cache/-/lru-cache-10.4.3.tgz. Extracting by manifest.
5278 silly tarball no local data for has-flag@https://registry.npmjs.org/has-flag/-/has-flag-3.0.0.tgz. Extracting by manifest.
5279 silly tarball no local data for ansi-regex@https://registry.npmjs.org/ansi-regex/-/ansi-regex-4.1.1.tgz. Extracting by manifest.
5280 silly tarball no local data for color-name@https://registry.npmjs.org/color-name/-/color-name-1.1.3.tgz. Extracting by manifest.
5281 silly tarball no local data for color-convert@https://registry.npmjs.org/color-convert/-/color-convert-1.9.3.tgz. Extracting by manifest.
5282 silly tarball no local data for supports-color@https://registry.npmjs.org/supports-color/-/supports-color-5.5.0.tgz. Extracting by manifest.
5283 silly tarball no local data for escape-string-regexp@https://registry.npmjs.org/escape-string-regexp/-/escape-string-regexp-1.0.5.tgz. Extracting by manifest.
5284 silly tarball no local data for ansi-styles@https://registry.npmjs.org/ansi-styles/-/ansi-styles-3.2.1.tgz. Extracting by manifest.
5285 silly tarball no local data for strip-ansi@https://registry.npmjs.org/strip-ansi/-/strip-ansi-5.2.0.tgz. Extracting by manifest.
5286 silly tarball no local data for chalk@https://registry.npmjs.org/chalk/-/chalk-2.4.2.tgz. Extracting by manifest.
5287 silly tarball no local data for ms@https://registry.npmjs.org/ms/-/ms-2.0.0.tgz. Extracting by manifest.
5288 silly tarball no local data for negotiator@https://registry.npmjs.org/negotiator/-/negotiator-0.6.4.tgz. Extracting by manifest.
5289 silly tarball no local data for debug@https://registry.npmjs.org/debug/-/debug-2.6.9.tgz. Extracting by manifest.
5290 silly tarball no local data for debug@https://registry.npmjs.org/debug/-/debug-3.2.7.tgz. Extracting by manifest.
5291 silly tarball no local data for @xmldom/xmldom@https://registry.npmjs.org/@xmldom/xmldom/-/xmldom-0.9.11.tgz. Extracting by manifest.
5292 silly tarball no local data for source-map@https://registry.npmjs.org/source-map/-/source-map-0.6.1.tgz. Extracting by manifest.
5293 silly tarball no local data for statuses@https://registry.npmjs.org/statuses/-/statuses-2.0.2.tgz. Extracting by manifest.
5294 silly tarball no local data for statuses@https://registry.npmjs.org/statuses/-/statuses-2.0.2.tgz. Extracting by manifest.
5295 silly tarball no local data for on-finished@https://registry.npmjs.org/on-finished/-/on-finished-2.4.1.tgz. Extracting by manifest.
5296 silly tarball no local data for encodeurl@https://registry.npmjs.org/encodeurl/-/encodeurl-2.0.0.tgz. Extracting by manifest.
5297 silly tarball no local data for debug@https://registry.npmjs.org/debug/-/debug-2.6.9.tgz. Extracting by manifest.
5298 silly tarball no local data for ms@https://registry.npmjs.org/ms/-/ms-2.0.0.tgz. Extracting by manifest.
5299 silly tarball no local data for ua-parser-js@https://registry.npmjs.org/ua-parser-js/-/ua-parser-js-1.0.41.tgz. Extracting by manifest.
5300 silly tarball no local data for promise@https://registry.npmjs.org/promise/-/promise-7.3.1.tgz. Extracting by manifest.
5301 silly tarball no local data for source-map@https://registry.npmjs.org/source-map/-/source-map-0.6.1.tgz. Extracting by manifest.
5302 silly tarball no local data for deepmerge@https://registry.npmjs.org/deepmerge/-/deepmerge-3.3.0.tgz. Extracting by manifest.
5303 silly tarball no local data for react-is@https://registry.npmjs.org/react-is/-/react-is-16.13.1.tgz. Extracting by manifest.
5304 silly tarball no local data for ms@https://registry.npmjs.org/ms/-/ms-2.0.0.tgz. Extracting by manifest.
5305 silly tarball no local data for debug@https://registry.npmjs.org/debug/-/debug-2.6.9.tgz. Extracting by manifest.
5306 silly tarball no local data for hermes-parser@https://registry.npmjs.org/hermes-parser/-/hermes-parser-0.36.0.tgz. Extracting by manifest.
5307 silly tarball no local data for hermes-estree@https://registry.npmjs.org/hermes-estree/-/hermes-estree-0.36.0.tgz. Extracting by manifest.
5308 silly tarball no local data for hermes-estree@https://registry.npmjs.org/hermes-estree/-/hermes-estree-0.36.0.tgz. Extracting by manifest.
5309 silly tarball no local data for hermes-parser@https://registry.npmjs.org/hermes-parser/-/hermes-parser-0.36.0.tgz. Extracting by manifest.
5310 silly tarball no local data for babel-plugin-syntax-hermes-parser@https://registry.npmjs.org/babel-plugin-syntax-hermes-parser/-/babel-plugin-syntax-hermes-parser-0.36.0.tgz. Extracting by manifest.
5311 silly tarball no local data for hermes-estree@https://registry.npmjs.org/hermes-estree/-/hermes-estree-0.36.0.tgz. Extracting by manifest.
5312 silly tarball no local data for hermes-parser@https://registry.npmjs.org/hermes-parser/-/hermes-parser-0.36.0.tgz. Extracting by manifest.
5313 silly tarball no local data for encodeurl@https://registry.npmjs.org/encodeurl/-/encodeurl-2.0.0.tgz. Extracting by manifest.
5314 silly tarball no local data for picomatch@https://registry.npmjs.org/picomatch/-/picomatch-2.3.2.tgz. Extracting by manifest.
5315 silly tarball no local data for commander@https://registry.npmjs.org/commander/-/commander-2.20.3.tgz. Extracting by manifest.
5316 silly tarball no local data for picomatch@https://registry.npmjs.org/picomatch/-/picomatch-2.3.2.tgz. Extracting by manifest.
5317 silly tarball no local data for ci-info@https://registry.npmjs.org/ci-info/-/ci-info-3.9.0.tgz. Extracting by manifest.
5318 silly tarball no local data for ms@https://registry.npmjs.org/ms/-/ms-2.0.0.tgz. Extracting by manifest.
5319 silly tarball no local data for debug@https://registry.npmjs.org/debug/-/debug-2.6.9.tgz. Extracting by manifest.
5320 silly tarball no local data for supports-color@https://registry.npmjs.org/supports-color/-/supports-color-8.1.1.tgz. Extracting by manifest.
5321 silly tarball no local data for ms@https://registry.npmjs.org/ms/-/ms-2.0.0.tgz. Extracting by manifest.
5322 silly tarball no local data for debug@https://registry.npmjs.org/debug/-/debug-2.6.9.tgz. Extracting by manifest.
5323 silly tarball no local data for mime-db@https://registry.npmjs.org/mime-db/-/mime-db-1.54.0.tgz. Extracting by manifest.
5324 silly tarball no local data for mime-types@https://registry.npmjs.org/mime-types/-/mime-types-3.0.2.tgz. Extracting by manifest.
5325 silly tarball no local data for lru-cache@https://registry.npmjs.org/lru-cache/-/lru-cache-11.5.2.tgz. Extracting by manifest.
5326 silly tarball no local data for react-is@https://registry.npmjs.org/react-is/-/react-is-17.0.2.tgz. Extracting by manifest.
5327 silly tarball no local data for pretty-format@https://registry.npmjs.org/pretty-format/-/pretty-format-27.5.1.tgz. Extracting by manifest.
5328 silly tarball no local data for dom-accessibility-api@https://registry.npmjs.org/dom-accessibility-api/-/dom-accessibility-api-0.6.3.tgz. Extracting by manifest.
5329 silly tarball no local data for agent-base@https://registry.npmjs.org/agent-base/-/agent-base-7.1.4.tgz. Extracting by manifest.
5330 silly tarball no local data for https-proxy-agent@https://registry.npmjs.org/https-proxy-agent/-/https-proxy-agent-7.0.6.tgz. Extracting by manifest.
5331 silly tarball no local data for hermes-estree@https://registry.npmjs.org/hermes-estree/-/hermes-estree-0.35.0.tgz. Extracting by manifest.
5332 silly tarball no local data for ansi-styles@https://registry.npmjs.org/ansi-styles/-/ansi-styles-5.2.0.tgz. Extracting by manifest.
5333 silly tarball no local data for hermes-parser@https://registry.npmjs.org/hermes-parser/-/hermes-parser-0.35.0.tgz. Extracting by manifest.
5334 silly tarball no local data for hermes-estree@https://registry.npmjs.org/hermes-estree/-/hermes-estree-0.35.0.tgz. Extracting by manifest.
5335 silly tarball no local data for mime-db@https://registry.npmjs.org/mime-db/-/mime-db-1.54.0.tgz. Extracting by manifest.
5336 silly tarball no local data for hermes-parser@https://registry.npmjs.org/hermes-parser/-/hermes-parser-0.35.0.tgz. Extracting by manifest.
5337 silly tarball no local data for mime-types@https://registry.npmjs.org/mime-types/-/mime-types-3.0.2.tgz. Extracting by manifest.
5338 silly tarball no local data for xmlbuilder@https://registry.npmjs.org/xmlbuilder/-/xmlbuilder-11.0.1.tgz. Extracting by manifest.
5339 silly tarball no local data for react-is@https://registry.npmjs.org/react-is/-/react-is-18.3.1.tgz. Extracting by manifest.
5340 silly tarball no local data for ansi-styles@https://registry.npmjs.org/ansi-styles/-/ansi-styles-5.2.0.tgz. Extracting by manifest.
5341 silly tarball no local data for semver@https://registry.npmjs.org/semver/-/semver-6.3.1.tgz. Extracting by manifest.
5342 silly tarball no local data for semver@https://registry.npmjs.org/semver/-/semver-6.3.1.tgz. Extracting by manifest.
5343 silly tarball no local data for semver@https://registry.npmjs.org/semver/-/semver-6.3.1.tgz. Extracting by manifest.
5344 silly tarball no local data for semver@https://registry.npmjs.org/semver/-/semver-6.3.1.tgz. Extracting by manifest.
5345 silly tarball no local data for semver@https://registry.npmjs.org/semver/-/semver-6.3.1.tgz. Extracting by manifest.
5346 silly tarball no local data for semver@https://registry.npmjs.org/semver/-/semver-6.3.1.tgz. Extracting by manifest.
5347 silly tarball no local data for memoize-one@https://registry.npmjs.org/memoize-one/-/memoize-one-6.0.0.tgz. Extracting by manifest.
5348 silly tarball no local data for @react-native/normalize-colors@https://registry.npmjs.org/@react-native/normalize-colors/-/normalize-colors-0.74.89.tgz. Extracting by manifest.
5349 silly tarball no local data for color-name@https://registry.npmjs.org/color-name/-/color-name-1.1.3.tgz. Extracting by manifest.
5350 silly tarball no local data for color-convert@https://registry.npmjs.org/color-convert/-/color-convert-1.9.3.tgz. Extracting by manifest.
5351 silly tarball no local data for color@https://registry.npmjs.org/color/-/color-3.2.1.tgz. Extracting by manifest.
5352 silly tarball no local data for hermes-estree@https://registry.npmjs.org/hermes-estree/-/hermes-estree-0.36.0.tgz. Extracting by manifest.
5353 silly tarball no local data for hermes-parser@https://registry.npmjs.org/hermes-parser/-/hermes-parser-0.36.0.tgz. Extracting by manifest.
5354 silly tarball no local data for commander@https://registry.npmjs.org/commander/-/commander-12.1.0.tgz. Extracting by manifest.
5355 silly tarball no local data for babel-plugin-syntax-hermes-parser@https://registry.npmjs.org/babel-plugin-syntax-hermes-parser/-/babel-plugin-syntax-hermes-parser-0.36.0.tgz. Extracting by manifest.
5356 silly tarball no local data for negotiator@https://registry.npmjs.org/negotiator/-/negotiator-0.6.3.tgz. Extracting by manifest.
5357 silly tarball no local data for zod@https://registry.npmjs.org/zod/-/zod-3.25.76.tgz. Extracting by manifest.
5358 silly tarball no local data for ci-info@https://registry.npmjs.org/ci-info/-/ci-info-3.9.0.tgz. Extracting by manifest.
5359 silly tarball no local data for accepts@https://registry.npmjs.org/accepts/-/accepts-1.3.8.tgz. Extracting by manifest.
5360 silly tarball no local data for ws@https://registry.npmjs.org/ws/-/ws-8.21.3.tgz. Extracting by manifest.
5361 silly tarball no local data for @expo/ws-tunnel@https://registry.npmjs.org/@expo/ws-tunnel/-/ws-tunnel-2.0.0.tgz. Extracting by manifest.
5362 silly tarball no local data for @expo/cli@https://registry.npmjs.org/@expo/cli/-/cli-57.0.14.tgz. Extracting by manifest.
5363 silly tarball no local data for @expo/router-server@https://registry.npmjs.org/@expo/router-server/-/router-server-57.0.5.tgz. Extracting by manifest.
5364 silly tarball no local data for regenerate@https://registry.npmjs.org/regenerate/-/regenerate-1.4.2.tgz. Extracting by manifest.
5365 http fetch GET 200 https://registry.npmjs.org/clone/-/clone-1.0.4.tgz 2927ms (cache miss)
5366 http fetch GET 200 https://registry.npmjs.org/supports-hyperlinks/-/supports-hyperlinks-2.3.0.tgz 2923ms (cache miss)
5367 http fetch GET 200 https://registry.npmjs.org/onetime/-/onetime-2.0.1.tgz 2921ms (cache miss)
5368 http fetch GET 200 https://registry.npmjs.org/signal-exit/-/signal-exit-3.0.7.tgz 2926ms (cache miss)
5369 http fetch GET 200 https://registry.npmjs.org/proc-log/-/proc-log-4.2.0.tgz 2905ms (cache miss)
5370 http fetch GET 200 https://registry.npmjs.org/ansi-escapes/-/ansi-escapes-4.3.2.tgz 2936ms (cache miss)
5371 http fetch GET 200 https://registry.npmjs.org/defaults/-/defaults-1.0.4.tgz 2943ms (cache miss)
5372 http fetch GET 200 https://registry.npmjs.org/mimic-fn/-/mimic-fn-1.2.0.tgz 2936ms (cache miss)
5373 http fetch GET 200 https://registry.npmjs.org/hosted-git-info/-/hosted-git-info-7.0.2.tgz 2913ms (cache miss)
5374 http fetch GET 200 https://registry.npmjs.org/argparse/-/argparse-2.0.1.tgz 2923ms (cache miss)
5375 http fetch GET 200 https://registry.npmjs.org/vary/-/vary-1.1.2.tgz 2932ms (cache miss)
5376 http fetch GET 200 https://registry.npmjs.org/safe-buffer/-/safe-buffer-5.2.1.tgz 2980ms (cache miss)
5377 http fetch GET 200 https://registry.npmjs.org/on-headers/-/on-headers-1.1.0.tgz 2984ms (cache miss)
5378 http fetch GET 200 https://registry.npmjs.org/compressible/-/compressible-2.0.18.tgz 2988ms (cache miss)
5379 http fetch GET 200 https://registry.npmjs.org/terminal-link/-/terminal-link-2.1.1.tgz 4038ms (cache miss)
5380 http fetch GET 200 https://registry.npmjs.org/bytes/-/bytes-3.1.2.tgz 4076ms (cache miss)
5381 http fetch GET 200 https://registry.npmjs.org/@expo/sudo-prompt/-/sudo-prompt-9.3.2.tgz 4075ms (cache miss)
5382 http fetch GET 200 https://registry.npmjs.org/sisteransi/-/sisteransi-1.0.5.tgz 4141ms (cache miss)
5383 http fetch GET 200 https://registry.npmjs.org/ora/-/ora-3.4.0.tgz 4097ms (cache miss)
5384 http fetch GET 200 https://registry.npmjs.org/npm-package-arg/-/npm-package-arg-11.0.3.tgz 4096ms (cache miss)
5385 http fetch GET 200 https://registry.npmjs.org/progress/-/progress-2.0.3.tgz 4105ms (cache miss)
5386 http fetch GET 200 https://registry.npmjs.org/lan-network/-/lan-network-0.2.1.tgz 4131ms (cache miss)
5387 http fetch GET 200 https://registry.npmjs.org/restore-cursor/-/restore-cursor-2.0.0.tgz 4222ms (cache miss)
5388 http fetch GET 200 https://registry.npmjs.org/@expo/inline-modules/-/inline-modules-0.1.5.tgz 4184ms (cache miss)
5389 http fetch GET 200 https://registry.npmjs.org/@expo/code-signing-certificates/-/code-signing-certificates-0.0.6.tgz 4182ms (cache miss)
5390 http fetch GET 200 https://registry.npmjs.org/cli-cursor/-/cli-cursor-2.1.0.tgz 4255ms (cache miss)
5391 http fetch GET 200 https://registry.npmjs.org/log-symbols/-/log-symbols-2.2.0.tgz 4283ms (cache miss)
5392 http fetch GET 200 https://registry.npmjs.org/validate-npm-package-name/-/validate-npm-package-name-5.0.1.tgz 4300ms (cache miss)
5393 http fetch GET 200 https://registry.npmjs.org/get-caller-file/-/get-caller-file-2.0.5.tgz 4218ms (cache miss)
5394 http fetch GET 200 https://registry.npmjs.org/string-width/-/string-width-4.2.3.tgz 4225ms (cache miss)
5395 http fetch GET 200 https://registry.npmjs.org/cli-spinners/-/cli-spinners-2.9.2.tgz 4332ms (cache miss)
5396 http fetch GET 200 https://registry.npmjs.org/kleur/-/kleur-3.0.3.tgz 4349ms (cache miss)
5397 http fetch GET 200 https://registry.npmjs.org/is-fullwidth-code-point/-/is-fullwidth-code-point-3.0.0.tgz 4270ms (cache miss)
5398 http fetch GET 200 https://registry.npmjs.org/wcwidth/-/wcwidth-1.0.1.tgz 4353ms (cache miss)
5399 http fetch GET 200 https://registry.npmjs.org/bplist-parser/-/bplist-parser-0.3.1.tgz 4247ms (cache miss)
5400 http fetch GET 200 https://registry.npmjs.org/compression/-/compression-1.8.1.tgz 4313ms (cache miss)
5401 http fetch GET 200 https://registry.npmjs.org/@expo/osascript/-/osascript-2.7.1.tgz 4309ms (cache miss)
5402 http fetch GET 200 https://registry.npmjs.org/strip-ansi/-/strip-ansi-6.0.1.tgz 4294ms (cache miss)
5403 http fetch GET 200 https://registry.npmjs.org/sax/-/sax-1.6.1.tgz 4284ms (cache miss)
5404 http fetch GET 200 https://registry.npmjs.org/tmpl/-/tmpl-1.0.5.tgz 4268ms (cache miss)
5405 http fetch GET 200 https://registry.npmjs.org/get-nonce/-/get-nonce-1.0.1.tgz 4265ms (cache miss)
5406 http fetch GET 200 https://registry.npmjs.org/require-directory/-/require-directory-2.1.1.tgz 4318ms (cache miss)
5407 http fetch GET 200 https://registry.npmjs.org/webidl-conversions/-/webidl-conversions-3.0.1.tgz 4303ms (cache miss)
5408 http fetch GET 200 https://registry.npmjs.org/detect-node-es/-/detect-node-es-1.1.0.tgz 4293ms (cache miss)
5409 http fetch GET 200 https://registry.npmjs.org/emoji-regex/-/emoji-regex-8.0.0.tgz 4357ms (cache miss)
5410 http fetch GET 200 https://registry.npmjs.org/makeerror/-/makeerror-1.0.12.tgz 4319ms (cache miss)
5411 http fetch GET 200 https://registry.npmjs.org/use-sidecar/-/use-sidecar-1.1.3.tgz 4316ms (cache miss)
5412 http fetch GET 200 https://registry.npmjs.org/react-remove-scroll-bar/-/react-remove-scroll-bar-2.3.8.tgz 4315ms (cache miss)
5413 http fetch GET 200 https://registry.npmjs.org/toqr/-/toqr-0.1.1.tgz 4435ms (cache miss)
5414 http fetch GET 200 https://registry.npmjs.org/wrap-ansi/-/wrap-ansi-7.0.0.tgz 4389ms (cache miss)
5415 http fetch GET 200 https://registry.npmjs.org/@radix-ui/react-focus-guards/-/react-focus-guards-1.1.6.tgz 4328ms (cache miss)
5416 http fetch GET 200 https://registry.npmjs.org/escalade/-/escalade-3.2.0.tgz 4423ms (cache miss)
5417 http fetch GET 200 https://registry.npmjs.org/big-integer/-/big-integer-1.6.52.tgz 4510ms (cache miss)
5418 http fetch GET 200 https://registry.npmjs.org/unicode-property-aliases-ecmascript/-/unicode-property-aliases-ecmascript-2.2.0.tgz 4526ms (cache miss)
5419 http fetch GET 200 https://registry.npmjs.org/unicode-canonical-property-names-ecmascript/-/unicode-canonical-property-names-ecmascript-2.0.1.tgz 4526ms (cache miss)
5420 http fetch GET 200 https://registry.npmjs.org/isexe/-/isexe-2.0.0.tgz 4580ms (cache miss)
5421 http fetch GET 200 https://registry.npmjs.org/is-number/-/is-number-7.0.0.tgz 4583ms (cache miss)
5422 http fetch GET 200 https://registry.npmjs.org/source-map-support/-/source-map-support-0.5.21.tgz 4717ms (cache miss)
5423 http fetch GET 200 https://registry.npmjs.org/fetch-nodeshim/-/fetch-nodeshim-0.4.10.tgz 4834ms (cache miss)
5424 http fetch GET 200 https://registry.npmjs.org/buffer-from/-/buffer-from-1.1.2.tgz 4868ms (cache miss)
5425 http fetch GET 200 https://registry.npmjs.org/multitars/-/multitars-1.0.2.tgz 4996ms (cache miss)
5426 http fetch GET 200 https://registry.npmjs.org/cliui/-/cliui-8.0.1.tgz 4992ms (cache miss)
5427 http fetch GET 200 https://registry.npmjs.org/@radix-ui/react-portal/-/react-portal-1.1.17.tgz 4981ms (cache miss)
5428 http fetch GET 200 https://registry.npmjs.org/fdir/-/fdir-6.5.0.tgz 4967ms (cache miss)
5429 http fetch GET 200 https://registry.npmjs.org/y18n/-/y18n-5.0.8.tgz 5153ms (cache miss)
5430 http fetch GET 200 https://registry.npmjs.org/dnssd-advertise/-/dnssd-advertise-1.1.6.tgz 5315ms (cache miss)
5431 http fetch GET 200 https://registry.npmjs.org/tslib/-/tslib-2.8.1.tgz 5301ms (cache miss)
5432 http fetch GET 200 https://registry.npmjs.org/@radix-ui/react-focus-scope/-/react-focus-scope-1.1.16.tgz 5428ms (cache miss)
5433 http fetch GET 200 https://registry.npmjs.org/@radix-ui/react-dismissable-layer/-/react-dismissable-layer-1.1.19.tgz 5427ms (cache miss)
5434 http fetch GET 200 https://registry.npmjs.org/tr46/-/tr46-0.0.3.tgz 5462ms (cache miss)
5435 http fetch GET 200 https://registry.npmjs.org/destroy/-/destroy-1.2.0.tgz 5380ms (cache miss)
5436 http fetch GET 200 https://registry.npmjs.org/type-fest/-/type-fest-0.7.1.tgz 5406ms (cache miss)
5437 http fetch GET 200 https://registry.npmjs.org/is-arrayish/-/is-arrayish-0.3.4.tgz 5406ms (cache miss)
5438 http fetch GET 200 https://registry.npmjs.org/has-flag/-/has-flag-4.0.0.tgz 5415ms (cache miss)
5439 http fetch GET 200 https://registry.npmjs.org/range-parser/-/range-parser-1.2.1.tgz 5401ms (cache miss)
5440 http fetch GET 200 https://registry.npmjs.org/min-indent/-/min-indent-1.0.1.tgz 5420ms (cache miss)
5441 http fetch GET 200 https://registry.npmjs.org/http-errors/-/http-errors-2.0.1.tgz 5408ms (cache miss)
5442 http fetch GET 200 https://registry.npmjs.org/toidentifier/-/toidentifier-1.0.1.tgz 5541ms (cache miss)
5443 http fetch GET 200 https://registry.npmjs.org/shebang-regex/-/shebang-regex-3.0.0.tgz 5548ms (cache miss)
5444 http fetch GET 200 https://registry.npmjs.org/supports-preserve-symlinks-flag/-/supports-preserve-symlinks-flag-1.0.0.tgz 5524ms (cache miss)
5445 http fetch GET 200 https://registry.npmjs.org/path-parse/-/path-parse-1.0.7.tgz 5522ms (cache miss)
5446 http fetch GET 200 https://registry.npmjs.org/unicode-match-property-ecmascript/-/unicode-match-property-ecmascript-2.0.0.tgz 5516ms (cache miss)
5447 http fetch GET 200 https://registry.npmjs.org/unicode-match-property-value-ecmascript/-/unicode-match-property-value-ecmascript-2.2.1.tgz 5520ms (cache miss)
5448 http fetch GET 200 https://registry.npmjs.org/is-core-module/-/is-core-module-2.16.2.tgz 5524ms (cache miss)
5449 http fetch GET 200 https://registry.npmjs.org/setprototypeof/-/setprototypeof-1.2.0.tgz 5610ms (cache miss)
5450 http fetch GET 200 https://registry.npmjs.org/etag/-/etag-1.8.1.tgz 5600ms (cache miss)
5451 http fetch GET 200 https://registry.npmjs.org/fresh/-/fresh-0.5.2.tgz 5603ms (cache miss)
5452 http fetch GET 200 https://registry.npmjs.org/regjsgen/-/regjsgen-0.8.0.tgz 5584ms (cache miss)
5453 http fetch GET 200 https://registry.npmjs.org/strip-indent/-/strip-indent-3.0.0.tgz 5583ms (cache miss)
5454 http fetch GET 200 https://registry.npmjs.org/indent-string/-/indent-string-4.0.0.tgz 5666ms (cache miss)
5455 http fetch GET 200 https://registry.npmjs.org/@babel/plugin-transform-arrow-functions/-/plugin-transform-arrow-functions-7.29.7.tgz 5665ms (cache miss)
5456 http fetch GET 200 https://registry.npmjs.org/send/-/send-0.19.2.tgz 5777ms (cache miss)
5457 http fetch GET 200 https://registry.npmjs.org/depd/-/depd-2.0.0.tgz 5780ms (cache miss)
5458 http fetch GET 200 https://registry.npmjs.org/regjsparser/-/regjsparser-0.13.2.tgz 5767ms (cache miss)
5459 http fetch GET 200 https://registry.npmjs.org/@babel/plugin-transform-template-literals/-/plugin-transform-template-literals-7.29.7.tgz 5756ms (cache miss)
5460 http fetch GET 200 https://registry.npmjs.org/setimmediate/-/setimmediate-1.0.5.tgz 5742ms (cache miss)
5461 http fetch GET 200 https://registry.npmjs.org/object-assign/-/object-assign-4.1.1.tgz 5740ms (cache miss)
5462 http fetch GET 200 https://registry.npmjs.org/fbjs-css-vars/-/fbjs-css-vars-1.0.2.tgz 5739ms (cache miss)
5463 http fetch GET 200 https://registry.npmjs.org/mime/-/mime-1.6.0.tgz 5845ms (cache miss)
5464 http fetch GET 200 https://registry.npmjs.org/hyphenate-style-name/-/hyphenate-style-name-1.1.0.tgz 5797ms (cache miss)
5465 http fetch GET 200 https://registry.npmjs.org/postcss-value-parser/-/postcss-value-parser-4.2.0.tgz 5780ms (cache miss)
5466 http fetch GET 200 https://registry.npmjs.org/aria-hidden/-/aria-hidden-1.2.6.tgz 5927ms (cache miss)
5467 http fetch GET 200 https://registry.npmjs.org/@babel/plugin-transform-shorthand-properties/-/plugin-transform-shorthand-properties-7.29.7.tgz 5832ms (cache miss)
5468 http fetch GET 200 https://registry.npmjs.org/domelementtype/-/domelementtype-2.3.0.tgz 5801ms (cache miss)
5469 http fetch GET 200 https://registry.npmjs.org/nth-check/-/nth-check-2.1.1.tgz 5799ms (cache miss)
5470 http fetch GET 200 https://registry.npmjs.org/dom-serializer/-/dom-serializer-2.0.0.tgz 5811ms (cache miss)
5471 http fetch GET 200 https://registry.npmjs.org/styleq/-/styleq-0.1.3.tgz 5873ms (cache miss)
5472 http fetch GET 200 https://registry.npmjs.org/boolbase/-/boolbase-1.0.0.tgz 5856ms (cache miss)
5473 http fetch GET 200 https://registry.npmjs.org/inline-style-prefixer/-/inline-style-prefixer-7.0.1.tgz 5878ms (cache miss)
5474 http fetch GET 200 https://registry.npmjs.org/react-freeze/-/react-freeze-1.0.4.tgz 5884ms (cache miss)
5475 http fetch GET 200 https://registry.npmjs.org/use-latest-callback/-/use-latest-callback-0.2.6.tgz 5898ms (cache miss)
5476 http fetch GET 200 https://registry.npmjs.org/@jridgewell/source-map/-/source-map-0.3.11.tgz 6045ms (cache miss)
5477 http fetch GET 200 https://registry.npmjs.org/@types/hammerjs/-/hammerjs-2.0.46.tgz 5927ms (cache miss)
5478 http fetch GET 200 https://registry.npmjs.org/warn-once/-/warn-once-0.1.1.tgz 5935ms (cache miss)
5479 http fetch GET 200 https://registry.npmjs.org/@types/react-test-renderer/-/react-test-renderer-19.1.0.tgz 5929ms (cache miss)
5480 http fetch GET 200 https://registry.npmjs.org/react-native-is-edge-to-edge/-/react-native-is-edge-to-edge-1.3.1.tgz 5939ms (cache miss)
5481 http fetch GET 200 https://registry.npmjs.org/is-docker/-/is-docker-2.2.1.tgz 5941ms (cache miss)
5482 http fetch GET 200 https://registry.npmjs.org/whatwg-url/-/whatwg-url-5.0.0.tgz 6057ms (cache miss)
5483 http fetch GET 200 https://registry.npmjs.org/lighthouse-logger/-/lighthouse-logger-1.4.2.tgz 5981ms (cache miss)
5484 http fetch GET 200 https://registry.npmjs.org/is-wsl/-/is-wsl-2.2.0.tgz 5981ms (cache miss)
5485 http fetch GET 200 https://registry.npmjs.org/mkdirp/-/mkdirp-1.0.4.tgz 5989ms (cache miss)
5486 http fetch GET 200 https://registry.npmjs.org/@radix-ui/react-dialog/-/react-dialog-1.1.23.tgz 6225ms (cache miss)
5487 http fetch GET 200 https://registry.npmjs.org/@react-native/babel-plugin-codegen/-/babel-plugin-codegen-0.86.2.tgz 6056ms (cache miss)
5488 http fetch GET 200 https://registry.npmjs.org/@babel/plugin-transform-react-jsx-source/-/plugin-transform-react-jsx-source-7.29.7.tgz 6055ms (cache miss)
5489 http fetch GET 200 https://registry.npmjs.org/asap/-/asap-2.0.6.tgz 6102ms (cache miss)
5490 http fetch GET 200 https://registry.npmjs.org/open/-/open-7.4.2.tgz 6066ms (cache miss)
5491 http fetch GET 200 https://registry.npmjs.org/@babel/plugin-transform-react-jsx-self/-/plugin-transform-react-jsx-self-7.29.7.tgz 6083ms (cache miss)
5492 http fetch GET 200 https://registry.npmjs.org/@react-native/babel-preset/-/babel-preset-0.86.2.tgz 6136ms (cache miss)
5493 http fetch GET 200 https://registry.npmjs.org/@react-native/metro-babel-transformer/-/metro-babel-transformer-0.86.2.tgz 6135ms (cache miss)
5494 http fetch GET 200 https://registry.npmjs.org/@isaacs/ttlcache/-/ttlcache-1.4.1.tgz 6122ms (cache miss)
5495 http fetch GET 200 https://registry.npmjs.org/hoist-non-react-statics/-/hoist-non-react-statics-3.3.2.tgz 6199ms (cache miss)
5496 http fetch GET 200 https://registry.npmjs.org/node-fetch/-/node-fetch-2.7.0.tgz 6263ms (cache miss)
5497 http fetch GET 200 https://registry.npmjs.org/serve-static/-/serve-static-1.16.3.tgz 6166ms (cache miss)
5498 http fetch GET 200 https://registry.npmjs.org/regenerator-runtime/-/regenerator-runtime-0.13.11.tgz 6148ms (cache miss)
5499 http fetch GET 200 https://registry.npmjs.org/memoize-one/-/memoize-one-5.2.1.tgz 6235ms (cache miss)
5500 http fetch GET 200 https://registry.npmjs.org/ansi-regex/-/ansi-regex-5.0.1.tgz 6275ms (cache miss)
5501 http fetch GET 200 https://registry.npmjs.org/agent-cli-detector/-/agent-cli-detector-0.1.5.tgz 6672ms (cache miss)
5502 http fetch GET 200 https://registry.npmjs.org/@react-native/js-polyfills/-/js-polyfills-0.86.2.tgz 6363ms (cache miss)
5503 http fetch GET 200 https://registry.npmjs.org/@react-native/assets-registry/-/assets-registry-0.86.2.tgz 6356ms (cache miss)
5504 http fetch GET 200 https://registry.npmjs.org/@react-native/metro-config/-/metro-config-0.86.2.tgz 6361ms (cache miss)
5505 http fetch GET 200 https://registry.npmjs.org/marky/-/marky-1.3.0.tgz 6627ms (cache miss)
5506 http fetch GET 200 https://registry.npmjs.org/scheduler/-/scheduler-0.27.0.tgz 6577ms (cache miss)
5507 http fetch GET 200 https://registry.npmjs.org/bplist-creator/-/bplist-creator-0.1.0.tgz 7145ms (cache miss)
5508 http fetch GET 200 https://registry.npmjs.org/inherits/-/inherits-2.0.4.tgz 7023ms (cache miss)
5509 http fetch GET 200 https://registry.npmjs.org/yargs-parser/-/yargs-parser-21.1.1.tgz 7345ms (cache miss)
5510 http fetch GET 200 https://registry.npmjs.org/filter-obj/-/filter-obj-1.1.0.tgz 7113ms (cache miss)
5511 http fetch GET 200 https://registry.npmjs.org/decode-uri-component/-/decode-uri-component-0.2.2.tgz 7112ms (cache miss)
5512 http fetch GET 200 https://registry.npmjs.org/strict-uri-encode/-/strict-uri-encode-2.0.0.tgz 7120ms (cache miss)
5513 http fetch GET 200 https://registry.npmjs.org/split-on-first/-/split-on-first-1.1.0.tgz 7120ms (cache miss)
5514 http fetch GET 200 https://registry.npmjs.org/to-regex-range/-/to-regex-range-5.0.1.tgz 7137ms (cache miss)
5515 http fetch GET 200 https://registry.npmjs.org/fill-range/-/fill-range-7.1.1.tgz 7137ms (cache miss)
5516 http fetch GET 200 https://registry.npmjs.org/brace-expansion/-/brace-expansion-5.0.9.tgz 7144ms (cache miss)
5517 http fetch GET 200 https://registry.npmjs.org/ee-first/-/ee-first-1.1.1.tgz 7257ms (cache miss)
5518 http fetch GET 200 https://registry.npmjs.org/balanced-match/-/balanced-match-4.0.4.tgz 7244ms (cache miss)
5519 http fetch GET 200 https://registry.npmjs.org/vlq/-/vlq-1.0.1.tgz 7248ms (cache miss)
5520 http fetch GET 200 https://registry.npmjs.org/ob1/-/ob1-0.84.4.tgz 7245ms (cache miss)
5521 http fetch GET 200 https://registry.npmjs.org/cross-fetch/-/cross-fetch-3.2.0.tgz 7556ms (cache miss)
5522 http fetch GET 200 https://registry.npmjs.org/simple-plist/-/simple-plist-1.3.1.tgz 7914ms (cache miss)
5523 http fetch GET 200 https://registry.npmjs.org/walker/-/walker-1.0.8.tgz 7606ms (cache miss)
5524 http fetch GET 200 https://registry.npmjs.org/fb-watchman/-/fb-watchman-2.0.2.tgz 7604ms (cache miss)
5525 http fetch GET 200 https://registry.npmjs.org/node-int64/-/node-int64-0.4.0.tgz 7614ms (cache miss)
5526 http fetch GET 200 https://registry.npmjs.org/leven/-/leven-3.1.0.tgz 7606ms (cache miss)
5527 http fetch GET 200 https://registry.npmjs.org/jest-validate/-/jest-validate-29.7.0.tgz 7600ms (cache miss)
5528 http fetch GET 200 https://registry.npmjs.org/mime-db/-/mime-db-1.52.0.tgz 7730ms (cache miss)
5529 http fetch GET 200 https://registry.npmjs.org/bser/-/bser-2.1.1.tgz 7712ms (cache miss)
5530 http fetch GET 200 https://registry.npmjs.org/camelcase/-/camelcase-6.3.0.tgz 7700ms (cache miss)
5531 http fetch GET 200 https://registry.npmjs.org/jest-get-type/-/jest-get-type-29.6.3.tgz 7704ms (cache miss)
5532 http fetch GET 200 https://registry.npmjs.org/micromatch/-/micromatch-4.0.8.tgz 7712ms (cache miss)
5533 http fetch GET 200 https://registry.npmjs.org/abort-controller/-/abort-controller-3.0.0.tgz 7969ms (cache miss)
5534 http fetch GET 200 https://registry.npmjs.org/@types/yargs-parser/-/yargs-parser-21.0.3.tgz 7897ms (cache miss)
5535 http fetch GET 200 https://registry.npmjs.org/@types/istanbul-lib-report/-/istanbul-lib-report-3.0.3.tgz 7896ms (cache miss)
5536 http fetch GET 200 https://registry.npmjs.org/exponential-backoff/-/exponential-backoff-3.1.3.tgz 7902ms (cache miss)
5537 http fetch GET 200 https://registry.npmjs.org/@types/istanbul-reports/-/istanbul-reports-3.0.4.tgz 7984ms (cache miss)
5538 http fetch GET 200 https://registry.npmjs.org/@jest/types/-/types-29.6.3.tgz 7979ms (cache miss)
5539 http fetch GET 200 https://registry.npmjs.org/@types/istanbul-lib-coverage/-/istanbul-lib-coverage-2.0.6.tgz 7985ms (cache miss)
5540 http fetch GET 200 https://registry.npmjs.org/@jest/schemas/-/schemas-29.6.3.tgz 8083ms (cache miss)
5541 http fetch GET 200 https://registry.npmjs.org/@types/yargs/-/yargs-17.0.35.tgz 8107ms (cache miss)
5542 http fetch GET 200 https://registry.npmjs.org/on-finished/-/on-finished-2.3.0.tgz 8084ms (cache miss)
5543 http fetch GET 200 https://registry.npmjs.org/merge-stream/-/merge-stream-2.0.0.tgz 8097ms (cache miss)
5544 http fetch GET 200 https://registry.npmjs.org/statuses/-/statuses-1.5.0.tgz 8089ms (cache miss)
5545 http fetch GET 200 https://registry.npmjs.org/queue/-/queue-6.0.2.tgz 8094ms (cache miss)
5546 http fetch GET 200 https://registry.npmjs.org/unpipe/-/unpipe-1.0.0.tgz 8093ms (cache miss)
5547 http fetch GET 200 https://registry.npmjs.org/shell-quote/-/shell-quote-1.10.0.tgz 8331ms (cache miss)
5548 http fetch GET 200 https://registry.npmjs.org/braces/-/braces-3.0.3.tgz 8221ms (cache miss)
5549 http fetch GET 200 https://registry.npmjs.org/escape-html/-/escape-html-1.0.3.tgz 8160ms (cache miss)
5550 http fetch GET 200 https://registry.npmjs.org/stackframe/-/stackframe-1.3.4.tgz 8157ms (cache miss)
5551 http fetch GET 200 https://registry.npmjs.org/utils-merge/-/utils-merge-1.0.1.tgz 8156ms (cache miss)
5552 http fetch GET 200 https://registry.npmjs.org/encodeurl/-/encodeurl-1.0.2.tgz 8162ms (cache miss)
5553 http fetch GET 200 https://registry.npmjs.org/parseurl/-/parseurl-1.3.3.tgz 8158ms (cache miss)
5554 http fetch GET 200 https://registry.npmjs.org/jest-util/-/jest-util-29.7.0.tgz 8277ms (cache miss)
5555 http fetch GET 200 https://registry.npmjs.org/finalhandler/-/finalhandler-1.1.2.tgz 8255ms (cache miss)
5556 http fetch GET 200 https://registry.npmjs.org/throat/-/throat-5.0.0.tgz 8251ms (cache miss)
5557 http fetch GET 200 https://registry.npmjs.org/negotiator/-/negotiator-1.0.0.tgz 8354ms (cache miss)
5558 http fetch GET 200 https://registry.npmjs.org/lodash.throttle/-/lodash.throttle-4.1.1.tgz 8345ms (cache miss)
5559 http fetch GET 200 https://registry.npmjs.org/graceful-fs/-/graceful-fs-4.2.11.tgz 8342ms (cache miss)
5560 http fetch GET 200 https://registry.npmjs.org/error-stack-parser/-/error-stack-parser-2.1.4.tgz 8339ms (cache miss)
5561 http fetch GET 200 https://registry.npmjs.org/serialize-error/-/serialize-error-2.1.0.tgz 8472ms (cache miss)
5562 http fetch GET 200 https://registry.npmjs.org/flow-enums-runtime/-/flow-enums-runtime-0.0.6.tgz 8569ms (cache miss)
5563 http fetch GET 200 https://registry.npmjs.org/connect/-/connect-3.7.0.tgz 8570ms (cache miss)
5564 http fetch GET 200 https://registry.npmjs.org/ci-info/-/ci-info-2.0.0.tgz 8808ms (cache miss)
5565 http fetch GET 200 https://registry.npmjs.org/math-intrinsics/-/math-intrinsics-1.1.0.tgz 8786ms (cache miss)
5566 http fetch GET 200 https://registry.npmjs.org/yallist/-/yallist-3.1.1.tgz 8808ms (cache miss)
5567 http fetch GET 200 https://registry.npmjs.org/detect-libc/-/detect-libc-2.1.2.tgz 8806ms (cache miss)
5568 http fetch GET 200 https://registry.npmjs.org/accepts/-/accepts-2.0.0.tgz 8813ms (cache miss)
5569 http fetch GET 200 https://registry.npmjs.org/dunder-proto/-/dunder-proto-1.0.1.tgz 8800ms (cache miss)
5570 http fetch GET 200 https://registry.npmjs.org/loose-envify/-/loose-envify-1.4.0.tgz 8816ms (cache miss)
5571 http fetch GET 200 https://registry.npmjs.org/has-symbols/-/has-symbols-1.1.0.tgz 8869ms (cache miss)
5572 http fetch GET 200 https://registry.npmjs.org/get-proto/-/get-proto-1.0.1.tgz 8867ms (cache miss)
5573 http fetch GET 200 https://registry.npmjs.org/function-bind/-/function-bind-1.1.2.tgz 8982ms (cache miss)
5574 http fetch GET 200 https://registry.npmjs.org/es-object-atoms/-/es-object-atoms-1.1.2.tgz 8981ms (cache miss)
5575 http fetch GET 200 https://registry.npmjs.org/es-define-property/-/es-define-property-1.0.1.tgz 8980ms (cache miss)
5576 http fetch GET 200 https://registry.npmjs.org/delayed-stream/-/delayed-stream-1.0.0.tgz 8971ms (cache miss)
5577 http fetch GET 200 https://registry.npmjs.org/mime-types/-/mime-types-2.1.35.tgz 8971ms (cache miss)
5578 http fetch GET 200 https://registry.npmjs.org/es-errors/-/es-errors-1.3.0.tgz 8976ms (cache miss)
5579 http fetch GET 200 https://registry.npmjs.org/has-tostringtag/-/has-tostringtag-1.0.2.tgz 8983ms (cache miss)
5580 http fetch GET 200 https://registry.npmjs.org/structured-headers/-/structured-headers-0.4.1.tgz 9588ms (cache miss)
5581 http fetch GET 200 https://registry.npmjs.org/gopd/-/gopd-1.2.0.tgz 9076ms (cache miss)
5582 http fetch GET 200 https://registry.npmjs.org/hasown/-/hasown-2.0.4.tgz 9055ms (cache miss)
5583 http fetch GET 200 https://registry.npmjs.org/combined-stream/-/combined-stream-1.0.8.tgz 9053ms (cache miss)
5584 http fetch GET 200 https://registry.npmjs.org/es-set-tostringtag/-/es-set-tostringtag-2.1.0.tgz 9056ms (cache miss)
5585 http fetch GET 200 https://registry.npmjs.org/get-intrinsic/-/get-intrinsic-1.3.0.tgz 9070ms (cache miss)
5586 http fetch GET 200 https://registry.npmjs.org/event-target-shim/-/event-target-shim-5.0.1.tgz 9446ms (cache miss)
5587 http fetch GET 200 https://registry.npmjs.org/call-bind-apply-helpers/-/call-bind-apply-helpers-1.0.2.tgz 9224ms (cache miss)
5588 http fetch GET 200 https://registry.npmjs.org/simple-swizzle/-/simple-swizzle-0.2.4.tgz 9202ms (cache miss)
5589 http fetch GET 200 https://registry.npmjs.org/@react-native/normalize-colors/-/normalize-colors-0.86.2.tgz 9223ms (cache miss)
5590 http fetch GET 200 https://registry.npmjs.org/dequal/-/dequal-2.0.3.tgz 9365ms (cache miss)
5591 http fetch GET 200 https://registry.npmjs.org/color-string/-/color-string-1.9.1.tgz 9488ms (cache miss)
5592 http fetch GET 200 https://registry.npmjs.org/asynckit/-/asynckit-0.4.0.tgz 9502ms (cache miss)
5593 http fetch GET 200 https://registry.npmjs.org/redent/-/redent-3.0.0.tgz 9490ms (cache miss)
5594 http fetch GET 200 https://registry.npmjs.org/css.escape/-/css.escape-1.5.1.tgz 9488ms (cache miss)
5595 http fetch GET 200 https://registry.npmjs.org/@radix-ui/react-use-effect-event/-/react-use-effect-event-0.0.5.tgz 9675ms (cache miss)
5596 http fetch GET 200 https://registry.npmjs.org/@radix-ui/react-use-is-hydrated/-/react-use-is-hydrated-0.1.3.tgz 9677ms (cache miss)
5597 http fetch GET 200 https://registry.npmjs.org/@radix-ui/react-use-callback-ref/-/react-use-callback-ref-1.1.4.tgz 9677ms (cache miss)
5598 http fetch GET 200 https://registry.npmjs.org/@types/aria-query/-/aria-query-5.0.4.tgz 9815ms (cache miss)
5599 http fetch GET 200 https://registry.npmjs.org/@radix-ui/react-presence/-/react-presence-1.1.10.tgz 9798ms (cache miss)
5600 http fetch GET 200 https://registry.npmjs.org/@radix-ui/react-direction/-/react-direction-1.1.4.tgz 9797ms (cache miss)
5601 http fetch GET 200 https://registry.npmjs.org/@radix-ui/react-context/-/react-context-1.2.2.tgz 9796ms (cache miss)
5602 http fetch GET 200 https://registry.npmjs.org/@radix-ui/react-use-controllable-state/-/react-use-controllable-state-1.2.6.tgz 9813ms (cache miss)
5603 http fetch GET 200 https://registry.npmjs.org/@radix-ui/react-use-layout-effect/-/react-use-layout-effect-1.1.4.tgz 9883ms (cache miss)
5604 http fetch GET 200 https://registry.npmjs.org/@radix-ui/primitive/-/primitive-1.1.7.tgz 9871ms (cache miss)
5605 http fetch GET 200 https://registry.npmjs.org/@radix-ui/react-id/-/react-id-1.1.4.tgz 9879ms (cache miss)
5606 http fetch GET 200 https://registry.npmjs.org/standard-navigation/-/standard-navigation-0.0.5.tgz 9866ms (cache miss)
5607 http fetch GET 200 https://registry.npmjs.org/@radix-ui/react-compose-refs/-/react-compose-refs-1.1.5.tgz 9871ms (cache miss)
5608 http fetch GET 200 https://registry.npmjs.org/shallowequal/-/shallowequal-1.1.0.tgz 9868ms (cache miss)
5609 http fetch GET 200 https://registry.npmjs.org/@radix-ui/react-roving-focus/-/react-roving-focus-1.1.19.tgz 9959ms (cache miss)
5610 http fetch GET 200 https://registry.npmjs.org/whatwg-fetch/-/whatwg-fetch-3.6.20.tgz 9947ms (cache miss)
5611 http fetch GET 200 https://registry.npmjs.org/server-only/-/server-only-0.0.1.tgz 9939ms (cache miss)
5612 http fetch GET 200 https://registry.npmjs.org/react-is/-/react-is-19.2.8.tgz 9937ms (cache miss)
5613 http fetch GET 200 https://registry.npmjs.org/react-fast-compare/-/react-fast-compare-3.2.2.tgz 9938ms (cache miss)
5614 http fetch GET 200 https://registry.npmjs.org/nanoid/-/nanoid-3.3.18.tgz 9942ms (cache miss)
5615 http fetch GET 200 https://registry.npmjs.org/color/-/color-4.2.3.tgz 9972ms (cache miss)
5616 http fetch GET 200 https://registry.npmjs.org/escape-string-regexp/-/escape-string-regexp-4.0.0.tgz 9976ms (cache miss)
5617 http fetch GET 200 https://registry.npmjs.org/query-string/-/query-string-7.1.3.tgz 9987ms (cache miss)
5618 http fetch GET 200 https://registry.npmjs.org/@radix-ui/react-slot/-/react-slot-1.3.3.tgz 10076ms (cache miss)
5619 http fetch GET 200 https://registry.npmjs.org/@radix-ui/react-tabs/-/react-tabs-1.1.21.tgz 10088ms (cache miss)
5620 http fetch GET 200 https://registry.npmjs.org/acorn/-/acorn-8.18.0.tgz 10663ms (cache miss)
5621 http fetch GET 200 https://registry.npmjs.org/client-only/-/client-only-0.0.1.tgz 10180ms (cache miss)
5622 http fetch GET 200 https://registry.npmjs.org/parse-png/-/parse-png-2.1.0.tgz 10155ms (cache miss)
5623 http fetch GET 200 https://registry.npmjs.org/domhandler/-/domhandler-5.0.3.tgz 10701ms (cache miss)
5624 http fetch GET 200 https://registry.npmjs.org/which/-/which-2.0.2.tgz 10315ms (cache miss)
5625 http fetch GET 200 https://registry.npmjs.org/shebang-command/-/shebang-command-2.0.0.tgz 10314ms (cache miss)
5626 http fetch GET 200 https://registry.npmjs.org/color-name/-/color-name-1.1.4.tgz 10312ms (cache miss)
5627 http fetch GET 200 https://registry.npmjs.org/supports-color/-/supports-color-7.2.0.tgz 10309ms (cache miss)
5628 http fetch GET 200 https://registry.npmjs.org/ansi-styles/-/ansi-styles-4.3.0.tgz 10307ms (cache miss)
5629 http fetch GET 200 https://registry.npmjs.org/@callstack/react-theme-provider/-/react-theme-provider-3.0.9.tgz 10837ms (cache miss)
5630 http fetch GET 200 https://registry.npmjs.org/color-convert/-/color-convert-2.0.1.tgz 10428ms (cache miss)
5631 http fetch GET 200 https://registry.npmjs.org/path-key/-/path-key-3.1.1.tgz 10434ms (cache miss)
5632 http fetch GET 200 https://registry.npmjs.org/@babel/plugin-transform-react-jsx-development/-/plugin-transform-react-jsx-development-7.29.7.tgz 10413ms (cache miss)
5633 http fetch GET 200 https://registry.npmjs.org/@babel/plugin-syntax-decorators/-/plugin-syntax-decorators-7.29.7.tgz 10426ms (cache miss)
5634 http fetch GET 200 https://registry.npmjs.org/babel-plugin-react-native-web/-/babel-plugin-react-native-web-0.21.2.tgz 10425ms (cache miss)
5635 http fetch GET 200 https://registry.npmjs.org/@babel/preset-typescript/-/preset-typescript-7.29.7.tgz 10422ms (cache miss)
5636 http fetch GET 200 https://registry.npmjs.org/stream-buffers/-/stream-buffers-2.2.0.tgz 11101ms (cache miss)
5637 http fetch GET 200 https://registry.npmjs.org/fast-deep-equal/-/fast-deep-equal-3.1.3.tgz 10559ms (cache miss)
5638 http fetch GET 200 https://registry.npmjs.org/@babel/plugin-transform-object-rest-spread/-/plugin-transform-object-rest-spread-7.29.7.tgz 10487ms (cache miss)
5639 http fetch GET 200 https://registry.npmjs.org/@babel/plugin-transform-react-pure-annotations/-/plugin-transform-react-pure-annotations-7.29.7.tgz 10495ms (cache miss)
5640 http fetch GET 200 https://registry.npmjs.org/@babel/plugin-transform-logical-assignment-operators/-/plugin-transform-logical-assignment-operators-7.29.7.tgz 10487ms (cache miss)
5641 http fetch GET 200 https://registry.npmjs.org/@babel/plugin-transform-export-namespace-from/-/plugin-transform-export-namespace-from-7.29.7.tgz 10487ms (cache miss)
5642 http fetch GET 200 https://registry.npmjs.org/cross-spawn/-/cross-spawn-7.0.6.tgz 10483ms (cache miss)
5643 http fetch GET 200 https://registry.npmjs.org/fontfaceobserver/-/fontfaceobserver-2.3.0.tgz 10573ms (cache miss)
5644 http fetch GET 200 https://registry.npmjs.org/@babel/plugin-transform-class-static-block/-/plugin-transform-class-static-block-7.29.7.tgz 10523ms (cache miss)
5645 http fetch GET 200 https://registry.npmjs.org/base64-js/-/base64-js-1.5.1.tgz 10516ms (cache miss)
5646 http fetch GET 200 https://registry.npmjs.org/jsc-safe-url/-/jsc-safe-url-0.2.4.tgz 10507ms (cache miss)
5647 http fetch GET 200 https://registry.npmjs.org/metro-transform-worker/-/metro-transform-worker-0.84.4.tgz 10507ms (cache miss)
5648 http fetch GET 200 https://registry.npmjs.org/@radix-ui/react-primitive/-/react-primitive-2.1.10.tgz 10762ms (cache miss)
5649 http fetch GET 200 https://registry.npmjs.org/metro-minify-terser/-/metro-minify-terser-0.84.4.tgz 10619ms (cache miss)
5650 http fetch GET 200 https://registry.npmjs.org/commander/-/commander-7.2.0.tgz 10812ms (cache miss)
5651 http fetch GET 200 https://registry.npmjs.org/metro-cache/-/metro-cache-0.84.4.tgz 10742ms (cache miss)
5652 http fetch GET 200 https://registry.npmjs.org/metro-babel-transformer/-/metro-babel-transformer-0.84.4.tgz 10741ms (cache miss)
5653 http fetch GET 200 https://registry.npmjs.org/resolve-from/-/resolve-from-5.0.0.tgz 10737ms (cache miss)
5654 http fetch GET 200 https://registry.npmjs.org/@babel/plugin-proposal-decorators/-/plugin-proposal-decorators-7.29.7.tgz 10971ms (cache miss)
5655 http fetch GET 200 https://registry.npmjs.org/stacktrace-parser/-/stacktrace-parser-0.1.11.tgz 10935ms (cache miss)
5656 http fetch GET 200 https://registry.npmjs.org/anser/-/anser-1.4.10.tgz 10934ms (cache miss)
5657 http fetch GET 200 https://registry.npmjs.org/arg/-/arg-5.0.2.tgz 10935ms (cache miss)
5658 http fetch GET 200 https://registry.npmjs.org/@expo/spawn-async/-/spawn-async-1.8.0.tgz 10941ms (cache miss)
5659 http fetch GET 200 https://registry.npmjs.org/metro-cache-key/-/metro-cache-key-0.84.4.tgz 11285ms (cache miss)
5660 http fetch GET 200 https://registry.npmjs.org/ignore/-/ignore-5.3.2.tgz 11271ms (cache miss)
5661 http fetch GET 200 https://registry.npmjs.org/slugify/-/slugify-1.6.9.tgz 11325ms (cache miss)
5662 http fetch GET 200 https://registry.npmjs.org/@expo/plist/-/plist-0.8.1.tgz 11329ms (cache miss)
5663 http fetch GET 200 https://registry.npmjs.org/@expo/sdk-runtime-versions/-/sdk-runtime-versions-1.0.0.tgz 11332ms (cache miss)
5664 http fetch GET 200 https://registry.npmjs.org/getenv/-/getenv-2.0.0.tgz 11322ms (cache miss)
5665 http fetch GET 200 https://registry.npmjs.org/deepmerge/-/deepmerge-4.3.1.tgz 11322ms (cache miss)
5666 http fetch GET 200 https://registry.npmjs.org/pretty-format/-/pretty-format-29.7.0.tgz 11353ms (cache miss)
5667 http fetch GET 200 https://registry.npmjs.org/@expo/config-types/-/config-types-57.0.2.tgz 11360ms (cache miss)
5668 http fetch GET 200 https://registry.npmjs.org/chalk/-/chalk-4.1.2.tgz 11483ms (cache miss)
5669 http fetch GET 200 https://registry.npmjs.org/agent-base/-/agent-base-6.0.2.tgz 11793ms (cache miss)
5670 http fetch GET 200 https://registry.npmjs.org/@radix-ui/react-collection/-/react-collection-1.1.15.tgz 11717ms (cache miss)
5671 http fetch GET 200 https://registry.npmjs.org/ua-parser-js/-/ua-parser-js-0.7.41.tgz 11639ms (cache miss)
5672 http fetch GET 200 https://registry.npmjs.org/resolve-workspace-root/-/resolve-workspace-root-2.0.1.tgz 11576ms (cache miss)
5673 http fetch GET 200 https://registry.npmjs.org/source-map-js/-/source-map-js-1.2.1.tgz 12017ms (cache miss)
5674 http fetch GET 200 https://registry.npmjs.org/@ungap/structured-clone/-/structured-clone-1.3.3.tgz 11617ms (cache miss)
5675 http fetch GET 200 https://registry.npmjs.org/picomatch/-/picomatch-4.0.5.tgz 11854ms (cache miss)
5676 http fetch GET 200 https://registry.npmjs.org/update-browserslist-db/-/update-browserslist-db-1.3.1.tgz 11940ms (cache miss)
5677 http fetch GET 200 https://registry.npmjs.org/node-releases/-/node-releases-2.0.53.tgz 11943ms (cache miss)
5678 http fetch GET 200 https://registry.npmjs.org/ms/-/ms-2.1.3.tgz 11960ms (cache miss)
5679 http fetch GET 200 https://registry.npmjs.org/xml2js/-/xml2js-0.6.0.tgz 12090ms (cache miss)
5680 http fetch GET 200 https://registry.npmjs.org/@babel/plugin-transform-parameters/-/plugin-transform-parameters-7.29.7.tgz 12197ms (cache miss)
5681 http fetch GET 200 https://registry.npmjs.org/@expo/local-build-cache-provider/-/local-build-cache-provider-57.0.6.tgz 12069ms (cache miss)
5682 http fetch GET 200 https://registry.npmjs.org/ws/-/ws-7.5.13.tgz 12591ms (cache miss)
5683 http fetch GET 200 https://registry.npmjs.org/lodash.debounce/-/lodash.debounce-4.0.8.tgz 12247ms (cache miss)
5684 http fetch GET 200 https://registry.npmjs.org/https-proxy-agent/-/https-proxy-agent-5.0.1.tgz 12246ms (cache miss)
5685 http fetch GET 200 https://registry.npmjs.org/proxy-from-env/-/proxy-from-env-2.1.0.tgz 12268ms (cache miss)
5686 http fetch GET 200 https://registry.npmjs.org/follow-redirects/-/follow-redirects-1.16.0.tgz 12395ms (cache miss)
5687 http fetch GET 200 https://registry.npmjs.org/invariant/-/invariant-2.2.4.tgz 12387ms (cache miss)
5688 http fetch GET 200 https://registry.npmjs.org/babel-plugin-polyfill-regenerator/-/babel-plugin-polyfill-regenerator-0.6.8.tgz 12378ms (cache miss)
5689 http fetch GET 200 https://registry.npmjs.org/tinyglobby/-/tinyglobby-0.2.17.tgz 12393ms (cache miss)
5690 http fetch GET 200 https://registry.npmjs.org/@babel/plugin-syntax-typescript/-/plugin-syntax-typescript-7.29.7.tgz 12385ms (cache miss)
5691 http fetch GET 200 https://registry.npmjs.org/@babel/helper-string-parser/-/helper-string-parser-7.29.7.tgz 12389ms (cache miss)
5692 http fetch GET 200 https://registry.npmjs.org/chrome-launcher/-/chrome-launcher-0.15.2.tgz 12984ms (cache miss)
5693 http fetch GET 200 https://registry.npmjs.org/undici-types/-/undici-types-8.3.0.tgz 12869ms (cache miss)
5694 http fetch GET 200 https://registry.npmjs.org/@jridgewell/resolve-uri/-/resolve-uri-3.1.2.tgz 12592ms (cache miss)
5695 http fetch GET 200 https://registry.npmjs.org/whatwg-url-minimum/-/whatwg-url-minimum-0.1.2.tgz 12674ms (cache miss)
5696 http fetch GET 200 https://registry.npmjs.org/form-data/-/form-data-4.0.6.tgz 12651ms (cache miss)
5697 http fetch GET 200 https://registry.npmjs.org/@expo/env/-/env-2.4.2.tgz 12837ms (cache miss)
5698 http fetch GET 200 https://registry.npmjs.org/@babel/helper-globals/-/helper-globals-7.29.7.tgz 12712ms (cache miss)
5699 http fetch GET 200 https://registry.npmjs.org/@babel/helper-skip-transparent-expression-wrappers/-/helper-skip-transparent-expression-wrappers-7.29.7.tgz 12712ms (cache miss)
5700 http fetch GET 200 https://registry.npmjs.org/@babel/plugin-syntax-flow/-/plugin-syntax-flow-7.29.7.tgz 12720ms (cache miss)
5701 http fetch GET 200 https://registry.npmjs.org/@babel/helper-optimise-call-expression/-/helper-optimise-call-expression-7.29.7.tgz 12713ms (cache miss)
5702 http fetch GET 200 https://registry.npmjs.org/@babel/helper-wrap-function/-/helper-wrap-function-7.29.7.tgz 12708ms (cache miss)
5703 http fetch GET 200 https://registry.npmjs.org/@babel/helper-annotate-as-pure/-/helper-annotate-as-pure-7.29.7.tgz 12708ms (cache miss)
5704 http fetch GET 200 https://registry.npmjs.org/chromium-edge-launcher/-/chromium-edge-launcher-0.3.0.tgz 13389ms (cache miss)
5705 http fetch GET 200 https://registry.npmjs.org/@babel/helper-replace-supers/-/helper-replace-supers-7.29.7.tgz 12808ms (cache miss)
5706 http fetch GET 200 https://registry.npmjs.org/@babel/helper-member-expression-to-functions/-/helper-member-expression-to-functions-7.29.7.tgz 12806ms (cache miss)
5707 http fetch GET 200 https://registry.npmjs.org/jimp-compact/-/jimp-compact-0.16.1.tgz 13203ms (cache miss)
5708 http fetch GET 200 https://registry.npmjs.org/jsesc/-/jsesc-3.1.0.tgz 12934ms (cache miss)
5709 http fetch GET 200 https://registry.npmjs.org/@babel/helper-remap-async-to-generator/-/helper-remap-async-to-generator-7.29.7.tgz 12952ms (cache miss)
5710 http fetch GET 200 https://registry.npmjs.org/@babel/helper-plugin-utils/-/helper-plugin-utils-7.29.7.tgz 12951ms (cache miss)
5711 http fetch GET 200 https://registry.npmjs.org/lru-cache/-/lru-cache-5.1.1.tgz 12951ms (cache miss)
5712 http fetch GET 200 https://registry.npmjs.org/@babel/helper-validator-option/-/helper-validator-option-7.29.7.tgz 13046ms (cache miss)
5713 http fetch GET 200 https://registry.npmjs.org/@babel/helper-module-imports/-/helper-module-imports-7.29.7.tgz 13054ms (cache miss)
5714 http fetch GET 200 https://registry.npmjs.org/@expo/json-file/-/json-file-11.0.1.tgz 13190ms (cache miss)
5715 http fetch GET 200 https://registry.npmjs.org/@babel/compat-data/-/compat-data-7.29.7.tgz 13052ms (cache miss)
5716 http fetch GET 200 https://registry.npmjs.org/@babel/plugin-syntax-jsx/-/plugin-syntax-jsx-7.29.7.tgz 13237ms (cache miss)
5717 http fetch GET 200 https://registry.npmjs.org/metro-runtime/-/metro-runtime-0.84.4.tgz 13822ms (cache miss)
5718 http fetch GET 200 https://registry.npmjs.org/@babel/helper-create-regexp-features-plugin/-/helper-create-regexp-features-plugin-7.29.7.tgz 13288ms (cache miss)
5719 http fetch GET 200 https://registry.npmjs.org/electron-to-chromium/-/electron-to-chromium-1.5.405.tgz 13390ms (cache miss)
5720 http fetch GET 200 https://registry.npmjs.org/browserslist/-/browserslist-4.28.8.tgz 13309ms (cache miss)
5721 http fetch GET 200 https://registry.npmjs.org/js-tokens/-/js-tokens-4.0.0.tgz 13296ms (cache miss)
5722 http fetch GET 200 https://registry.npmjs.org/picocolors/-/picocolors-1.1.1.tgz 13302ms (cache miss)
5723 http fetch GET 200 https://registry.npmjs.org/@babel/helper-validator-identifier/-/helper-validator-identifier-7.29.7.tgz 13299ms (cache miss)
5724 http fetch GET 200 https://registry.npmjs.org/plist/-/plist-3.1.1.tgz 14376ms (cache miss)
5725 http fetch GET 200 https://registry.npmjs.org/@expo/schema-utils/-/schema-utils-57.0.2.tgz 13812ms (cache miss)
5726 http fetch GET 200 https://registry.npmjs.org/react-refresh/-/react-refresh-0.14.2.tgz 13488ms (cache miss)
5727 http fetch GET 200 https://registry.npmjs.org/babel-plugin-syntax-hermes-parser/-/babel-plugin-syntax-hermes-parser-0.36.1.tgz 13484ms (cache miss)
5728 http fetch GET 200 https://registry.npmjs.org/@babel/code-frame/-/code-frame-7.29.7.tgz 13494ms (cache miss)
5729 http fetch GET 200 https://registry.npmjs.org/babel-plugin-transform-flow-enums/-/babel-plugin-transform-flow-enums-0.0.2.tgz 13489ms (cache miss)
5730 http fetch GET 200 https://registry.npmjs.org/@babel/plugin-transform-unicode-regex/-/plugin-transform-unicode-regex-7.29.7.tgz 13486ms (cache miss)
5731 http fetch GET 200 https://registry.npmjs.org/react-style-singleton/-/react-style-singleton-2.2.3.tgz 14417ms (cache miss)
5732 http fetch GET 200 https://registry.npmjs.org/mdn-data/-/mdn-data-2.0.14.tgz 14279ms (cache miss)
5733 http fetch GET 200 https://registry.npmjs.org/jest-worker/-/jest-worker-29.7.0.tgz 14039ms (cache miss)
5734 http fetch GET 200 https://registry.npmjs.org/@xmldom/xmldom/-/xmldom-0.8.14.tgz 13805ms (cache miss)
5735 http fetch GET 200 https://registry.npmjs.org/@babel/plugin-transform-private-methods/-/plugin-transform-private-methods-7.29.7.tgz 13528ms (cache miss)
5736 http fetch GET 200 https://registry.npmjs.org/@babel/plugin-transform-private-property-in-object/-/plugin-transform-private-property-in-object-7.29.7.tgz 13532ms (cache miss)
5737 http fetch GET 200 https://registry.npmjs.org/@babel/plugin-transform-optional-catch-binding/-/plugin-transform-optional-catch-binding-7.29.7.tgz 13524ms (cache miss)
5738 http fetch GET 200 https://registry.npmjs.org/@babel/plugin-transform-optional-chaining/-/plugin-transform-optional-chaining-7.29.7.tgz 13529ms (cache miss)
5739 http fetch GET 200 https://registry.npmjs.org/xcode/-/xcode-3.0.1.tgz 13857ms (cache miss)
5740 http fetch GET 200 https://registry.npmjs.org/debug/-/debug-4.4.3.tgz 13702ms (cache miss)
5741 http fetch GET 200 https://registry.npmjs.org/@babel/plugin-transform-react-display-name/-/plugin-transform-react-display-name-7.29.7.tgz 13668ms (cache miss)
5742 http fetch GET 200 https://registry.npmjs.org/@babel/plugin-transform-flow-strip-types/-/plugin-transform-flow-strip-types-7.29.7.tgz 13646ms (cache miss)
5743 http fetch GET 200 https://registry.npmjs.org/@babel/plugin-transform-class-properties/-/plugin-transform-class-properties-7.29.7.tgz 13642ms (cache miss)
5744 http fetch GET 200 https://registry.npmjs.org/babel-plugin-polyfill-corejs2/-/babel-plugin-polyfill-corejs2-0.4.17.tgz 14017ms (cache miss)
5745 http fetch GET 200 https://registry.npmjs.org/@babel/plugin-transform-destructuring/-/plugin-transform-destructuring-7.29.7.tgz 13966ms (cache miss)
5746 http fetch GET 200 https://registry.npmjs.org/@babel/plugin-transform-named-capturing-groups-regex/-/plugin-transform-named-capturing-groups-regex-7.29.7.tgz 14563ms (cache miss)
5747 http fetch GET 200 https://registry.npmjs.org/nullthrows/-/nullthrows-1.1.1.tgz 14541ms (cache miss)
5748 http fetch GET 200 https://registry.npmjs.org/@babel/plugin-syntax-optional-chaining/-/plugin-syntax-optional-chaining-7.8.3.tgz 14567ms (cache miss)
5749 http fetch GET 200 https://registry.npmjs.org/@babel/plugin-transform-async-to-generator/-/plugin-transform-async-to-generator-7.29.7.tgz 14580ms (cache miss)
5750 http fetch GET 200 https://registry.npmjs.org/@babel/plugin-proposal-export-default-from/-/plugin-proposal-export-default-from-7.29.7.tgz 14566ms (cache miss)
5751 http fetch GET 200 https://registry.npmjs.org/@babel/plugin-syntax-dynamic-import/-/plugin-syntax-dynamic-import-7.8.3.tgz 14580ms (cache miss)
5752 http fetch GET 200 https://registry.npmjs.org/@babel/plugin-syntax-nullish-coalescing-operator/-/plugin-syntax-nullish-coalescing-operator-7.8.3.tgz 14718ms (cache miss)
5753 http fetch GET 200 https://registry.npmjs.org/baseline-browser-mapping/-/baseline-browser-mapping-2.11.13.tgz 14948ms (cache miss)
5754 http fetch GET 200 https://registry.npmjs.org/@babel/plugin-transform-for-of/-/plugin-transform-for-of-7.29.7.tgz 14799ms (cache miss)
5755 http fetch GET 200 https://registry.npmjs.org/@babel/plugin-transform-async-generator-functions/-/plugin-transform-async-generator-functions-7.29.7.tgz 14784ms (cache miss)
5756 http fetch GET 200 https://registry.npmjs.org/@babel/plugin-syntax-export-default-from/-/plugin-syntax-export-default-from-7.29.7.tgz 15012ms (cache miss)
5757 http fetch GET 200 https://registry.npmjs.org/gensync/-/gensync-1.0.0-beta.2.tgz 15337ms (cache miss)
5758 http fetch GET 200 https://registry.npmjs.org/@babel/plugin-transform-nullish-coalescing-operator/-/plugin-transform-nullish-coalescing-operator-7.29.7.tgz 15426ms (cache miss)
5759 http fetch GET 200 https://registry.npmjs.org/@standard-schema/utils/-/utils-0.3.0.tgz 15354ms (cache miss)
5760 http fetch GET 200 https://registry.npmjs.org/lz-string/-/lz-string-1.5.0.tgz 16034ms (cache miss)
5761 http fetch GET 200 https://registry.npmjs.org/convert-source-map/-/convert-source-map-2.0.0.tgz 15518ms (cache miss)
5762 http fetch GET 200 https://registry.npmjs.org/@babel/plugin-transform-react-jsx/-/plugin-transform-react-jsx-7.29.7.tgz 15740ms (cache miss)
5763 http fetch GET 200 https://registry.npmjs.org/@babel/plugin-transform-classes/-/plugin-transform-classes-7.29.7.tgz 16009ms (cache miss)
5764 http fetch GET 200 https://registry.npmjs.org/regexpu-core/-/regexpu-core-6.4.0.tgz 16241ms (cache miss)
5765 http fetch GET 200 https://registry.npmjs.org/@babel/plugin-transform-regenerator/-/plugin-transform-regenerator-7.29.8.tgz 17282ms (cache miss)
5766 http fetch GET 200 https://registry.npmjs.org/@babel/plugin-transform-modules-commonjs/-/plugin-transform-modules-commonjs-7.29.7.tgz 16620ms (cache miss)
5767 http fetch GET 200 https://registry.npmjs.org/expo-glass-effect/-/expo-glass-effect-57.0.1.tgz 16509ms (cache miss)
5768 http fetch GET 200 https://registry.npmjs.org/minipass/-/minipass-7.1.3.tgz 17330ms (cache miss)
5769 http fetch GET 200 https://registry.npmjs.org/escape-string-regexp/-/escape-string-regexp-1.0.5.tgz 16843ms (cache miss)
5770 http fetch GET 200 https://registry.npmjs.org/color-name/-/color-name-1.1.3.tgz 16854ms (cache miss)
5771 http fetch GET 200 https://registry.npmjs.org/supports-color/-/supports-color-5.5.0.tgz 16861ms (cache miss)
5772 http fetch GET 200 https://registry.npmjs.org/has-flag/-/has-flag-3.0.0.tgz 16872ms (cache miss)
5773 http fetch GET 200 https://registry.npmjs.org/color-convert/-/color-convert-1.9.3.tgz 17010ms (cache miss)
5774 http fetch GET 200 https://registry.npmjs.org/promise/-/promise-8.3.0.tgz 17954ms (cache miss)
5775 http fetch GET 200 https://registry.npmjs.org/sf-symbols-typescript/-/sf-symbols-typescript-2.2.0.tgz 17203ms (cache miss)
5776 http fetch GET 200 https://registry.npmjs.org/ansi-styles/-/ansi-styles-3.2.1.tgz 17112ms (cache miss)
5777 http fetch GET 200 https://registry.npmjs.org/chalk/-/chalk-2.4.2.tgz 17111ms (cache miss)
5778 http fetch GET 200 https://registry.npmjs.org/ansi-regex/-/ansi-regex-4.1.1.tgz 17109ms (cache miss)
5779 http fetch GET 200 https://registry.npmjs.org/strip-ansi/-/strip-ansi-5.2.0.tgz 17224ms (cache miss)
5780 http fetch GET 200 https://registry.npmjs.org/ms/-/ms-2.0.0.tgz 17222ms (cache miss)
5781 http fetch GET 200 https://registry.npmjs.org/escape-string-regexp/-/escape-string-regexp-1.0.5.tgz 17311ms (cache miss)
5782 http fetch GET 200 https://registry.npmjs.org/color-name/-/color-name-1.1.3.tgz 17321ms (cache miss)
5783 http fetch GET 200 https://registry.npmjs.org/supports-color/-/supports-color-5.5.0.tgz 17320ms (cache miss)
5784 http fetch GET 200 https://registry.npmjs.org/has-flag/-/has-flag-3.0.0.tgz 17336ms (cache miss)
5785 http fetch GET 200 https://registry.npmjs.org/statuses/-/statuses-2.0.2.tgz 17303ms (cache miss)
5786 http fetch GET 200 https://registry.npmjs.org/encodeurl/-/encodeurl-2.0.0.tgz 17315ms (cache miss)
5787 http fetch GET 200 https://registry.npmjs.org/metro-symbolicate/-/metro-symbolicate-0.84.4.tgz 17861ms (cache miss)
5788 http fetch GET 200 https://registry.npmjs.org/vaul/-/vaul-1.1.2.tgz 17520ms (cache miss)
5789 http fetch GET 200 https://registry.npmjs.org/color-convert/-/color-convert-1.9.3.tgz 17415ms (cache miss)
5790 http fetch GET 200 https://registry.npmjs.org/negotiator/-/negotiator-0.6.4.tgz 17407ms (cache miss)
5791 http fetch GET 200 https://registry.npmjs.org/on-finished/-/on-finished-2.4.1.tgz 17394ms (cache miss)
5792 http fetch GET 200 https://registry.npmjs.org/@babel/plugin-transform-block-scoping/-/plugin-transform-block-scoping-7.29.7.tgz 17664ms (cache miss)
5793 http fetch GET 200 https://registry.npmjs.org/ansi-styles/-/ansi-styles-3.2.1.tgz 17483ms (cache miss)
5794 http fetch GET 200 https://registry.npmjs.org/chalk/-/chalk-2.4.2.tgz 17482ms (cache miss)
5795 http fetch GET 200 https://registry.npmjs.org/deepmerge/-/deepmerge-3.3.0.tgz 17456ms (cache miss)
5796 http fetch GET 200 https://registry.npmjs.org/lightningcss/-/lightningcss-1.33.0.tgz 18133ms (cache miss)
5797 http fetch GET 200 https://registry.npmjs.org/ms/-/ms-2.0.0.tgz 17672ms (cache miss)
5798 http fetch GET 200 https://registry.npmjs.org/ms/-/ms-2.0.0.tgz 17658ms (cache miss)
5799 http fetch GET 200 https://registry.npmjs.org/ms/-/ms-2.0.0.tgz 17632ms (cache miss)
5800 http fetch GET 200 https://registry.npmjs.org/ms/-/ms-2.0.0.tgz 17628ms (cache miss)
5801 http fetch GET 200 https://registry.npmjs.org/babel-plugin-syntax-hermes-parser/-/babel-plugin-syntax-hermes-parser-0.36.0.tgz 17675ms (cache miss)
5802 http fetch GET 200 https://registry.npmjs.org/babel-plugin-polyfill-corejs3/-/babel-plugin-polyfill-corejs3-0.13.0.tgz 18090ms (cache miss)
5803 http fetch GET 200 https://registry.npmjs.org/path-scurry/-/path-scurry-2.0.2.tgz 18514ms (cache miss)
5804 http fetch GET 200 https://registry.npmjs.org/statuses/-/statuses-2.0.2.tgz 17829ms (cache miss)
5805 http fetch GET 200 https://registry.npmjs.org/encodeurl/-/encodeurl-2.0.0.tgz 17791ms (cache miss)
5806 http fetch GET 200 https://registry.npmjs.org/ci-info/-/ci-info-3.9.0.tgz 17793ms (cache miss)
5807 http fetch GET 200 https://registry.npmjs.org/supports-color/-/supports-color-8.1.1.tgz 17789ms (cache miss)
5808 http fetch GET 200 https://registry.npmjs.org/commander/-/commander-2.20.3.tgz 17882ms (cache miss)
5809 http fetch GET 200 https://registry.npmjs.org/mime-types/-/mime-types-3.0.2.tgz 17867ms (cache miss)
5810 http fetch GET 200 https://registry.npmjs.org/debug/-/debug-3.2.7.tgz 17996ms (cache miss)
5811 http fetch GET 200 https://registry.npmjs.org/react-is/-/react-is-17.0.2.tgz 17927ms (cache miss)
5812 http fetch GET 200 https://registry.npmjs.org/agent-base/-/agent-base-7.1.4.tgz 17924ms (cache miss)
5813 http fetch GET 200 https://registry.npmjs.org/css-what/-/css-what-6.2.2.tgz 19025ms (cache miss)
5814 http fetch GET 200 https://registry.npmjs.org/@babel/plugin-transform-typescript/-/plugin-transform-typescript-7.29.7.tgz 18294ms (cache miss)
5815 http fetch GET 200 https://registry.npmjs.org/react-is/-/react-is-16.13.1.tgz 18048ms (cache miss)
5816 http fetch GET 200 https://registry.npmjs.org/ansi-styles/-/ansi-styles-5.2.0.tgz 17995ms (cache miss)
5817 http fetch GET 200 https://registry.npmjs.org/react-is/-/react-is-18.3.1.tgz 18046ms (cache miss)
5818 http fetch GET 200 https://registry.npmjs.org/idb/-/idb-8.0.3.tgz 18352ms (cache miss)
5819 http fetch GET 200 https://registry.npmjs.org/mime-types/-/mime-types-3.0.2.tgz 18090ms (cache miss)
5820 http fetch GET 200 https://registry.npmjs.org/mime-db/-/mime-db-1.54.0.tgz 18124ms (cache miss)
5821 http fetch GET 200 https://registry.npmjs.org/semver/-/semver-6.3.1.tgz 18086ms (cache miss)
5822 http fetch GET 200 https://registry.npmjs.org/@react-native/normalize-colors/-/normalize-colors-0.74.89.tgz 18081ms (cache miss)
5823 http fetch GET 200 https://registry.npmjs.org/@babel/helper-compilation-targets/-/helper-compilation-targets-7.29.7.tgz 18475ms (cache miss)
5824 http fetch GET 200 https://registry.npmjs.org/@react-native/virtualized-lists/-/virtualized-lists-0.86.2.tgz 19142ms (cache miss)
5825 http fetch GET 200 https://registry.npmjs.org/ansi-styles/-/ansi-styles-5.2.0.tgz 18171ms (cache miss)
5826 http fetch GET 200 https://registry.npmjs.org/color-name/-/color-name-1.1.3.tgz 18154ms (cache miss)
5827 http fetch GET 200 https://registry.npmjs.org/babel-plugin-syntax-hermes-parser/-/babel-plugin-syntax-hermes-parser-0.36.0.tgz 18142ms (cache miss)
5828 http fetch GET 200 https://registry.npmjs.org/color/-/color-3.2.1.tgz 18154ms (cache miss)
5829 http fetch GET 200 https://registry.npmjs.org/negotiator/-/negotiator-0.6.3.tgz 18194ms (cache miss)
5830 http fetch GET 200 https://registry.npmjs.org/color-convert/-/color-convert-1.9.3.tgz 18210ms (cache miss)
5831 http fetch GET 200 https://registry.npmjs.org/ci-info/-/ci-info-3.9.0.tgz 18191ms (cache miss)
5832 http fetch GET 200 https://registry.npmjs.org/accepts/-/accepts-1.3.8.tgz 18196ms (cache miss)
5833 http fetch GET 200 https://registry.npmjs.org/ua-parser-js/-/ua-parser-js-1.0.41.tgz 18343ms (cache miss)
5834 http fetch GET 200 https://registry.npmjs.org/hermes-estree/-/hermes-estree-0.36.1.tgz 19098ms (cache miss)
5835 http fetch GET 200 https://registry.npmjs.org/metro-core/-/metro-core-0.84.4.tgz 18859ms (cache miss)
5836 http fetch GET 200 https://registry.npmjs.org/semver/-/semver-6.3.1.tgz 18277ms (cache miss)
5837 http fetch GET 200 https://registry.npmjs.org/semver/-/semver-6.3.1.tgz 18276ms (cache miss)
5838 http fetch GET 200 https://registry.npmjs.org/semver/-/semver-6.3.1.tgz 18276ms (cache miss)
5839 http fetch GET 200 https://registry.npmjs.org/semver/-/semver-6.3.1.tgz 18274ms (cache miss)
5840 http fetch GET 200 https://registry.npmjs.org/semver/-/semver-6.3.1.tgz 18286ms (cache miss)
5841 http fetch GET 200 https://registry.npmjs.org/regenerate/-/regenerate-1.4.2.tgz 18240ms (cache miss)
5842 http fetch GET 200 https://registry.npmjs.org/source-map/-/source-map-0.5.7.tgz 19181ms (cache miss)
5843 http fetch GET 200 https://registry.npmjs.org/mime-db/-/mime-db-1.54.0.tgz 18397ms (cache miss)
5844 http fetch GET 200 https://registry.npmjs.org/@expo/devcert/-/devcert-1.2.1.tgz 19707ms (cache miss)
5845 http fetch GET 200 https://registry.npmjs.org/pngjs/-/pngjs-3.4.0.tgz 19375ms (cache miss)
5846 http fetch GET 200 https://registry.npmjs.org/@react-native-masked-view/masked-view/-/masked-view-0.3.2.tgz 19108ms (cache miss)
5847 http fetch GET 200 https://registry.npmjs.org/@expo/require-utils/-/require-utils-57.0.4.tgz 18982ms (cache miss)
5848 http fetch GET 200 https://registry.npmjs.org/metro-transform-plugins/-/metro-transform-plugins-0.84.4.tgz 19078ms (cache miss)
5849 http fetch GET 200 https://registry.npmjs.org/@babel/plugin-transform-runtime/-/plugin-transform-runtime-7.29.7.tgz 18832ms (cache miss)
5850 http fetch GET 200 https://registry.npmjs.org/debug/-/debug-2.6.9.tgz 18618ms (cache miss)
5851 http fetch GET 200 https://registry.npmjs.org/core-js-compat/-/core-js-compat-3.50.0.tgz 19034ms (cache miss)
5852 http fetch GET 200 https://registry.npmjs.org/@babel/helper-module-transforms/-/helper-module-transforms-7.29.7.tgz 18924ms (cache miss)
5853 http fetch GET 200 https://registry.npmjs.org/picomatch/-/picomatch-2.3.2.tgz 18631ms (cache miss)
5854 http fetch GET 200 https://registry.npmjs.org/picomatch/-/picomatch-2.3.2.tgz 18629ms (cache miss)
5855 http fetch GET 200 https://registry.npmjs.org/@babel/template/-/template-7.29.7.tgz 18983ms (cache miss)
5856 http fetch GET 200 https://registry.npmjs.org/debug/-/debug-2.6.9.tgz 18722ms (cache miss)
5857 http fetch GET 200 https://registry.npmjs.org/debug/-/debug-2.6.9.tgz 18760ms (cache miss)
5858 http fetch GET 200 https://registry.npmjs.org/debug/-/debug-2.6.9.tgz 18875ms (cache miss)
5859 http fetch GET 200 https://registry.npmjs.org/debug/-/debug-2.6.9.tgz 18918ms (cache miss)
5860 http fetch GET 200 https://registry.npmjs.org/@expo/image-utils/-/image-utils-0.11.4.tgz 19864ms (cache miss)
5861 http fetch GET 200 https://registry.npmjs.org/css-in-js-utils/-/css-in-js-utils-3.1.0.tgz 20577ms (cache miss)
5862 http fetch GET 200 https://registry.npmjs.org/https-proxy-agent/-/https-proxy-agent-7.0.6.tgz 19592ms (cache miss)
5863 http fetch GET 200 https://registry.npmjs.org/memoize-one/-/memoize-one-6.0.0.tgz 19727ms (cache miss)
5864 http fetch GET 200 https://registry.npmjs.org/@babel/helper-define-polyfill-provider/-/helper-define-polyfill-provider-0.6.8.tgz 20218ms (cache miss)
5865 http fetch GET 200 https://registry.npmjs.org/@adobe/css-tools/-/css-tools-4.5.0.tgz 20541ms (cache miss)
5866 http fetch GET 200 https://registry.npmjs.org/@jridgewell/sourcemap-codec/-/sourcemap-codec-1.5.5.tgz 20292ms (cache miss)
5867 http fetch GET 200 https://registry.npmjs.org/csstype/-/csstype-3.2.3.tgz 20383ms (cache miss)
5868 http fetch GET 200 https://registry.npmjs.org/@babel/helper-create-class-features-plugin/-/helper-create-class-features-plugin-7.29.7.tgz 20352ms (cache miss)
5869 http fetch GET 200 https://registry.npmjs.org/@expo/package-manager/-/package-manager-1.13.1.tgz 21459ms (cache miss)
5870 http fetch GET 200 https://registry.npmjs.org/@types/react/-/react-19.2.18.tgz 20572ms (cache miss)
5871 http fetch GET 200 https://registry.npmjs.org/json5/-/json5-2.2.3.tgz 20675ms (cache miss)
5872 http fetch GET 200 https://registry.npmjs.org/commander/-/commander-12.1.0.tgz 20653ms (cache miss)
5873 http fetch GET 200 https://registry.npmjs.org/@expo/xcpretty/-/xcpretty-4.4.4.tgz 22355ms (cache miss)
5874 http fetch GET 200 https://registry.npmjs.org/js-yaml/-/js-yaml-4.3.1.tgz 22654ms (cache miss)
5875 http fetch GET 200 https://registry.npmjs.org/@jridgewell/remapping/-/remapping-2.3.5.tgz 21701ms (cache miss)
5876 http fetch GET 200 https://registry.npmjs.org/@xmldom/xmldom/-/xmldom-0.9.11.tgz 21632ms (cache miss)
5877 http fetch GET 200 https://registry.npmjs.org/ws/-/ws-8.21.3.tgz 21959ms (cache miss)
5878 http fetch GET 200 https://registry.npmjs.org/@sinclair/typebox/-/typebox-0.27.12.tgz 22938ms (cache miss)
5879 http fetch GET 200 https://registry.npmjs.org/react/-/react-19.2.3.tgz 22201ms (cache miss)
5880 http fetch GET 200 https://registry.npmjs.org/@jridgewell/gen-mapping/-/gen-mapping-0.3.13.tgz 22514ms (cache miss)
5881 http fetch GET 200 https://registry.npmjs.org/uuid/-/uuid-7.0.3.tgz 23407ms (cache miss)
5882 warn deprecated uuid@7.0.3: uuid@10 and below is no longer supported.  For ESM codebases, update to uuid@latest.  For CommonJS codebases, use uuid@11 (but be aware this version will likely be deprecated in 2028).
5883 http fetch GET 200 https://registry.npmjs.org/@testing-library/jest-dom/-/jest-dom-6.9.1.tgz 24434ms (cache miss)
5884 http fetch GET 200 https://registry.npmjs.org/hermes-estree/-/hermes-estree-0.36.0.tgz 23816ms (cache miss)
5885 http fetch GET 200 https://registry.npmjs.org/hermes-estree/-/hermes-estree-0.36.0.tgz 23853ms (cache miss)
5886 http fetch GET 200 https://registry.npmjs.org/hermes-estree/-/hermes-estree-0.36.0.tgz 23934ms (cache miss)
5887 http fetch GET 200 https://registry.npmjs.org/@expo/ws-tunnel/-/ws-tunnel-2.0.0.tgz 23842ms (cache miss)
5888 http fetch GET 200 https://registry.npmjs.org/hermes-estree/-/hermes-estree-0.35.0.tgz 23917ms (cache miss)
5889 http fetch GET 200 https://registry.npmjs.org/hermes-estree/-/hermes-estree-0.35.0.tgz 23944ms (cache miss)
5890 http fetch GET 200 https://registry.npmjs.org/hermes-estree/-/hermes-estree-0.36.0.tgz 24087ms (cache miss)
5891 http fetch GET 200 https://registry.npmjs.org/promise/-/promise-7.3.1.tgz 24268ms (cache miss)
5892 http fetch GET 200 https://registry.npmjs.org/xmlbuilder/-/xmlbuilder-15.1.1.tgz 24829ms (cache miss)
5893 http fetch GET 200 https://registry.npmjs.org/source-map/-/source-map-0.6.1.tgz 24318ms (cache miss)
5894 http fetch GET 200 https://registry.npmjs.org/@expo/metro-runtime/-/metro-runtime-57.0.9.tgz 24964ms (cache miss)
5895 http fetch GET 200 https://registry.npmjs.org/source-map/-/source-map-0.6.1.tgz 24492ms (cache miss)
5896 http fetch GET 200 https://registry.npmjs.org/postcss/-/postcss-8.5.26.tgz 25235ms (cache miss)
5897 http fetch GET 200 https://registry.npmjs.org/@babel/parser/-/parser-7.29.8.tgz 25013ms (cache miss)
5898 http fetch GET 200 https://registry.npmjs.org/@react-native/debugger-shell/-/debugger-shell-0.86.2.tgz 25693ms (cache miss)
5899 http fetch GET 200 https://registry.npmjs.org/lru-cache/-/lru-cache-10.4.3.tgz 24818ms (cache miss)
5900 http fetch GET 200 https://registry.npmjs.org/pretty-format/-/pretty-format-27.5.1.tgz 24765ms (cache miss)
5901 http fetch GET 200 https://registry.npmjs.org/zustand/-/zustand-5.0.15.tgz 25071ms (cache miss)
5902 http fetch GET 200 https://registry.npmjs.org/semver/-/semver-7.8.5.tgz 25115ms (cache miss)
5903 http fetch GET 200 https://registry.npmjs.org/type-fest/-/type-fest-0.21.3.tgz 25035ms (cache miss)
5904 http fetch GET 200 https://registry.npmjs.org/@jridgewell/trace-mapping/-/trace-mapping-0.3.31.tgz 25278ms (cache miss)
5905 http fetch GET 200 https://registry.npmjs.org/metro-config/-/metro-config-0.84.4.tgz 25934ms (cache miss)
5906 http fetch GET 200 https://registry.npmjs.org/xmlbuilder/-/xmlbuilder-11.0.1.tgz 25291ms (cache miss)
5907 http fetch GET 200 https://registry.npmjs.org/@expo/devtools/-/devtools-57.0.1.tgz 26170ms (cache miss)
5908 http fetch GET 200 https://registry.npmjs.org/domutils/-/domutils-3.2.2.tgz 26966ms (cache miss)
5909 http fetch GET 200 https://registry.npmjs.org/use-callback-ref/-/use-callback-ref-1.3.3.tgz 27302ms (cache miss)
5910 http fetch GET 200 https://registry.npmjs.org/dom-accessibility-api/-/dom-accessibility-api-0.5.16.tgz 26826ms (cache miss)
5911 http fetch GET 200 https://registry.npmjs.org/expo-constants/-/expo-constants-57.0.10.tgz 26485ms (cache miss)
5912 http fetch GET 200 https://registry.npmjs.org/@expo/config/-/config-57.0.7.tgz 27013ms (cache miss)
5913 http fetch GET 200 https://registry.npmjs.org/@react-native/community-cli-plugin/-/community-cli-plugin-0.86.2.tgz 27603ms (cache miss)
5914 http fetch GET 200 https://registry.npmjs.org/prompts/-/prompts-2.4.2.tgz 28289ms (cache miss)
5915 http fetch GET 200 https://registry.npmjs.org/image-size/-/image-size-1.2.1.tgz 27830ms (cache miss)
5916 http fetch GET 200 https://registry.npmjs.org/metro-source-map/-/metro-source-map-0.84.4.tgz 27604ms (cache miss)
5917 http fetch GET 200 https://registry.npmjs.org/react-remove-scroll/-/react-remove-scroll-2.7.2.tgz 28434ms (cache miss)
5918 http fetch GET 200 https://registry.npmjs.org/node-forge/-/node-forge-1.4.0.tgz 28751ms (cache miss)
5919 http fetch GET 200 https://registry.npmjs.org/babel-plugin-react-compiler/-/babel-plugin-react-compiler-1.0.0.tgz 28238ms (cache miss)
5920 http fetch GET 200 https://registry.npmjs.org/yargs/-/yargs-17.7.3.tgz 28197ms (cache miss)
5921 http fetch GET 200 https://registry.npmjs.org/@babel/generator/-/generator-7.29.8.tgz 28143ms (cache miss)
5922 http fetch GET 200 https://registry.npmjs.org/terser/-/terser-5.50.0.tgz 29093ms (cache miss)
5923 http fetch GET 200 https://registry.npmjs.org/minimatch/-/minimatch-10.2.6.tgz 28873ms (cache miss)
5924 http fetch GET 200 https://registry.npmjs.org/entities/-/entities-4.5.0.tgz 29445ms (cache miss)
5925 http fetch GET 200 https://registry.npmjs.org/@react-native/dev-middleware/-/dev-middleware-0.86.2.tgz 29352ms (cache miss)
5926 http fetch GET 200 https://registry.npmjs.org/metro-resolver/-/metro-resolver-0.84.4.tgz 29092ms (cache miss)
5927 http fetch GET 200 https://registry.npmjs.org/dom-accessibility-api/-/dom-accessibility-api-0.6.3.tgz 28937ms (cache miss)
5928 http fetch GET 200 https://registry.npmjs.org/@types/node/-/node-26.2.0.tgz 30208ms (cache miss)
5929 http fetch GET 200 https://registry.npmjs.org/@testing-library/dom/-/dom-10.4.1.tgz 30222ms (cache miss)
5930 http fetch GET 200 https://registry.npmjs.org/@expo/metro-file-map/-/metro-file-map-57.0.1.tgz 32062ms (cache miss)
5931 http fetch GET 200 https://registry.npmjs.org/@babel/traverse/-/traverse-7.29.8.tgz 31271ms (cache miss)
5932 http fetch GET 200 https://registry.npmjs.org/expo-keep-awake/-/expo-keep-awake-57.0.1.tgz 31662ms (cache miss)
5933 http fetch GET 200 https://registry.npmjs.org/@expo/prebuild-config/-/prebuild-config-57.0.11.tgz 32706ms (cache miss)
5934 http fetch GET 200 https://registry.npmjs.org/glob/-/glob-13.0.6.tgz 32071ms (cache miss)
5935 http fetch GET 200 https://registry.npmjs.org/expo-device/-/expo-device-57.0.1.tgz 32545ms (cache miss)
5936 http fetch GET 200 https://registry.npmjs.org/@expo/fingerprint/-/fingerprint-0.20.7.tgz 33181ms (cache miss)
5937 http fetch GET 200 https://registry.npmjs.org/expo-status-bar/-/expo-status-bar-57.0.1.tgz 32921ms (cache miss)
5938 http fetch GET 200 https://registry.npmjs.org/@egjs/hammerjs/-/hammerjs-2.0.17.tgz 33994ms (cache miss)
5939 http fetch GET 200 https://registry.npmjs.org/resolve/-/resolve-1.22.12.tgz 34187ms (cache miss)
5940 http fetch GET 200 https://registry.npmjs.org/css-select/-/css-select-5.2.2.tgz 35213ms (cache miss)
5941 http fetch GET 200 https://registry.npmjs.org/@expo/log-box/-/log-box-57.0.2.tgz 34749ms (cache miss)
5942 http fetch GET 200 https://registry.npmjs.org/expo-symbols/-/expo-symbols-57.0.2.tgz 34512ms (cache miss)
5943 http fetch GET 200 https://registry.npmjs.org/@expo/dom-webview/-/dom-webview-57.0.1.tgz 34883ms (cache miss)
5944 http fetch GET 200 https://registry.npmjs.org/babel-preset-expo/-/babel-preset-expo-57.0.6.tgz 34947ms (cache miss)
5945 http fetch GET 200 https://registry.npmjs.org/hermes-parser/-/hermes-parser-0.36.1.tgz 35018ms (cache miss)
5946 http fetch GET 200 https://registry.npmjs.org/expo-system-ui/-/expo-system-ui-57.0.2.tgz 35146ms (cache miss)
5947 http fetch GET 200 https://registry.npmjs.org/axios/-/axios-1.19.0.tgz 35142ms (cache miss)
5948 http fetch GET 200 https://registry.npmjs.org/fb-dotslash/-/fb-dotslash-0.5.8.tgz 36229ms (cache miss)
5949 http fetch GET 200 https://registry.npmjs.org/hermes-parser/-/hermes-parser-0.35.0.tgz 35244ms (cache miss)
5950 http fetch GET 200 https://registry.npmjs.org/hermes-parser/-/hermes-parser-0.35.0.tgz 35272ms (cache miss)
5951 http fetch GET 200 https://registry.npmjs.org/hermes-parser/-/hermes-parser-0.36.0.tgz 35389ms (cache miss)
5952 http fetch GET 200 https://registry.npmjs.org/hermes-parser/-/hermes-parser-0.36.0.tgz 35394ms (cache miss)
5953 http fetch GET 200 https://registry.npmjs.org/react-native-drawer-layout/-/react-native-drawer-layout-4.2.10.tgz 36112ms (cache miss)
5954 http fetch GET 200 https://registry.npmjs.org/hermes-parser/-/hermes-parser-0.36.0.tgz 35469ms (cache miss)
5955 http fetch GET 200 https://registry.npmjs.org/hermes-parser/-/hermes-parser-0.36.0.tgz 35486ms (cache miss)
5956 http fetch GET 200 https://registry.npmjs.org/expo-linking/-/expo-linking-57.0.5.tgz 35833ms (cache miss)
5957 http fetch GET 200 https://registry.npmjs.org/react-dom/-/react-dom-19.2.3.tgz 35936ms (cache miss)
5958 http fetch GET 200 https://registry.npmjs.org/expo-web-browser/-/expo-web-browser-57.0.2.tgz 36097ms (cache miss)
5959 http fetch GET 200 https://registry.npmjs.org/@expo-google-fonts/material-symbols/-/material-symbols-0.4.43.tgz 37105ms (cache miss)
5960 http fetch GET 200 https://registry.npmjs.org/expo-modules-jsi/-/expo-modules-jsi-57.0.4.tgz 37350ms (cache miss)
5961 http fetch GET 200 https://registry.npmjs.org/lightningcss-linux-x64-gnu/-/lightningcss-linux-x64-gnu-1.33.0.tgz 38071ms (cache miss)
5962 http fetch GET 200 https://registry.npmjs.org/fbjs/-/fbjs-3.0.5.tgz 38492ms (cache miss)
5963 http fetch GET 200 https://registry.npmjs.org/metro-file-map/-/metro-file-map-0.84.4.tgz 38081ms (cache miss)
5964 http fetch GET 200 https://registry.npmjs.org/css-tree/-/css-tree-1.1.3.tgz 38740ms (cache miss)
5965 http fetch GET 200 https://registry.npmjs.org/expo-print/-/expo-print-57.0.1.tgz 37955ms (cache miss)
5966 http fetch GET 200 https://registry.npmjs.org/@babel/core/-/core-7.29.7.tgz 38251ms (cache miss)
5967 http fetch GET 200 https://registry.npmjs.org/@expo/router-server/-/router-server-57.0.5.tgz 38100ms (cache miss)
5968 http fetch GET 200 https://registry.npmjs.org/expo-asset/-/expo-asset-57.0.10.tgz 38739ms (cache miss)
5969 http fetch GET 200 https://registry.npmjs.org/lru-cache/-/lru-cache-11.5.2.tgz 38301ms (cache miss)
5970 http fetch GET 200 https://registry.npmjs.org/@react-native/gradle-plugin/-/gradle-plugin-0.86.2.tgz 39297ms (cache miss)
5971 http fetch GET 200 https://registry.npmjs.org/expo-splash-screen/-/expo-splash-screen-57.0.6.tgz 39313ms (cache miss)
5972 http fetch GET 200 https://registry.npmjs.org/expo-font/-/expo-font-57.0.1.tgz 39852ms (cache miss)
5973 http fetch GET 200 https://registry.npmjs.org/@expo/metro-config/-/metro-config-57.0.8.tgz 41164ms (cache miss)
5974 http fetch GET 200 https://registry.npmjs.org/@babel/runtime/-/runtime-7.29.7.tgz 41250ms (cache miss)
5975 http fetch GET 200 https://registry.npmjs.org/@babel/types/-/types-7.29.8.tgz 42559ms (cache miss)
5976 http fetch GET 200 https://registry.npmjs.org/react-devtools-core/-/react-devtools-core-6.1.5.tgz 43342ms (cache miss)
5977 http fetch GET 200 https://registry.npmjs.org/expo-sharing/-/expo-sharing-57.0.11.tgz 42802ms (cache miss)
5978 http fetch GET 200 https://registry.npmjs.org/react-native-safe-area-context/-/react-native-safe-area-context-5.7.0.tgz 43052ms (cache miss)
5979 http fetch GET 200 https://registry.npmjs.org/react-hook-form/-/react-hook-form-7.85.0.tgz 43035ms (cache miss)
5980 http fetch GET 200 https://registry.npmjs.org/expo-server/-/expo-server-57.0.2.tgz 43762ms (cache miss)
5981 http fetch GET 200 https://registry.npmjs.org/@react-native/codegen/-/codegen-0.86.2.tgz 44692ms (cache miss)
5982 http fetch GET 200 https://registry.npmjs.org/@expo/expo-modules-macros-plugin/-/expo-modules-macros-plugin-0.6.1.tgz 44544ms (cache miss)
5983 http fetch GET 200 https://registry.npmjs.org/aria-query/-/aria-query-5.3.0.tgz 44645ms (cache miss)
5984 http fetch GET 200 https://registry.npmjs.org/@babel/helpers/-/helpers-7.29.7.tgz 44363ms (cache miss)
5985 http fetch GET 200 https://registry.npmjs.org/regenerate-unicode-properties/-/regenerate-unicode-properties-10.2.2.tgz 45619ms (cache miss)
5986 http fetch GET 200 https://registry.npmjs.org/yaml/-/yaml-2.9.0.tgz 45629ms (cache miss)
5987 http fetch GET 200 https://registry.npmjs.org/@expo/config-plugins/-/config-plugins-57.0.7.tgz 46287ms (cache miss)
5988 http fetch GET 200 https://registry.npmjs.org/expo-modules-autolinking/-/expo-modules-autolinking-57.0.9.tgz 48629ms (cache miss)
5989 http fetch GET 200 https://registry.npmjs.org/expo-file-system/-/expo-file-system-57.0.2.tgz 50447ms (cache miss)
5990 http fetch GET 200 https://registry.npmjs.org/typescript/-/typescript-6.0.3.tgz 51249ms (cache miss)
5991 http fetch GET 200 https://registry.npmjs.org/@expo/metro/-/metro-56.0.0.tgz 52302ms (cache miss)
5992 http fetch GET 200 https://registry.npmjs.org/expo/-/expo-57.0.12.tgz 52836ms (cache miss)
5993 http fetch GET 200 https://registry.npmjs.org/@testing-library/user-event/-/user-event-14.6.4.tgz 53986ms (cache miss)
5994 http fetch GET 200 https://registry.npmjs.org/@hookform/resolvers/-/resolvers-5.7.1.tgz 53973ms (cache miss)
5995 http fetch GET 200 https://registry.npmjs.org/metro/-/metro-0.84.4.tgz 55258ms (cache miss)
5996 http fetch GET 200 https://registry.npmjs.org/react-native-worklets/-/react-native-worklets-0.10.1.tgz 59406ms (cache miss)
5997 http fetch GET 200 https://registry.npmjs.org/hermes-compiler/-/hermes-compiler-250829098.0.16.tgz 61360ms (cache miss)
5998 http fetch GET 200 https://registry.npmjs.org/zod/-/zod-3.25.76.tgz 61644ms (cache miss)
5999 http fetch GET 200 https://registry.npmjs.org/caniuse-lite/-/caniuse-lite-1.0.30001809.tgz 64530ms (cache miss)
6000 http fetch GET 200 https://registry.npmjs.org/@react-native-async-storage/async-storage/-/async-storage-3.1.1.tgz 66091ms (cache miss)
6001 http fetch GET 200 https://registry.npmjs.org/zod/-/zod-4.4.3.tgz 66179ms (cache miss)
6002 http fetch GET 200 https://registry.npmjs.org/react-native-web/-/react-native-web-0.21.2.tgz 75142ms (cache miss)
6003 http fetch GET 200 https://registry.npmjs.org/@expo/cli/-/cli-57.0.14.tgz 77022ms (cache miss)
6004 http fetch GET 200 https://registry.npmjs.org/@expo/ui/-/ui-57.0.10.tgz 78693ms (cache miss)
6005 http fetch GET 200 https://registry.npmjs.org/@react-native/debugger-frontend/-/debugger-frontend-0.86.2.tgz 83452ms (cache miss)
6006 http fetch GET 200 https://registry.npmjs.org/react-native-gesture-handler/-/react-native-gesture-handler-2.32.0.tgz 83392ms (cache miss)
6007 http fetch GET 200 https://registry.npmjs.org/react-native-paper/-/react-native-paper-5.15.3.tgz 84447ms (cache miss)
6008 http fetch GET 200 https://registry.npmjs.org/expo-modules-core/-/expo-modules-core-57.0.10.tgz 85402ms (cache miss)
6009 http fetch GET 200 https://registry.npmjs.org/react-native-svg/-/react-native-svg-15.15.5.tgz 86546ms (cache miss)
6010 warn tar TAR_ENTRY_ERROR ENOENT: no such file or directory, lstat '/home/jermeine/Documentos/UI/sorteo-app/node_modules/expo-image/prebuilds/spm-deps/SDWebImageSVGCoder/release'
6011 silly tar TAR_ENTRY_ERROR ENOENT: no such file or directory, lstat '/home/jermeine/Documentos/UI/sorteo-app/node_modules/expo-image/prebuilds/spm-deps/SDWebImageSVGCoder/release' [Error: ENOENT: no such file or directory, lstat '/home/jermeine/Documentos/UI/sorteo-app/node_modules/expo-image/prebuilds/spm-deps/SDWebImageSVGCoder/release'] {
6011 silly tar   errno: -2,
6011 silly tar   code: 'ENOENT',
6011 silly tar   syscall: 'lstat',
6011 silly tar   path: '/home/jermeine/Documentos/UI/sorteo-app/node_modules/expo-image/prebuilds/spm-deps/SDWebImageSVGCoder/release',
6011 silly tar   entry: Fs {
6011 silly tar     _events: [Object: null prototype] { end: [Function (anonymous)] },
6011 silly tar     _eventsCount: 1,
6011 silly tar     _maxListeners: undefined,
6011 silly tar     writable: false,
6011 silly tar     readable: true,
6011 silly tar     extended: undefined,
6011 silly tar     globalExtended: undefined,
6011 silly tar     header: As {
6011 silly tar       cksumValid: true,
6011 silly tar       needPax: false,
6011 silly tar       nullBlock: false,
6011 silly tar       block: undefined,
6011 silly tar       path: 'package/prebuilds/spm-deps/SDWebImageSVGCoder/release/SDWebImageSVGCoder.xcframework/ios-arm64_x86_64-simulator/SDWebImageSVGCoder.framework/Modules/module.modulemap',
6011 silly tar       mode: 420,
6011 silly tar       uid: 0,
6011 silly tar       gid: 0,
6011 silly tar       size: 67,
6011 silly tar       cksum: 19305,
6011 silly tar       linkpath: '',
6011 silly tar       uname: '',
6011 silly tar       gname: '',
6011 silly tar       devmaj: 0,
6011 silly tar       devmin: 0,
6011 silly tar       atime: undefined,
6011 silly tar       ctime: undefined,
6011 silly tar       mtime: 1985-10-26T08:15:00.000Z,
6011 silly tar       charset: undefined,
6011 silly tar       comment: undefined
6011 silly tar     },
6011 silly tar     startBlockSize: 512,
6011 silly tar     blockRemain: 0,
6011 silly tar     remain: 0,
6011 silly tar     type: 'File',
6011 silly tar     meta: false,
6011 silly tar     ignore: false,
6011 silly tar     path: 'prebuilds/spm-deps/SDWebImageSVGCoder/release/SDWebImageSVGCoder.xcframework/ios-arm64_x86_64-simulator/SDWebImageSVGCoder.framework/Modules/module.modulemap',
6011 silly tar     mode: 438,
6011 silly tar     uid: 0,
6011 silly tar     gid: 0,
6011 silly tar     uname: '',
6011 silly tar     gname: '',
6011 silly tar     size: 67,
6011 silly tar     mtime: 1985-10-26T08:15:00.000Z,
6011 silly tar     atime: undefined,
6011 silly tar     ctime: undefined,
6011 silly tar     linkpath: undefined,
6011 silly tar     dev: undefined,
6011 silly tar     ino: undefined,
6011 silly tar     nlink: undefined,
6011 silly tar     invalid: false,
6011 silly tar     absolute: '/home/jermeine/Documentos/UI/sorteo-app/node_modules/expo-image/prebuilds/spm-deps/SDWebImageSVGCoder/release/SDWebImageSVGCoder.xcframework/ios-arm64_x86_64-simulator/SDWebImageSVGCoder.framework/Modules/module.modulemap',
6011 silly tar     unsupported: false,
6011 silly tar     Symbol(shapeMode): false,
6011 silly tar     Symbol(kCapture): false,
6011 silly tar     Symbol(flowing): false,
6011 silly tar     Symbol(paused): true,
6011 silly tar     Symbol(pipes): [],
6011 silly tar     Symbol(buffer): [
6011 silly tar       <Buffer 66 72 61 6d 65 77 6f 72 6b 20 6d 6f 64 75 6c 65 20 53 44 57 65 62 49 6d 61 67 65 53 56 47 43 6f 64 65 72 20 7b 0a 75 6d 62 72 65 6c 6c 61 20 22 48 65 ... 17 more bytes>
6011 silly tar     ],
6011 silly tar     Symbol(objectMode): false,
6011 silly tar     Symbol(encoding): null,
6011 silly tar     Symbol(async): false,
6011 silly tar     Symbol(decoder): null,
6011 silly tar     Symbol(EOF): true,
6011 silly tar     Symbol(emittedEnd): false,
6011 silly tar     Symbol(emittingEnd): false,
6011 silly tar     Symbol(closed): false,
6011 silly tar     Symbol(emittedError): null,
6011 silly tar     Symbol(bufferLength): 67,
6011 silly tar     Symbol(destroyed): false,
6011 silly tar     Symbol(signal): undefined,
6011 silly tar     Symbol(aborted): false,
6011 silly tar     Symbol(dataListeners): 0,
6011 silly tar     Symbol(discarded): false
6011 silly tar   },
6011 silly tar   cwd: '/home/jermeine/Documentos/UI/sorteo-app/node_modules/expo-image',
6011 silly tar   tarCode: 'TAR_ENTRY_ERROR'
6011 silly tar }
6012 warn tar TAR_ENTRY_ERROR ENOENT: no such file or directory, lstat '/home/jermeine/Documentos/UI/sorteo-app/node_modules/lucide-react-native/dist/cjs/icons'
6013 silly tar TAR_ENTRY_ERROR ENOENT: no such file or directory, lstat '/home/jermeine/Documentos/UI/sorteo-app/node_modules/lucide-react-native/dist/cjs/icons' [Error: ENOENT: no such file or directory, lstat '/home/jermeine/Documentos/UI/sorteo-app/node_modules/lucide-react-native/dist/cjs/icons'] {
6013 silly tar   errno: -2,
6013 silly tar   code: 'ENOENT',
6013 silly tar   syscall: 'lstat',
6013 silly tar   path: '/home/jermeine/Documentos/UI/sorteo-app/node_modules/lucide-react-native/dist/cjs/icons',
6013 silly tar   entry: Fs {
6013 silly tar     _events: [Object: null prototype] { end: [Function (anonymous)] },
6013 silly tar     _eventsCount: 1,
6013 silly tar     _maxListeners: undefined,
6013 silly tar     writable: false,
6013 silly tar     readable: true,
6013 silly tar     extended: undefined,
6013 silly tar     globalExtended: undefined,
6013 silly tar     header: As {
6013 silly tar       cksumValid: true,
6013 silly tar       needPax: false,
6013 silly tar       nullBlock: false,
6013 silly tar       block: undefined,
6013 silly tar       path: 'package/dist/cjs/icons/calculator.js.map',
6013 silly tar       mode: 420,
6013 silly tar       uid: 0,
6013 silly tar       gid: 0,
6013 silly tar       size: 4740,
6013 silly tar       cksum: 7630,
6013 silly tar       linkpath: '',
6013 silly tar       uname: '',
6013 silly tar       gname: '',
6013 silly tar       devmaj: 0,
6013 silly tar       devmin: 0,
6013 silly tar       atime: undefined,
6013 silly tar       ctime: undefined,
6013 silly tar       mtime: 1985-10-26T08:15:00.000Z,
6013 silly tar       charset: undefined,
6013 silly tar       comment: undefined
6013 silly tar     },
6013 silly tar     startBlockSize: 5120,
6013 silly tar     blockRemain: 0,
6013 silly tar     remain: 0,
6013 silly tar     type: 'File',
6013 silly tar     meta: false,
6013 silly tar     ignore: false,
6013 silly tar     path: 'dist/cjs/icons/calculator.js.map',
6013 silly tar     mode: 438,
6013 silly tar     uid: 0,
6013 silly tar     gid: 0,
6013 silly tar     uname: '',
6013 silly tar     gname: '',
6013 silly tar     size: 4740,
6013 silly tar     mtime: 1985-10-26T08:15:00.000Z,
6013 silly tar     atime: undefined,
6013 silly tar     ctime: undefined,
6013 silly tar     linkpath: undefined,
6013 silly tar     dev: undefined,
6013 silly tar     ino: undefined,
6013 silly tar     nlink: undefined,
6013 silly tar     invalid: false,
6013 silly tar     absolute: '/home/jermeine/Documentos/UI/sorteo-app/node_modules/lucide-react-native/dist/cjs/icons/calculator.js.map',
6013 silly tar     unsupported: false,
6013 silly tar     Symbol(shapeMode): false,
6013 silly tar     Symbol(kCapture): false,
6013 silly tar     Symbol(flowing): false,
6013 silly tar     Symbol(paused): true,
6013 silly tar     Symbol(pipes): [],
6013 silly tar     Symbol(buffer): [
6013 silly tar       <Buffer 7b 22 76 65 72 73 69 6f 6e 22 3a 33 2c 22 66 69 6c 65 22 3a 22 63 61 6c 63 75 6c 61 74 6f 72 2e 6a 73 22 2c 22 73 6f 75 72 63 65 73 22 3a 5b 22 2e 2e ... 3154 more bytes>,
6013 silly tar       <Buffer 43 41 41 41 2c 43 41 41 41 2c 43 41 41 41 2c 47 41 41 55 2c 43 41 41 41 3b 41 41 41 41 2c 43 41 41 41 2c 43 41 43 6c 45 2c 43 41 41 43 2c 43 41 41 41 ... 1486 more bytes>
6013 silly tar     ],
6013 silly tar     Symbol(objectMode): false,
6013 silly tar     Symbol(encoding): null,
6013 silly tar     Symbol(async): false,
6013 silly tar     Symbol(decoder): null,
6013 silly tar     Symbol(EOF): true,
6013 silly tar     Symbol(emittedEnd): false,
6013 silly tar     Symbol(emittingEnd): false,
6013 silly tar     Symbol(closed): false,
6013 silly tar     Symbol(emittedError): null,
6013 silly tar     Symbol(bufferLength): 4740,
6013 silly tar     Symbol(destroyed): false,
6013 silly tar     Symbol(signal): undefined,
6013 silly tar     Symbol(aborted): false,
6013 silly tar     Symbol(dataListeners): 0,
6013 silly tar     Symbol(discarded): false
6013 silly tar   },
6013 silly tar   cwd: '/home/jermeine/Documentos/UI/sorteo-app/node_modules/lucide-react-native',
6013 silly tar   tarCode: 'TAR_ENTRY_ERROR'
6013 silly tar }
6014 warn tar TAR_ENTRY_ERROR ENOENT: no such file or directory, lstat '/home/jermeine/Documentos/UI/sorteo-app/node_modules/expo-image/prebuilds'
6015 silly tar TAR_ENTRY_ERROR ENOENT: no such file or directory, lstat '/home/jermeine/Documentos/UI/sorteo-app/node_modules/expo-image/prebuilds' [Error: ENOENT: no such file or directory, lstat '/home/jermeine/Documentos/UI/sorteo-app/node_modules/expo-image/prebuilds'] {
6015 silly tar   errno: -2,
6015 silly tar   code: 'ENOENT',
6015 silly tar   syscall: 'lstat',
6015 silly tar   path: '/home/jermeine/Documentos/UI/sorteo-app/node_modules/expo-image/prebuilds',
6015 silly tar   entry: Fs {
6015 silly tar     _events: [Object: null prototype] { end: [Function (anonymous)] },
6015 silly tar     _eventsCount: 1,
6015 silly tar     _maxListeners: undefined,
6015 silly tar     writable: false,
6015 silly tar     readable: true,
6015 silly tar     extended: undefined,
6015 silly tar     globalExtended: undefined,
6015 silly tar     header: As {
6015 silly tar       cksumValid: true,
6015 silly tar       needPax: false,
6015 silly tar       nullBlock: false,
6015 silly tar       block: undefined,
6015 silly tar       path: 'package/prebuilds/spm-deps/SDWebImageSVGCoder/release/SDWebImageSVGCoder.xcframework/ios-arm64/SDWebImageSVGCoder.framework/Modules/module.modulemap',
6015 silly tar       mode: 420,
6015 silly tar       uid: 0,
6015 silly tar       gid: 0,
6015 silly tar       size: 67,
6015 silly tar       cksum: 17742,
6015 silly tar       linkpath: '',
6015 silly tar       uname: '',
6015 silly tar       gname: '',
6015 silly tar       devmaj: 0,
6015 silly tar       devmin: 0,
6015 silly tar       atime: undefined,
6015 silly tar       ctime: undefined,
6015 silly tar       mtime: 1985-10-26T08:15:00.000Z,
6015 silly tar       charset: undefined,
6015 silly tar       comment: undefined
6015 silly tar     },
6015 silly tar     startBlockSize: 512,
6015 silly tar     blockRemain: 0,
6015 silly tar     remain: 0,
6015 silly tar     type: 'File',
6015 silly tar     meta: false,
6015 silly tar     ignore: false,
6015 silly tar     path: 'prebuilds/spm-deps/SDWebImageSVGCoder/release/SDWebImageSVGCoder.xcframework/ios-arm64/SDWebImageSVGCoder.framework/Modules/module.modulemap',
6015 silly tar     mode: 438,
6015 silly tar     uid: 0,
6015 silly tar     gid: 0,
6015 silly tar     uname: '',
6015 silly tar     gname: '',
6015 silly tar     size: 67,
6015 silly tar     mtime: 1985-10-26T08:15:00.000Z,
6015 silly tar     atime: undefined,
6015 silly tar     ctime: undefined,
6015 silly tar     linkpath: undefined,
6015 silly tar     dev: undefined,
6015 silly tar     ino: undefined,
6015 silly tar     nlink: undefined,
6015 silly tar     invalid: false,
6015 silly tar     absolute: '/home/jermeine/Documentos/UI/sorteo-app/node_modules/expo-image/prebuilds/spm-deps/SDWebImageSVGCoder/release/SDWebImageSVGCoder.xcframework/ios-arm64/SDWebImageSVGCoder.framework/Modules/module.modulemap',
6015 silly tar     unsupported: false,
6015 silly tar     Symbol(shapeMode): false,
6015 silly tar     Symbol(kCapture): false,
6015 silly tar     Symbol(flowing): false,
6015 silly tar     Symbol(paused): true,
6015 silly tar     Symbol(pipes): [],
6015 silly tar     Symbol(buffer): [
6015 silly tar       <Buffer 66 72 61 6d 65 77 6f 72 6b 20 6d 6f 64 75 6c 65 20 53 44 57 65 62 49 6d 61 67 65 53 56 47 43 6f 64 65 72 20 7b 0a 75 6d 62 72 65 6c 6c 61 20 22 48 65 ... 17 more bytes>
6015 silly tar     ],
6015 silly tar     Symbol(objectMode): false,
6015 silly tar     Symbol(encoding): null,
6015 silly tar     Symbol(async): false,
6015 silly tar     Symbol(decoder): null,
6015 silly tar     Symbol(EOF): true,
6015 silly tar     Symbol(emittedEnd): false,
6015 silly tar     Symbol(emittingEnd): false,
6015 silly tar     Symbol(closed): false,
6015 silly tar     Symbol(emittedError): null,
6015 silly tar     Symbol(bufferLength): 67,
6015 silly tar     Symbol(destroyed): false,
6015 silly tar     Symbol(signal): undefined,
6015 silly tar     Symbol(aborted): false,
6015 silly tar     Symbol(dataListeners): 0,
6015 silly tar     Symbol(discarded): false
6015 silly tar   },
6015 silly tar   cwd: '/home/jermeine/Documentos/UI/sorteo-app/node_modules/expo-image',
6015 silly tar   tarCode: 'TAR_ENTRY_ERROR'
6015 silly tar }
6016 warn tar TAR_ENTRY_ERROR ENOENT: no such file or directory, lstat '/home/jermeine/Documentos/UI/sorteo-app/node_modules/react-native/ReactCommon/react'
6017 silly tar TAR_ENTRY_ERROR ENOENT: no such file or directory, lstat '/home/jermeine/Documentos/UI/sorteo-app/node_modules/react-native/ReactCommon/react' [Error: ENOENT: no such file or directory, lstat '/home/jermeine/Documentos/UI/sorteo-app/node_modules/react-native/ReactCommon/react'] {
6017 silly tar   errno: -2,
6017 silly tar   code: 'ENOENT',
6017 silly tar   syscall: 'lstat',
6017 silly tar   path: '/home/jermeine/Documentos/UI/sorteo-app/node_modules/react-native/ReactCommon/react',
6017 silly tar   entry: Fs {
6017 silly tar     _events: [Object: null prototype] { end: [Function (anonymous)] },
6017 silly tar     _eventsCount: 1,
6017 silly tar     _maxListeners: undefined,
6017 silly tar     writable: false,
6017 silly tar     readable: true,
6017 silly tar     extended: undefined,
6017 silly tar     globalExtended: undefined,
6017 silly tar     header: As {
6017 silly tar       cksumValid: true,
6017 silly tar       needPax: false,
6017 silly tar       nullBlock: false,
6017 silly tar       block: undefined,
6017 silly tar       path: 'package/ReactCommon/react/renderer/components/text/SelectableParagraphShadowNode.h',
6017 silly tar       mode: 420,
6017 silly tar       uid: undefined,
6017 silly tar       gid: undefined,
6017 silly tar       size: 740,
6017 silly tar       cksum: 11124,
6017 silly tar       linkpath: '',
6017 silly tar       uname: '',
6017 silly tar       gname: '',
6017 silly tar       devmaj: 0,
6017 silly tar       devmin: 0,
6017 silly tar       atime: undefined,
6017 silly tar       ctime: undefined,
6017 silly tar       mtime: 1985-10-26T08:15:00.000Z,
6017 silly tar       charset: undefined,
6017 silly tar       comment: undefined
6017 silly tar     },
6017 silly tar     startBlockSize: 1024,
6017 silly tar     blockRemain: 0,
6017 silly tar     remain: 0,
6017 silly tar     type: 'File',
6017 silly tar     meta: false,
6017 silly tar     ignore: false,
6017 silly tar     path: 'ReactCommon/react/renderer/components/text/SelectableParagraphShadowNode.h',
6017 silly tar     mode: 438,
6017 silly tar     uid: undefined,
6017 silly tar     gid: undefined,
6017 silly tar     uname: '',
6017 silly tar     gname: '',
6017 silly tar     size: 740,
6017 silly tar     mtime: 1985-10-26T08:15:00.000Z,
6017 silly tar     atime: undefined,
6017 silly tar     ctime: undefined,
6017 silly tar     linkpath: undefined,
6017 silly tar     dev: undefined,
6017 silly tar     ino: undefined,
6017 silly tar     nlink: undefined,
6017 silly tar     invalid: false,
6017 silly tar     absolute: '/home/jermeine/Documentos/UI/sorteo-app/node_modules/react-native/ReactCommon/react/renderer/components/text/SelectableParagraphShadowNode.h',
6017 silly tar     unsupported: false,
6017 silly tar     Symbol(shapeMode): false,
6017 silly tar     Symbol(kCapture): false,
6017 silly tar     Symbol(flowing): false,
6017 silly tar     Symbol(paused): true,
6017 silly tar     Symbol(pipes): [],
6017 silly tar     Symbol(buffer): [
6017 silly tar       <Buffer 2f 2a 0a 20 2a 20 43 6f 70 79 72 69 67 68 74 20 28 63 29 20 4d 65 74 61 20 50 6c 61 74 66 6f 72 6d 73 2c 20 49 6e 63 2e 20 61 6e 64 20 61 66 66 69 6c ... 690 more bytes>
6017 silly tar     ],
6017 silly tar     Symbol(objectMode): false,
6017 silly tar     Symbol(encoding): null,
6017 silly tar     Symbol(async): false,
6017 silly tar     Symbol(decoder): null,
6017 silly tar     Symbol(EOF): true,
6017 silly tar     Symbol(emittedEnd): false,
6017 silly tar     Symbol(emittingEnd): false,
6017 silly tar     Symbol(closed): false,
6017 silly tar     Symbol(emittedError): null,
6017 silly tar     Symbol(bufferLength): 740,
6017 silly tar     Symbol(destroyed): false,
6017 silly tar     Symbol(signal): undefined,
6017 silly tar     Symbol(aborted): false,
6017 silly tar     Symbol(dataListeners): 0,
6017 silly tar     Symbol(discarded): false
6017 silly tar   },
6017 silly tar   cwd: '/home/jermeine/Documentos/UI/sorteo-app/node_modules/react-native',
6017 silly tar   tarCode: 'TAR_ENTRY_ERROR'
6017 silly tar }
6018 http fetch GET 200 https://registry.npmjs.org/expo-router/-/expo-router-57.0.12.tgz 95984ms (cache miss)
6019 http fetch GET 200 https://registry.npmjs.org/expo-image/-/expo-image-57.0.2.tgz 98417ms (cache miss)
6020 http fetch GET 200 https://registry.npmjs.org/react-native-screens/-/react-native-screens-4.26.2.tgz 98556ms (cache miss)
6021 http fetch GET 200 https://registry.npmjs.org/react-native-reanimated/-/react-native-reanimated-4.5.1.tgz 99774ms (cache miss)
6022 http fetch GET 200 https://registry.npmjs.org/react-native/-/react-native-0.86.2.tgz 123064ms (cache miss)
6023 http fetch GET 200 https://registry.npmjs.org/lucide-react-native/-/lucide-react-native-1.31.0.tgz 141603ms (cache miss)
6024 silly ADD node_modules/clone
6025 silly ADD node_modules/defaults
6026 silly ADD node_modules/supports-hyperlinks
6027 silly ADD node_modules/ansi-escapes
6028 silly ADD node_modules/ansi-escapes/node_modules/type-fest
6029 silly ADD node_modules/mimic-fn
6030 silly ADD node_modules/signal-exit
6031 silly ADD node_modules/onetime
6032 silly ADD node_modules/sisteransi
6033 silly ADD node_modules/kleur
6034 silly ADD node_modules/restore-cursor
6035 silly ADD node_modules/wcwidth
6036 silly ADD node_modules/log-symbols
6037 silly ADD node_modules/log-symbols/node_modules/has-flag
6038 silly ADD node_modules/log-symbols/node_modules/color-name
6039 silly ADD node_modules/log-symbols/node_modules/color-convert
6040 silly ADD node_modules/log-symbols/node_modules/supports-color
6041 silly ADD node_modules/log-symbols/node_modules/escape-string-regexp
6042 silly ADD node_modules/log-symbols/node_modules/ansi-styles
6043 silly ADD node_modules/log-symbols/node_modules/chalk
6044 silly ADD node_modules/cli-spinners
6045 silly ADD node_modules/cli-cursor
6046 silly ADD node_modules/validate-npm-package-name
6047 silly ADD node_modules/proc-log
6048 silly ADD node_modules/hosted-git-info
6049 silly ADD node_modules/hosted-git-info/node_modules/lru-cache
6050 silly ADD node_modules/argparse
6051 silly ADD node_modules/vary
6052 silly ADD node_modules/safe-buffer
6053 silly ADD node_modules/on-headers
6054 silly ADD node_modules/compressible
6055 silly ADD node_modules/bytes
6056 silly ADD node_modules/js-yaml
6057 silly ADD node_modules/@expo/sudo-prompt
6058 silly ADD node_modules/toqr
6059 silly ADD node_modules/terminal-link
6060 silly ADD node_modules/structured-headers
6061 silly ADD node_modules/prompts
6062 silly ADD node_modules/progress
6063 silly ADD node_modules/ora
6064 silly ADD node_modules/ora/node_modules/has-flag
6065 silly ADD node_modules/ora/node_modules/ansi-regex
6066 silly ADD node_modules/ora/node_modules/color-name
6067 silly ADD node_modules/ora/node_modules/color-convert
6068 silly ADD node_modules/ora/node_modules/supports-color
6069 silly ADD node_modules/ora/node_modules/escape-string-regexp
6070 silly ADD node_modules/ora/node_modules/ansi-styles
6071 silly ADD node_modules/ora/node_modules/strip-ansi
6072 silly ADD node_modules/ora/node_modules/chalk
6073 silly ADD node_modules/npm-package-arg
6074 silly ADD node_modules/node-forge
6075 silly ADD node_modules/multitars
6076 silly ADD node_modules/lan-network
6077 silly ADD node_modules/fetch-nodeshim
6078 silly ADD node_modules/dnssd-advertise
6079 silly ADD node_modules/compression
6080 silly ADD node_modules/compression/node_modules/ms
6081 silly ADD node_modules/compression/node_modules/negotiator
6082 silly ADD node_modules/compression/node_modules/debug
6083 silly ADD node_modules/agent-cli-detector
6084 silly ADD node_modules/@expo/xcpretty
6085 silly ADD node_modules/@expo/prebuild-config
6086 silly ADD node_modules/@expo/package-manager
6087 silly ADD node_modules/@expo/osascript
6088 silly ADD node_modules/@expo/metro-file-map
6089 silly ADD node_modules/@expo/inline-modules
6090 silly ADD node_modules/@expo/devcert
6091 silly ADD node_modules/@expo/devcert/node_modules/debug
6092 silly ADD node_modules/@expo/code-signing-certificates
6093 silly ADD node_modules/is-fullwidth-code-point
6094 silly ADD node_modules/emoji-regex
6095 silly ADD node_modules/wrap-ansi
6096 silly ADD node_modules/strip-ansi
6097 silly ADD node_modules/yargs-parser
6098 silly ADD node_modules/y18n
6099 silly ADD node_modules/string-width
6100 silly ADD node_modules/require-directory
6101 silly ADD node_modules/get-caller-file
6102 silly ADD node_modules/cliui
6103 silly ADD node_modules/sax
6104 silly ADD node_modules/big-integer
6105 silly ADD node_modules/stream-buffers
6106 silly ADD node_modules/plist
6107 silly ADD node_modules/plist/node_modules/@xmldom/xmldom
6108 silly ADD node_modules/bplist-parser
6109 silly ADD node_modules/bplist-creator
6110 silly ADD node_modules/uuid
6111 silly ADD node_modules/simple-plist
6112 silly ADD node_modules/isexe
6113 silly ADD node_modules/webidl-conversions
6114 silly ADD node_modules/tr46
6115 silly ADD node_modules/tmpl
6116 silly ADD node_modules/makeerror
6117 silly ADD node_modules/detect-node-es
6118 silly ADD node_modules/get-nonce
6119 silly ADD node_modules/use-sidecar
6120 silly ADD node_modules/use-callback-ref
6121 silly ADD node_modules/react-style-singleton
6122 silly ADD node_modules/react-remove-scroll-bar
6123 silly ADD node_modules/tslib
6124 silly ADD node_modules/react-remove-scroll
6125 silly ADD node_modules/aria-hidden
6126 silly ADD node_modules/@radix-ui/react-portal
6127 silly ADD node_modules/@radix-ui/react-focus-scope
6128 silly ADD node_modules/@radix-ui/react-focus-guards
6129 silly ADD node_modules/@radix-ui/react-dismissable-layer
6130 silly ADD node_modules/@radix-ui/react-dialog
6131 silly ADD node_modules/escalade
6132 silly ADD node_modules/unicode-property-aliases-ecmascript
6133 silly ADD node_modules/unicode-canonical-property-names-ecmascript
6134 silly ADD node_modules/is-number
6135 silly ADD node_modules/fdir
6136 silly ADD node_modules/buffer-from
6137 silly ADD node_modules/source-map-support
6138 silly ADD node_modules/source-map-support/node_modules/source-map
6139 silly ADD node_modules/acorn
6140 silly ADD node_modules/@jridgewell/source-map
6141 silly ADD node_modules/has-flag
6142 silly ADD node_modules/min-indent
6143 silly ADD node_modules/type-fest
6144 silly ADD node_modules/is-arrayish
6145 silly ADD node_modules/shebang-regex
6146 silly ADD node_modules/toidentifier
6147 silly ADD node_modules/setprototypeof
6148 silly ADD node_modules/range-parser
6149 silly ADD node_modules/mime
6150 silly ADD node_modules/http-errors
6151 silly ADD node_modules/http-errors/node_modules/statuses
6152 silly ADD node_modules/fresh
6153 silly ADD node_modules/etag
6154 silly ADD node_modules/destroy
6155 silly ADD node_modules/depd
6156 silly ADD node_modules/send
6157 silly ADD node_modules/send/node_modules/statuses
6158 silly ADD node_modules/send/node_modules/on-finished
6159 silly ADD node_modules/send/node_modules/encodeurl
6160 silly ADD node_modules/send/node_modules/debug
6161 silly ADD node_modules/send/node_modules/debug/node_modules/ms
6162 silly ADD node_modules/supports-preserve-symlinks-flag
6163 silly ADD node_modules/path-parse
6164 silly ADD node_modules/is-core-module
6165 silly ADD node_modules/unicode-match-property-value-ecmascript
6166 silly ADD node_modules/unicode-match-property-ecmascript
6167 silly ADD node_modules/regjsparser
6168 silly ADD node_modules/regjsgen
6169 silly ADD node_modules/regenerate-unicode-properties
6170 silly ADD node_modules/regenerate
6171 silly ADD node_modules/strip-indent
6172 silly ADD node_modules/indent-string
6173 silly ADD node_modules/@babel/plugin-transform-template-literals
6174 silly ADD node_modules/@babel/plugin-transform-shorthand-properties
6175 silly ADD node_modules/@babel/plugin-transform-arrow-functions
6176 silly ADD node_modules/whatwg-url
6177 silly ADD node_modules/hyphenate-style-name
6178 silly ADD node_modules/css-in-js-utils
6179 silly ADD node_modules/node-fetch
6180 silly ADD node_modules/setimmediate
6181 silly ADD node_modules/object-assign
6182 silly ADD node_modules/fbjs-css-vars
6183 silly ADD node_modules/cross-fetch
6184 silly ADD node_modules/styleq
6185 silly ADD node_modules/postcss-value-parser
6186 silly ADD node_modules/inline-style-prefixer
6187 silly ADD node_modules/fbjs
6188 silly ADD node_modules/fbjs/node_modules/ua-parser-js
6189 silly ADD node_modules/fbjs/node_modules/promise
6190 silly ADD node_modules/entities
6191 silly ADD node_modules/dom-serializer
6192 silly ADD node_modules/domelementtype
6193 silly ADD node_modules/mdn-data
6194 silly ADD node_modules/nth-check
6195 silly ADD node_modules/domutils
6196 silly ADD node_modules/domhandler
6197 silly ADD node_modules/css-what
6198 silly ADD node_modules/boolbase
6199 silly ADD node_modules/css-tree
6200 silly ADD node_modules/css-tree/node_modules/source-map
6201 silly ADD node_modules/css-select
6202 silly ADD node_modules/warn-once
6203 silly ADD node_modules/react-freeze
6204 silly ADD node_modules/react-native-is-edge-to-edge
6205 silly ADD node_modules/@callstack/react-theme-provider
6206 silly ADD node_modules/@callstack/react-theme-provider/node_modules/deepmerge
6207 silly ADD node_modules/@types/hammerjs
6208 silly ADD node_modules/hoist-non-react-statics
6209 silly ADD node_modules/hoist-non-react-statics/node_modules/react-is
6210 silly ADD node_modules/@types/react-test-renderer
6211 silly ADD node_modules/@egjs/hammerjs
6212 silly ADD node_modules/use-latest-callback
6213 silly ADD node_modules/shell-quote
6214 silly ADD node_modules/asap
6215 silly ADD node_modules/yaml
6216 silly ADD node_modules/marky
6217 silly ADD node_modules/is-docker
6218 silly ADD node_modules/mkdirp
6219 silly ADD node_modules/lighthouse-logger
6220 silly ADD node_modules/lighthouse-logger/node_modules/ms
6221 silly ADD node_modules/lighthouse-logger/node_modules/debug
6222 silly ADD node_modules/is-wsl
6223 silly ADD node_modules/event-target-shim
6224 silly ADD node_modules/@react-native/codegen
6225 silly ADD node_modules/@react-native/codegen/node_modules/hermes-estree
6226 silly ADD node_modules/@react-native/codegen/node_modules/hermes-parser
6227 silly ADD node_modules/@react-native/babel-plugin-codegen
6228 silly ADD node_modules/@babel/plugin-transform-regenerator
6229 silly ADD node_modules/@babel/plugin-transform-react-jsx-source
6230 silly ADD node_modules/@babel/plugin-transform-react-jsx-self
6231 silly ADD node_modules/@react-native/babel-preset
6232 silly ADD node_modules/@react-native/babel-preset/node_modules/hermes-estree
6233 silly ADD node_modules/@react-native/babel-preset/node_modules/hermes-parser
6234 silly ADD node_modules/@react-native/babel-preset/node_modules/babel-plugin-syntax-hermes-parser
6235 silly ADD node_modules/@react-native/metro-babel-transformer
6236 silly ADD node_modules/@react-native/metro-babel-transformer/node_modules/hermes-estree
6237 silly ADD node_modules/@react-native/metro-babel-transformer/node_modules/hermes-parser
6238 silly ADD node_modules/fb-dotslash
6239 silly ADD node_modules/serve-static
6240 silly ADD node_modules/serve-static/node_modules/encodeurl
6241 silly ADD node_modules/open
6242 silly ADD node_modules/chromium-edge-launcher
6243 silly ADD node_modules/chrome-launcher
6244 silly ADD node_modules/@react-native/debugger-shell
6245 silly ADD node_modules/@react-native/debugger-frontend
6246 silly ADD node_modules/@isaacs/ttlcache
6247 silly ADD node_modules/metro-config
6248 silly ADD node_modules/@react-native/dev-middleware
6249 silly ADD node_modules/regenerator-runtime
6250 silly ADD node_modules/react-devtools-core
6251 silly ADD node_modules/promise
6252 silly ADD node_modules/metro-runtime
6253 silly ADD node_modules/memoize-one
6254 silly ADD node_modules/hermes-compiler
6255 silly ADD node_modules/ansi-regex
6256 silly ADD node_modules/abort-controller
6257 silly ADD node_modules/@react-native/virtualized-lists
6258 silly ADD node_modules/@react-native/js-polyfills
6259 silly ADD node_modules/@react-native/gradle-plugin
6260 silly ADD node_modules/@react-native/metro-config
6261 silly ADD node_modules/@react-native/community-cli-plugin
6262 silly ADD node_modules/@react-native/assets-registry
6263 silly ADD node_modules/scheduler
6264 silly ADD node_modules/inherits
6265 silly ADD node_modules/strict-uri-encode
6266 silly ADD node_modules/split-on-first
6267 silly ADD node_modules/filter-obj
6268 silly ADD node_modules/decode-uri-component
6269 silly ADD node_modules/source-map-js
6270 silly ADD node_modules/pngjs
6271 silly ADD node_modules/ee-first
6272 silly ADD node_modules/balanced-match
6273 silly ADD node_modules/brace-expansion
6274 silly ADD node_modules/mime-db
6275 silly ADD node_modules/to-regex-range
6276 silly ADD node_modules/fill-range
6277 silly ADD node_modules/braces
6278 silly ADD node_modules/vlq
6279 silly ADD node_modules/ob1
6280 silly ADD node_modules/terser
6281 silly ADD node_modules/terser/node_modules/commander
6282 silly ADD node_modules/node-int64
6283 silly ADD node_modules/bser
6284 silly ADD node_modules/walker
6285 silly ADD node_modules/micromatch
6286 silly ADD node_modules/micromatch/node_modules/picomatch
6287 silly ADD node_modules/fb-watchman
6288 silly ADD node_modules/leven
6289 silly ADD node_modules/jest-get-type
6290 silly ADD node_modules/camelcase
6291 silly ADD node_modules/jest-validate
6292 silly ADD node_modules/exponential-backoff
6293 silly ADD node_modules/@types/yargs-parser
6294 silly ADD node_modules/@types/istanbul-lib-report
6295 silly ADD node_modules/@sinclair/typebox
6296 silly ADD node_modules/@types/yargs
6297 silly ADD node_modules/@types/istanbul-reports
6298 silly ADD node_modules/@types/istanbul-lib-coverage
6299 silly ADD node_modules/@jest/schemas
6300 silly ADD node_modules/@jest/types
6301 silly ADD node_modules/undici-types
6302 silly ADD node_modules/merge-stream
6303 silly ADD node_modules/jest-util
6304 silly ADD node_modules/jest-util/node_modules/picomatch
6305 silly ADD node_modules/jest-util/node_modules/ci-info
6306 silly ADD node_modules/@types/node
6307 silly ADD node_modules/queue
6308 silly ADD node_modules/unpipe
6309 silly ADD node_modules/statuses
6310 silly ADD node_modules/on-finished
6311 silly ADD node_modules/escape-html
6312 silly ADD node_modules/encodeurl
6313 silly ADD node_modules/stackframe
6314 silly ADD node_modules/utils-merge
6315 silly ADD node_modules/parseurl
6316 silly ADD node_modules/finalhandler
6317 silly ADD node_modules/finalhandler/node_modules/ms
6318 silly ADD node_modules/finalhandler/node_modules/debug
6319 silly ADD node_modules/negotiator
6320 silly ADD node_modules/ws
6321 silly ADD node_modules/throat
6322 silly ADD node_modules/source-map
6323 silly ADD node_modules/serialize-error
6324 silly ADD node_modules/lodash.throttle
6325 silly ADD node_modules/jest-worker
6326 silly ADD node_modules/jest-worker/node_modules/supports-color
6327 silly ADD node_modules/image-size
6328 silly ADD node_modules/graceful-fs
6329 silly ADD node_modules/flow-enums-runtime
6330 silly ADD node_modules/error-stack-parser
6331 silly ADD node_modules/connect
6332 silly ADD node_modules/connect/node_modules/ms
6333 silly ADD node_modules/connect/node_modules/debug
6334 silly ADD node_modules/ci-info
6335 silly ADD node_modules/accepts
6336 silly ADD node_modules/accepts/node_modules/mime-db
6337 silly ADD node_modules/accepts/node_modules/mime-types
6338 silly ADD node_modules/yallist
6339 silly ADD node_modules/lightningcss-linux-x64-gnu
6340 silly ADD node_modules/detect-libc
6341 silly ADD node_modules/loose-envify
6342 silly ADD node_modules/agent-base
6343 silly ADD node_modules/hermes-estree
6344 silly ADD node_modules/path-scurry
6345 silly ADD node_modules/path-scurry/node_modules/lru-cache
6346 silly ADD node_modules/minipass
6347 silly ADD node_modules/dunder-proto
6348 silly ADD node_modules/math-intrinsics
6349 silly ADD node_modules/has-symbols
6350 silly ADD node_modules/gopd
6351 silly ADD node_modules/get-proto
6352 silly ADD node_modules/function-bind
6353 silly ADD node_modules/es-object-atoms
6354 silly ADD node_modules/es-define-property
6355 silly ADD node_modules/call-bind-apply-helpers
6356 silly ADD node_modules/has-tostringtag
6357 silly ADD node_modules/get-intrinsic
6358 silly ADD node_modules/es-errors
6359 silly ADD node_modules/delayed-stream
6360 silly ADD node_modules/mime-types
6361 silly ADD node_modules/hasown
6362 silly ADD node_modules/es-set-tostringtag
6363 silly ADD node_modules/combined-stream
6364 silly ADD node_modules/asynckit
6365 silly ADD node_modules/@react-native/normalize-colors
6366 silly ADD node_modules/@expo-google-fonts/material-symbols
6367 silly ADD node_modules/simple-swizzle
6368 silly ADD node_modules/color-string
6369 silly ADD node_modules/dequal
6370 silly ADD node_modules/redent
6371 silly ADD node_modules/css.escape
6372 silly ADD node_modules/@adobe/css-tools
6373 silly ADD node_modules/lz-string
6374 silly ADD node_modules/dom-accessibility-api
6375 silly ADD node_modules/aria-query
6376 silly ADD node_modules/@types/aria-query
6377 silly ADD node_modules/@radix-ui/react-use-effect-event
6378 silly ADD node_modules/@radix-ui/react-use-is-hydrated
6379 silly ADD node_modules/@radix-ui/react-use-callback-ref
6380 silly ADD node_modules/@radix-ui/react-collection
6381 silly ADD node_modules/@radix-ui/react-use-layout-effect
6382 silly ADD node_modules/@radix-ui/react-use-controllable-state
6383 silly ADD node_modules/@radix-ui/react-roving-focus
6384 silly ADD node_modules/@radix-ui/react-primitive
6385 silly ADD node_modules/@radix-ui/react-presence
6386 silly ADD node_modules/@radix-ui/react-id
6387 silly ADD node_modules/@radix-ui/react-direction
6388 silly ADD node_modules/@radix-ui/react-context
6389 silly ADD node_modules/@radix-ui/primitive
6390 silly ADD node_modules/@radix-ui/react-compose-refs
6391 silly ADD node_modules/whatwg-fetch
6392 silly ADD node_modules/standard-navigation
6393 silly ADD node_modules/shallowequal
6394 silly ADD node_modules/server-only
6395 silly ADD node_modules/react-native-drawer-layout
6396 silly ADD node_modules/react-is
6397 silly ADD node_modules/react-fast-compare
6398 silly ADD node_modules/query-string
6399 silly ADD node_modules/nanoid
6400 silly ADD node_modules/fast-deep-equal
6401 silly ADD node_modules/expo-server
6402 silly ADD node_modules/escape-string-regexp
6403 silly ADD node_modules/color
6404 silly ADD node_modules/client-only
6405 silly ADD node_modules/@testing-library/dom
6406 silly ADD node_modules/@testing-library/dom/node_modules/react-is
6407 silly ADD node_modules/@testing-library/dom/node_modules/ansi-styles
6408 silly ADD node_modules/@testing-library/dom/node_modules/pretty-format
6409 silly ADD node_modules/@testing-library/user-event
6410 silly ADD node_modules/@testing-library/jest-dom
6411 silly ADD node_modules/@testing-library/jest-dom/node_modules/dom-accessibility-api
6412 silly ADD node_modules/@react-native-masked-view/masked-view
6413 silly ADD node_modules/@radix-ui/react-tabs
6414 silly ADD node_modules/@radix-ui/react-slot
6415 silly ADD node_modules/@expo/schema-utils
6416 silly ADD node_modules/@expo/metro-runtime
6417 silly ADD node_modules/expo-modules-jsi
6418 silly ADD node_modules/@expo/expo-modules-macros-plugin
6419 silly ADD node_modules/commander
6420 silly ADD node_modules/fontfaceobserver
6421 silly ADD node_modules/ua-parser-js
6422 silly ADD node_modules/parse-png
6423 silly ADD node_modules/jimp-compact
6424 silly ADD node_modules/@expo/image-utils
6425 silly ADD node_modules/which
6426 silly ADD node_modules/shebang-command
6427 silly ADD node_modules/path-key
6428 silly ADD node_modules/color-name
6429 silly ADD node_modules/color-convert
6430 silly ADD node_modules/supports-color
6431 silly ADD node_modules/ansi-styles
6432 silly ADD node_modules/@babel/plugin-syntax-decorators
6433 silly ADD node_modules/babel-plugin-react-native-web
6434 silly ADD node_modules/babel-plugin-react-compiler
6435 silly ADD node_modules/@babel/preset-typescript
6436 silly ADD node_modules/@babel/plugin-transform-react-pure-annotations
6437 silly ADD node_modules/@babel/plugin-transform-react-jsx-development
6438 silly ADD node_modules/@babel/plugin-transform-parameters
6439 silly ADD node_modules/@babel/plugin-transform-object-rest-spread
6440 silly ADD node_modules/@babel/plugin-transform-logical-assignment-operators
6441 silly ADD node_modules/@babel/plugin-transform-export-namespace-from
6442 silly ADD node_modules/@babel/plugin-transform-class-static-block
6443 silly ADD node_modules/@babel/plugin-proposal-decorators
6444 silly ADD node_modules/cross-spawn
6445 silly ADD node_modules/xmlbuilder
6446 silly ADD node_modules/base64-js
6447 silly ADD node_modules/@xmldom/xmldom
6448 silly ADD node_modules/postcss
6449 silly ADD node_modules/picomatch
6450 silly ADD node_modules/lightningcss
6451 silly ADD node_modules/jsc-safe-url
6452 silly ADD node_modules/metro-transform-worker
6453 silly ADD node_modules/metro-transform-plugins
6454 silly ADD node_modules/metro-symbolicate
6455 silly ADD node_modules/metro-source-map
6456 silly ADD node_modules/metro-resolver
6457 silly ADD node_modules/metro-minify-terser
6458 silly ADD node_modules/metro-file-map
6459 silly ADD node_modules/metro-core
6460 silly ADD node_modules/metro-cache-key
6461 silly ADD node_modules/metro-cache
6462 silly ADD node_modules/metro-cache/node_modules/agent-base
6463 silly ADD node_modules/metro-cache/node_modules/https-proxy-agent
6464 silly ADD node_modules/metro-babel-transformer
6465 silly ADD node_modules/metro-babel-transformer/node_modules/hermes-estree
6466 silly ADD node_modules/metro-babel-transformer/node_modules/hermes-parser
6467 silly ADD node_modules/metro
6468 silly ADD node_modules/metro/node_modules/mime-db
6469 silly ADD node_modules/metro/node_modules/hermes-estree
6470 silly ADD node_modules/metro/node_modules/mime-types
6471 silly ADD node_modules/metro/node_modules/hermes-parser
6472 silly ADD node_modules/stacktrace-parser
6473 silly ADD node_modules/anser
6474 silly ADD node_modules/resolve-from
6475 silly ADD node_modules/minimatch
6476 silly ADD node_modules/ignore
6477 silly ADD node_modules/arg
6478 silly ADD node_modules/@expo/spawn-async
6479 silly ADD node_modules/@expo/env
6480 silly ADD node_modules/xml2js
6481 silly ADD node_modules/xml2js/node_modules/xmlbuilder
6482 silly ADD node_modules/xcode
6483 silly ADD node_modules/chalk
6484 silly ADD node_modules/@expo/sdk-runtime-versions
6485 silly ADD node_modules/@expo/plist
6486 silly ADD node_modules/slugify
6487 silly ADD node_modules/resolve-workspace-root
6488 silly ADD node_modules/glob
6489 silly ADD node_modules/getenv
6490 silly ADD node_modules/deepmerge
6491 silly ADD node_modules/@expo/require-utils
6492 silly ADD node_modules/@expo/json-file
6493 silly ADD node_modules/@expo/config-types
6494 silly ADD node_modules/whatwg-url-minimum
6495 silly ADD node_modules/pretty-format
6496 silly ADD node_modules/pretty-format/node_modules/react-is
6497 silly ADD node_modules/pretty-format/node_modules/ansi-styles
6498 silly ADD node_modules/expo-modules-core
6499 silly ADD node_modules/expo-modules-autolinking
6500 silly ADD node_modules/expo-keep-awake
6501 silly ADD node_modules/expo-file-system
6502 silly ADD node_modules/expo-asset
6503 silly ADD node_modules/babel-preset-expo
6504 silly ADD node_modules/@ungap/structured-clone
6505 silly ADD node_modules/@expo/metro-config
6506 silly ADD node_modules/@expo/metro
6507 silly ADD node_modules/@expo/log-box
6508 silly ADD node_modules/@expo/local-build-cache-provider
6509 silly ADD node_modules/@expo/fingerprint
6510 silly ADD node_modules/@expo/dom-webview
6511 silly ADD node_modules/@expo/devtools
6512 silly ADD node_modules/@expo/config-plugins
6513 silly ADD node_modules/@expo/config
6514 silly ADD node_modules/@babel/runtime
6515 silly ADD node_modules/ms
6516 silly ADD node_modules/update-browserslist-db
6517 silly ADD node_modules/node-releases
6518 silly ADD node_modules/electron-to-chromium
6519 silly ADD node_modules/caniuse-lite
6520 silly ADD node_modules/baseline-browser-mapping
6521 silly ADD node_modules/core-js-compat
6522 silly ADD node_modules/resolve
6523 silly ADD node_modules/lodash.debounce
6524 silly ADD node_modules/@babel/helper-define-polyfill-provider
6525 silly ADD node_modules/proxy-from-env
6526 silly ADD node_modules/https-proxy-agent
6527 silly ADD node_modules/form-data
6528 silly ADD node_modules/follow-redirects
6529 silly ADD node_modules/csstype
6530 silly ADD node_modules/yargs
6531 silly ADD node_modules/tinyglobby
6532 silly ADD node_modules/invariant
6533 silly ADD node_modules/@jridgewell/resolve-uri
6534 silly ADD node_modules/@jridgewell/sourcemap-codec
6535 silly ADD node_modules/@babel/helper-string-parser
6536 silly ADD node_modules/@babel/plugin-syntax-typescript
6537 silly ADD node_modules/babel-plugin-polyfill-regenerator
6538 silly ADD node_modules/babel-plugin-polyfill-corejs3
6539 silly ADD node_modules/babel-plugin-polyfill-corejs2
6540 silly ADD node_modules/babel-plugin-polyfill-corejs2/node_modules/semver
6541 silly ADD node_modules/@babel/plugin-syntax-jsx
6542 silly ADD node_modules/regexpu-core
6543 silly ADD node_modules/@babel/helper-create-regexp-features-plugin
6544 silly ADD node_modules/@babel/helper-create-regexp-features-plugin/node_modules/semver
6545 silly ADD node_modules/@babel/plugin-syntax-flow
6546 silly ADD node_modules/@babel/helper-globals
6547 silly ADD node_modules/@babel/helper-skip-transparent-expression-wrappers
6548 silly ADD node_modules/@babel/helper-replace-supers
6549 silly ADD node_modules/@babel/helper-optimise-call-expression
6550 silly ADD node_modules/@babel/helper-member-expression-to-functions
6551 silly ADD node_modules/@babel/helper-create-class-features-plugin
6552 silly ADD node_modules/@babel/helper-create-class-features-plugin/node_modules/semver
6553 silly ADD node_modules/@babel/helper-wrap-function
6554 silly ADD node_modules/@babel/helper-annotate-as-pure
6555 silly ADD node_modules/@babel/helper-remap-async-to-generator
6556 silly ADD node_modules/@babel/helper-plugin-utils
6557 silly ADD node_modules/@babel/helper-module-imports
6558 silly ADD node_modules/lru-cache
6559 silly ADD node_modules/browserslist
6560 silly ADD node_modules/@babel/helper-validator-option
6561 silly ADD node_modules/@babel/compat-data
6562 silly ADD node_modules/jsesc
6563 silly ADD node_modules/@jridgewell/trace-mapping
6564 silly ADD node_modules/@jridgewell/gen-mapping
6565 silly ADD node_modules/picocolors
6566 silly ADD node_modules/js-tokens
6567 silly ADD node_modules/@babel/helper-validator-identifier
6568 silly ADD node_modules/debug
6569 silly ADD node_modules/@jridgewell/remapping
6570 silly ADD node_modules/@babel/types
6571 silly ADD node_modules/@babel/traverse
6572 silly ADD node_modules/@babel/template
6573 silly ADD node_modules/@babel/parser
6574 silly ADD node_modules/@babel/helpers
6575 silly ADD node_modules/@babel/helper-module-transforms
6576 silly ADD node_modules/@babel/helper-compilation-targets
6577 silly ADD node_modules/@babel/helper-compilation-targets/node_modules/semver
6578 silly ADD node_modules/@babel/generator
6579 silly ADD node_modules/@babel/code-frame
6580 silly ADD node_modules/react-refresh
6581 silly ADD node_modules/babel-plugin-transform-flow-enums
6582 silly ADD node_modules/babel-plugin-syntax-hermes-parser
6583 silly ADD node_modules/@babel/plugin-transform-unicode-regex
6584 silly ADD node_modules/@babel/plugin-transform-typescript
6585 silly ADD node_modules/@babel/plugin-transform-runtime
6586 silly ADD node_modules/@babel/plugin-transform-runtime/node_modules/semver
6587 silly ADD node_modules/@babel/plugin-transform-react-jsx
6588 silly ADD node_modules/@babel/plugin-transform-react-display-name
6589 silly ADD node_modules/@babel/plugin-transform-private-property-in-object
6590 silly ADD node_modules/@babel/plugin-transform-private-methods
6591 silly ADD node_modules/@babel/plugin-transform-optional-chaining
6592 silly ADD node_modules/@babel/plugin-transform-optional-catch-binding
6593 silly ADD node_modules/@babel/plugin-transform-nullish-coalescing-operator
6594 silly ADD node_modules/@babel/plugin-transform-named-capturing-groups-regex
6595 silly ADD node_modules/@babel/plugin-transform-modules-commonjs
6596 silly ADD node_modules/@babel/plugin-transform-for-of
6597 silly ADD node_modules/@babel/plugin-transform-flow-strip-types
6598 silly ADD node_modules/@babel/plugin-transform-destructuring
6599 silly ADD node_modules/@babel/plugin-transform-classes
6600 silly ADD node_modules/@babel/plugin-transform-class-properties
6601 silly ADD node_modules/@babel/plugin-transform-block-scoping
6602 silly ADD node_modules/@babel/plugin-transform-async-to-generator
6603 silly ADD node_modules/@babel/plugin-transform-async-generator-functions
6604 silly ADD node_modules/@babel/plugin-syntax-optional-chaining
6605 silly ADD node_modules/@babel/plugin-syntax-nullish-coalescing-operator
6606 silly ADD node_modules/@babel/plugin-syntax-export-default-from
6607 silly ADD node_modules/@babel/plugin-syntax-dynamic-import
6608 silly ADD node_modules/@babel/core
6609 silly ADD node_modules/@babel/core/node_modules/semver
6610 silly ADD node_modules/@babel/plugin-proposal-export-default-from
6611 silly ADD node_modules/nullthrows
6612 silly ADD node_modules/hermes-parser
6613 silly ADD node_modules/idb
6614 silly ADD node_modules/@standard-schema/utils
6615 silly ADD node_modules/vaul
6616 silly ADD node_modules/sf-symbols-typescript
6617 silly ADD node_modules/semver
6618 silly ADD node_modules/json5
6619 silly ADD node_modules/gensync
6620 silly ADD node_modules/convert-source-map
6621 silly ADD node_modules/zustand
6622 silly ADD node_modules/zod
6623 silly ADD node_modules/typescript
6624 silly ADD node_modules/react-native-web
6625 silly ADD node_modules/react-native-web/node_modules/memoize-one
6626 silly ADD node_modules/react-native-web/node_modules/@react-native/normalize-colors
6627 silly ADD node_modules/react-native-screens
6628 silly ADD node_modules/react-native-worklets
6629 silly ADD node_modules/react-native-reanimated
6630 silly ADD node_modules/react-native-paper
6631 silly ADD node_modules/react-native-paper/node_modules/color-name
6632 silly ADD node_modules/react-native-paper/node_modules/color-convert
6633 silly ADD node_modules/react-native-paper/node_modules/color
6634 silly ADD node_modules/react-native-gesture-handler
6635 silly ADD node_modules/react-dom
6636 silly ADD node_modules/react-native-svg
6637 silly ADD node_modules/lucide-react-native
6638 silly ADD node_modules/expo-web-browser
6639 silly ADD node_modules/expo-system-ui
6640 silly ADD node_modules/expo-symbols
6641 silly ADD node_modules/expo-status-bar
6642 silly ADD node_modules/expo-splash-screen
6643 silly ADD node_modules/expo-sharing
6644 silly ADD node_modules/react-native-safe-area-context
6645 silly ADD node_modules/expo-router
6646 silly ADD node_modules/expo-print
6647 silly ADD node_modules/expo-linking
6648 silly ADD node_modules/expo-image
6649 silly ADD node_modules/expo-glass-effect
6650 silly ADD node_modules/expo-font
6651 silly ADD node_modules/expo-device
6652 silly ADD node_modules/expo-constants
6653 silly ADD node_modules/axios
6654 silly ADD node_modules/@types/react
6655 silly ADD node_modules/@react-native-async-storage/async-storage
6656 silly ADD node_modules/react-hook-form
6657 silly ADD node_modules/@hookform/resolvers
6658 silly ADD node_modules/react-native
6659 silly ADD node_modules/react-native/node_modules/hermes-estree
6660 silly ADD node_modules/react-native/node_modules/hermes-parser
6661 silly ADD node_modules/react-native/node_modules/commander
6662 silly ADD node_modules/react-native/node_modules/babel-plugin-syntax-hermes-parser
6663 silly ADD node_modules/react
6664 silly ADD node_modules/expo
6665 silly ADD node_modules/expo/node_modules/negotiator
6666 silly ADD node_modules/expo/node_modules/zod
6667 silly ADD node_modules/expo/node_modules/ci-info
6668 silly ADD node_modules/expo/node_modules/accepts
6669 silly ADD node_modules/expo/node_modules/ws
6670 silly ADD node_modules/expo/node_modules/@expo/ws-tunnel
6671 silly ADD node_modules/expo/node_modules/@expo/cli
6672 silly ADD node_modules/expo/node_modules/@expo/cli/node_modules/@expo/router-server
6673 silly ADD node_modules/@expo/ui
6674 verbose cwd /home/jermeine/Documentos/UI/sorteo-app
6675 verbose os Linux 6.12.101+deb13-amd64
6676 verbose node v24.18.0
6677 verbose npm  v11.16.0
6678 notice
6678 notice New [31mmajor[39m version of npm available! [31m11.16.0[39m -> [34m12.0.2[39m
6678 notice Changelog: [34mhttps://github.com/npm/cli/releases/tag/v12.0.2[39m
6678 notice To update run: [4mnpm install -g npm@12.0.2[24m
6678 notice  { force: true, Symbol(proc-log.meta): true }
6679 verbose exit 0
6680 info ok
